Date,BDI_Price,Capesize_Price,Brent_Close,Brent_High,Brent_Low,Brent_Open,Brent_Volume,DXY_Close,DXY_High,DXY_Low,DXY_Open,DXY_Volume
2017-01-02,1.5730568085376732e+16,1945.1742024876612,52.31999969482422,52.31999969482422,52.31999969482422,52.31999969482422,43495.0,92.80999755859376,92.93000030517578,92.0999984741211,92.61000061035156,0.0
2017-01-03,7053698247028824.0,2098.289693128598,52.31999969482422,52.31999969482422,52.31999969482422,52.31999969482422,43495.0,92.80999755859376,92.93000030517578,92.0999984741211,92.61000061035156,0.0
2017-01-04,1847803806299298.0,1999.1841087588,52.31999969482422,52.31999969482422,52.31999969482422,52.31999969482422,43495.0,92.80999755859376,92.93000030517578,92.0999984741211,92.61000061035156,0.0
2017-01-05,1.6999990417289598e+16,1131.036161771894,52.31999969482422,52.31999969482422,52.31999969482422,52.31999969482422,43495.0,92.80999755859376,92.93000030517578,92.0999984741211,92.61000061035156,0.0
2017-01-06,1.5524551335399728e+16,1787.9852447059247,52.31999969482422,52.31999969482422,52.31999969482422,52.31999969482422,43495.0,92.80999755859376,92.93000030517578,92.0999984741211,92.61000061035156,0.0
2017-01-09,1.6006271483356302e+16,2275.765658108317,52.31999969482422,52.31999969482422,52.31999969482422,52.31999969482422,43495.0,92.80999755859376,92.93000030517578,92.0999984741211,92.61000061035156,0.0
2017-01-10,8343498746716458.0,1608.8002577180644,52.31999969482422,52.31999969482422,52.31999969482422,52.31999969482422,43495.0,92.80999755859376,92.93000030517578,92.0999984741211,92.61000061035156,0.0
2017-01-11,8740106102671762.0,1016.3538010084812,52.31999969482422,52.31999969482422,52.31999969482422,52.31999969482422,43495.0,92.80999755859376,92.93000030517578,92.0999984741211,92.61000061035156,0.0
2017-01-12,1848896991159308.0,2990.735390956767,52.31999969482422,52.31999969482422,52.31999969482422,52.31999969482422,43495.0,92.80999755859376,92.93000030517578,92.0999984741211,92.61000061035156,0.0
2017-01-13,5834423380495635.0,1856.494876405632,52.31999969482422,52.31999969482422,52.31999969482422,52.31999969482422,43495.0,92.80999755859376,92.93000030517578,92.0999984741211,92.61000061035156,0.0
2017-01-16,1.3148398594911876e+16,2771.201542323611,52.31999969482422,52.31999969482422,52.31999969482422,52.31999969482422,43495.0,92.80999755859376,92.93000030517578,92.0999984741211,92.61000061035156,0.0
2017-01-17,1532535687874925.0,2440.3843603055557,52.31999969482422,52.31999969482422,52.31999969482422,52.31999969482422,43495.0,92.80999755859376,92.93000030517578,92.0999984741211,92.61000061035156,0.0
2017-01-18,1.0707950910090274e+16,1331.3881248689788,52.31999969482422,52.31999969482422,52.31999969482422,52.31999969482422,43495.0,92.80999755859376,92.93000030517578,92.0999984741211,92.61000061035156,0.0
2017-01-19,6944586631189154.0,1026.6652056588728,52.31999969482422,52.31999969482422,52.31999969482422,52.31999969482422,43495.0,92.80999755859376,92.93000030517578,92.0999984741211,92.61000061035156,0.0
2017-01-20,1.7662048369417512e+16,1782.1569267745467,52.31999969482422,52.31999969482422,52.31999969482422,52.31999969482422,43495.0,92.80999755859376,92.93000030517578,92.0999984741211,92.61000061035156,0.0
2017-01-23,9794074641830218.0,2253.275297862586,52.31999969482422,52.31999969482422,52.31999969482422,52.31999969482422,43495.0,92.80999755859376,92.93000030517578,92.0999984741211,92.61000061035156,0.0
2017-01-24,1.5045580906829624e+16,2406.647831790924,52.31999969482422,52.31999969482422,52.31999969482422,52.31999969482422,43495.0,92.80999755859376,92.93000030517578,92.0999984741211,92.61000061035156,0.0
2017-01-25,604695700679968.0,2741.746865661321,52.31999969482422,52.31999969482422,52.31999969482422,52.31999969482422,43495.0,92.80999755859376,92.93000030517578,92.0999984741211,92.61000061035156,0.0
2017-01-26,7792101286552138.0,2885.161322181072,52.31999969482422,52.31999969482422,52.31999969482422,52.31999969482422,43495.0,92.80999755859376,92.93000030517578,92.0999984741211,92.61000061035156,0.0
2017-01-27,1.1436376134066024e+16,2103.225073923956,52.31999969482422,52.31999969482422,52.31999969482422,52.31999969482422,43495.0,92.80999755859376,92.93000030517578,92.0999984741211,92.61000061035156,0.0
2017-01-30,8611699230183228.0,2949.0869363584475,52.31999969482422,52.31999969482422,52.31999969482422,52.31999969482422,43495.0,92.80999755859376,92.93000030517578,92.0999984741211,92.61000061035156,0.0
2017-01-31,5714048723364997.0,2672.3115921692047,52.31999969482422,52.31999969482422,52.31999969482422,52.31999969482422,43495.0,92.80999755859376,92.93000030517578,92.0999984741211,92.61000061035156,0.0
2017-02-01,6167582630488328.0,2001.0093035291895,52.31999969482422,52.31999969482422,52.31999969482422,52.31999969482422,43495.0,92.80999755859376,92.93000030517578,92.0999984741211,92.61000061035156,0.0
2017-02-02,1.8007066466238356e+16,1271.732545436231,52.31999969482422,52.31999969482422,52.31999969482422,52.31999969482422,43495.0,92.80999755859376,92.93000030517578,92.0999984741211,92.61000061035156,0.0
2017-02-03,9172274544541600.0,2366.699776116348,52.31999969482422,52.31999969482422,52.31999969482422,52.31999969482422,43495.0,92.80999755859376,92.93000030517578,92.0999984741211,92.61000061035156,0.0
2017-02-06,8674756387683191.0,1235.1268215429666,52.31999969482422,52.31999969482422,52.31999969482422,52.31999969482422,43495.0,92.80999755859376,92.93000030517578,92.0999984741211,92.61000061035156,0.0
2017-02-07,622216865292816.0,1680.7218814120797,52.31999969482422,52.31999969482422,52.31999969482422,52.31999969482422,43495.0,92.80999755859376,92.93000030517578,92.0999984741211,92.61000061035156,0.0
2017-02-08,1.5299574056667584e+16,2624.3243531635917,52.31999969482422,52.31999969482422,52.31999969482422,52.31999969482422,43495.0,92.80999755859376,92.93000030517578,92.0999984741211,92.61000061035156,0.0
2017-02-09,8984294292614513.0,2088.8577989959917,52.31999969482422,52.31999969482422,52.31999969482422,52.31999969482422,43495.0,92.80999755859376,92.93000030517578,92.0999984741211,92.61000061035156,0.0
2017-02-10,1.4010921019784752e+16,1335.9098937114975,52.31999969482422,52.31999969482422,52.31999969482422,52.31999969482422,43495.0,92.80999755859376,92.93000030517578,92.0999984741211,92.61000061035156,0.0
2017-02-13,1.1986788209447002e+16,1716.917413439448,52.31999969482422,52.31999969482422,52.31999969482422,52.31999969482422,43495.0,92.80999755859376,92.93000030517578,92.0999984741211,92.61000061035156,0.0
2017-02-14,1.8272963941455296e+16,1089.1807916000798,52.31999969482422,52.31999969482422,52.31999969482422,52.31999969482422,43495.0,92.80999755859376,92.93000030517578,92.0999984741211,92.61000061035156,0.0
2017-02-15,1.7013031129001506e+16,1758.3513469195416,52.31999969482422,52.31999969482422,52.31999969482422,52.31999969482422,43495.0,92.80999755859376,92.93000030517578,92.0999984741211,92.61000061035156,0.0
2017-02-16,8882844992867001.0,2909.219722355164,52.31999969482422,52.31999969482422,52.31999969482422,52.31999969482422,43495.0,92.80999755859376,92.93000030517578,92.0999984741211,92.61000061035156,0.0
2017-02-17,1200699013927479.0,1008.0298494756267,52.31999969482422,52.31999969482422,52.31999969482422,52.31999969482422,43495.0,92.80999755859376,92.93000030517578,92.0999984741211,92.61000061035156,0.0
2017-02-20,961030706414557.0,2972.438242504314,52.31999969482422,52.31999969482422,52.31999969482422,52.31999969482422,43495.0,92.80999755859376,92.93000030517578,92.0999984741211,92.61000061035156,0.0
2017-02-21,1.5035705685496172e+16,1830.085007245376,52.31999969482422,52.31999969482422,52.31999969482422,52.31999969482422,43495.0,92.80999755859376,92.93000030517578,92.0999984741211,92.61000061035156,0.0
2017-02-22,1946647156627291.0,2309.9770771175995,52.31999969482422,52.31999969482422,52.31999969482422,52.31999969482422,43495.0,92.80999755859376,92.93000030517578,92.0999984741211,92.61000061035156,0.0
2017-02-23,6498491465519979.0,1798.1139957749012,52.31999969482422,52.31999969482422,52.31999969482422,52.31999969482422,43495.0,92.80999755859376,92.93000030517578,92.0999984741211,92.61000061035156,0.0
2017-02-24,1.2279443623452814e+16,2530.870332760607,52.31999969482422,52.31999969482422,52.31999969482422,52.31999969482422,43495.0,92.80999755859376,92.93000030517578,92.0999984741211,92.61000061035156,0.0
2017-02-27,1.3688047375291062e+16,1996.4296810705655,52.31999969482422,52.31999969482422,52.31999969482422,52.31999969482422,43495.0,92.80999755859376,92.93000030517578,92.0999984741211,92.61000061035156,0.0
2017-02-28,5700808744709512.0,2340.4127429419077,52.31999969482422,52.31999969482422,52.31999969482422,52.31999969482422,43495.0,92.80999755859376,92.93000030517578,92.0999984741211,92.61000061035156,0.0
2017-03-01,8993992453862708.0,1469.088947216921,52.31999969482422,52.31999969482422,52.31999969482422,52.31999969482422,43495.0,92.80999755859376,92.93000030517578,92.0999984741211,92.61000061035156,0.0
2017-03-02,6013880100463525.0,2057.176024607548,52.31999969482422,52.31999969482422,52.31999969482422,52.31999969482422,43495.0,92.80999755859376,92.93000030517578,92.0999984741211,92.61000061035156,0.0
2017-03-03,1.2008721936329052e+16,1329.9513960471331,52.31999969482422,52.31999969482422,52.31999969482422,52.31999969482422,43495.0,92.80999755859376,92.93000030517578,92.0999984741211,92.61000061035156,0.0
2017-03-06,1583101193402302.0,1952.3540045511968,52.31999969482422,52.31999969482422,52.31999969482422,52.31999969482422,43495.0,92.80999755859376,92.93000030517578,92.0999984741211,92.61000061035156,0.0
2017-03-07,1895179942964864.0,2980.378585088061,52.31999969482422,52.31999969482422,52.31999969482422,52.31999969482422,43495.0,92.80999755859376,92.93000030517578,92.0999984741211,92.61000061035156,0.0
2017-03-08,1.2410415185384776e+16,2529.774795155521,52.31999969482422,52.31999969482422,52.31999969482422,52.31999969482422,43495.0,92.80999755859376,92.93000030517578,92.0999984741211,92.61000061035156,0.0
2017-03-09,1.4103904846301762e+16,2903.1635934554592,52.31999969482422,52.31999969482422,52.31999969482422,52.31999969482422,43495.0,92.80999755859376,92.93000030517578,92.0999984741211,92.61000061035156,0.0
2017-03-10,1.0412230519844372e+16,2769.0630997281887,52.31999969482422,52.31999969482422,52.31999969482422,52.31999969482422,43495.0,92.80999755859376,92.93000030517578,92.0999984741211,92.61000061035156,0.0
2017-03-13,1.5472915863215364e+16,1807.0545761148103,52.31999969482422,52.31999969482422,52.31999969482422,52.31999969482422,43495.0,92.80999755859376,92.93000030517578,92.0999984741211,92.61000061035156,0.0
2017-03-14,1.5704707981147994e+16,2787.971540326731,52.31999969482422,52.31999969482422,52.31999969482422,52.31999969482422,43495.0,92.80999755859376,92.93000030517578,92.0999984741211,92.61000061035156,0.0
2017-03-15,1.0392355942571256e+16,1413.7424795667082,52.31999969482422,52.31999969482422,52.31999969482422,52.31999969482422,43495.0,92.80999755859376,92.93000030517578,92.0999984741211,92.61000061035156,0.0
2017-03-16,1.6862623072293536e+16,1957.6745288487652,52.31999969482422,52.31999969482422,52.31999969482422,52.31999969482422,43495.0,92.80999755859376,92.93000030517578,92.0999984741211,92.61000061035156,0.0
2017-03-17,1220114832720058.0,2660.077891140246,52.31999969482422,52.31999969482422,52.31999969482422,52.31999969482422,43495.0,92.80999755859376,92.93000030517578,92.0999984741211,92.61000061035156,0.0
2017-03-20,1.6328502740467208e+16,2562.738455077654,52.31999969482422,52.31999969482422,52.31999969482422,52.31999969482422,43495.0,92.80999755859376,92.93000030517578,92.0999984741211,92.61000061035156,0.0
2017-03-21,150937594314787.0,1623.8362970905323,52.31999969482422,52.31999969482422,52.31999969482422,52.31999969482422,43495.0,92.80999755859376,92.93000030517578,92.0999984741211,92.61000061035156,0.0
2017-03-22,8249714671536949.0,2615.422562614584,52.31999969482422,52.31999969482422,52.31999969482422,52.31999969482422,43495.0,92.80999755859376,92.93000030517578,92.0999984741211,92.61000061035156,0.0
2017-03-23,1.7778961914387698e+16,1656.6874800709645,52.31999969482422,52.31999969482422,52.31999969482422,52.31999969482422,43495.0,92.80999755859376,92.93000030517578,92.0999984741211,92.61000061035156,0.0
2017-03-24,7519817608330558.0,1949.7044014793871,52.31999969482422,52.31999969482422,52.31999969482422,52.31999969482422,43495.0,92.80999755859376,92.93000030517578,92.0999984741211,92.61000061035156,0.0
2017-03-27,1.7646204564072846e+16,2711.233014302243,52.31999969482422,52.31999969482422,52.31999969482422,52.31999969482422,43495.0,92.80999755859376,92.93000030517578,92.0999984741211,92.61000061035156,0.0
2017-03-28,1.3818171460698368e+16,1548.431056459491,52.31999969482422,52.31999969482422,52.31999969482422,52.31999969482422,43495.0,92.80999755859376,92.93000030517578,92.0999984741211,92.61000061035156,0.0
2017-03-29,5052365360603386.0,2600.74999289878,52.31999969482422,52.31999969482422,52.31999969482422,52.31999969482422,43495.0,92.80999755859376,92.93000030517578,92.0999984741211,92.61000061035156,0.0
2017-03-30,1.5121224813437072e+16,2385.0080716098514,52.31999969482422,52.31999969482422,52.31999969482422,52.31999969482422,43495.0,92.80999755859376,92.93000030517578,92.0999984741211,92.61000061035156,0.0
2017-03-31,5763952495412807.0,1176.6734358672395,52.31999969482422,52.31999969482422,52.31999969482422,52.31999969482422,43495.0,92.80999755859376,92.93000030517578,92.0999984741211,92.61000061035156,0.0
2017-04-03,1.1566283705316034e+16,2396.986730741956,52.31999969482422,52.31999969482422,52.31999969482422,52.31999969482422,43495.0,92.80999755859376,92.93000030517578,92.0999984741211,92.61000061035156,0.0
2017-04-04,1.6586055699043824e+16,1239.3920614679382,52.31999969482422,52.31999969482422,52.31999969482422,52.31999969482422,43495.0,92.80999755859376,92.93000030517578,92.0999984741211,92.61000061035156,0.0
2017-04-05,5443022962038661.0,2546.6217504106653,52.31999969482422,52.31999969482422,52.31999969482422,52.31999969482422,43495.0,92.80999755859376,92.93000030517578,92.0999984741211,92.61000061035156,0.0
2017-04-06,1.0973472848920762e+16,1957.9547167964636,52.31999969482422,52.31999969482422,52.31999969482422,52.31999969482422,43495.0,92.80999755859376,92.93000030517578,92.0999984741211,92.61000061035156,0.0
2017-04-07,1.38884237103563e+16,1783.1545997509822,52.31999969482422,52.31999969482422,52.31999969482422,52.31999969482422,43495.0,92.80999755859376,92.93000030517578,92.0999984741211,92.61000061035156,0.0
2017-04-10,5633809278663383.0,2086.8852229041613,52.31999969482422,52.31999969482422,52.31999969482422,52.31999969482422,43495.0,92.80999755859376,92.93000030517578,92.0999984741211,92.61000061035156,0.0
2017-04-11,7379568755069064.0,1230.4771755476688,52.31999969482422,52.31999969482422,52.31999969482422,52.31999969482422,43495.0,92.80999755859376,92.93000030517578,92.0999984741211,92.61000061035156,0.0
2017-04-12,1.2992150975881544e+16,1792.7755133349856,52.31999969482422,52.31999969482422,52.31999969482422,52.31999969482422,43495.0,92.80999755859376,92.93000030517578,92.0999984741211,92.61000061035156,0.0
2017-04-13,7088362487249009.0,1472.1786431247438,52.31999969482422,52.31999969482422,52.31999969482422,52.31999969482422,43495.0,92.80999755859376,92.93000030517578,92.0999984741211,92.61000061035156,0.0
2017-04-14,1.6872951989939852e+16,2081.8818846386935,52.31999969482422,52.31999969482422,52.31999969482422,52.31999969482422,43495.0,92.80999755859376,92.93000030517578,92.0999984741211,92.61000061035156,0.0
2017-04-17,77100775211031.0,1865.2196133427492,52.31999969482422,52.31999969482422,52.31999969482422,52.31999969482422,43495.0,92.80999755859376,92.93000030517578,92.0999984741211,92.61000061035156,0.0
2017-04-18,1.1214004555491802e+16,1396.5895434540955,52.31999969482422,52.31999969482422,52.31999969482422,52.31999969482422,43495.0,92.80999755859376,92.93000030517578,92.0999984741211,92.61000061035156,0.0
2017-04-19,1197929892689899.0,1680.378872576738,52.31999969482422,52.31999969482422,52.31999969482422,52.31999969482422,43495.0,92.80999755859376,92.93000030517578,92.0999984741211,92.61000061035156,0.0
2017-04-20,1.5021682270529946e+16,2721.1667236614967,52.31999969482422,52.31999969482422,52.31999969482422,52.31999969482422,43495.0,92.80999755859376,92.93000030517578,92.0999984741211,92.61000061035156,0.0
2017-04-21,1444129969113629.0,1185.25856577183,52.31999969482422,52.31999969482422,52.31999969482422,52.31999969482422,43495.0,92.80999755859376,92.93000030517578,92.0999984741211,92.61000061035156,0.0
2017-04-24,6687931370932404.0,1181.0744798220924,52.31999969482422,52.31999969482422,52.31999969482422,52.31999969482422,43495.0,92.80999755859376,92.93000030517578,92.0999984741211,92.61000061035156,0.0
2017-04-25,5437742011220747.0,1622.0053077988764,52.31999969482422,52.31999969482422,52.31999969482422,52.31999969482422,43495.0,92.80999755859376,92.93000030517578,92.0999984741211,92.61000061035156,0.0
2017-04-26,1451252067395115.0,1639.9433939060625,52.31999969482422,52.31999969482422,52.31999969482422,52.31999969482422,43495.0,92.80999755859376,92.93000030517578,92.0999984741211,92.61000061035156,0.0
2017-04-27,8192227016522924.0,2160.6197196989224,52.31999969482422,52.31999969482422,52.31999969482422,52.31999969482422,43495.0,92.80999755859376,92.93000030517578,92.0999984741211,92.61000061035156,0.0
2017-04-28,7909004964791902.0,2903.5673570171375,52.31999969482422,52.31999969482422,52.31999969482422,52.31999969482422,43495.0,92.80999755859376,92.93000030517578,92.0999984741211,92.61000061035156,0.0
2017-05-01,1.8900020474564644e+16,2293.743398186377,52.31999969482422,52.31999969482422,52.31999969482422,52.31999969482422,43495.0,92.80999755859376,92.93000030517578,92.0999984741211,92.61000061035156,0.0
2017-05-02,7603230959993715.0,1219.2955226765175,52.31999969482422,52.31999969482422,52.31999969482422,52.31999969482422,43495.0,92.80999755859376,92.93000030517578,92.0999984741211,92.61000061035156,0.0
2017-05-03,5590105881331947.0,1858.1470445760576,52.31999969482422,52.31999969482422,52.31999969482422,52.31999969482422,43495.0,92.80999755859376,92.93000030517578,92.0999984741211,92.61000061035156,0.0
2017-05-04,1.5820367404438312e+16,2772.091331679668,52.31999969482422,52.31999969482422,52.31999969482422,52.31999969482422,43495.0,92.80999755859376,92.93000030517578,92.0999984741211,92.61000061035156,0.0
2017-05-05,9172486471410792.0,2877.956762701568,52.31999969482422,52.31999969482422,52.31999969482422,52.31999969482422,43495.0,92.80999755859376,92.93000030517578,92.0999984741211,92.61000061035156,0.0
2017-05-08,1.9759678162803708e+16,1813.6999526612697,52.31999969482422,52.31999969482422,52.31999969482422,52.31999969482422,43495.0,92.80999755859376,92.93000030517578,92.0999984741211,92.61000061035156,0.0
2017-05-09,1.5386596959256148e+16,1795.882525657922,52.31999969482422,52.31999969482422,52.31999969482422,52.31999969482422,43495.0,92.80999755859376,92.93000030517578,92.0999984741211,92.61000061035156,0.0
2017-05-10,1.426921871885662e+16,2534.821893953276,52.31999969482422,52.31999969482422,52.31999969482422,52.31999969482422,43495.0,92.80999755859376,92.93000030517578,92.0999984741211,92.61000061035156,0.0
2017-05-11,7641081219042895.0,2017.2509785846937,52.31999969482422,52.31999969482422,52.31999969482422,52.31999969482422,43495.0,92.80999755859376,92.93000030517578,92.0999984741211,92.61000061035156,0.0
2017-05-12,1327265047730802.0,1053.5485140799804,52.31999969482422,52.31999969482422,52.31999969482422,52.31999969482422,43495.0,92.80999755859376,92.93000030517578,92.0999984741211,92.61000061035156,0.0
2017-05-15,1501606089697018.0,2654.944376113845,52.31999969482422,52.31999969482422,52.31999969482422,52.31999969482422,43495.0,92.80999755859376,92.93000030517578,92.0999984741211,92.61000061035156,0.0
2017-05-16,1.5679892483352708e+16,1928.0107091658365,52.31999969482422,52.31999969482422,52.31999969482422,52.31999969482422,43495.0,92.80999755859376,92.93000030517578,92.0999984741211,92.61000061035156,0.0
2017-05-17,1.7245509807919952e+16,1320.9395759119316,52.31999969482422,52.31999969482422,52.31999969482422,52.31999969482422,43495.0,92.80999755859376,92.93000030517578,92.0999984741211,92.61000061035156,0.0
2017-05-18,7305644611067465.0,1215.7246146282337,52.31999969482422,52.31999969482422,52.31999969482422,52.31999969482422,43495.0,92.80999755859376,92.93000030517578,92.0999984741211,92.61000061035156,0.0
2017-05-19,1802039444256256.0,2822.858596853177,52.31999969482422,52.31999969482422,52.31999969482422,52.31999969482422,43495.0,92.80999755859376,92.93000030517578,92.0999984741211,92.61000061035156,0.0
2017-05-22,1403130699647399.0,2926.284123673965,52.31999969482422,52.31999969482422,52.31999969482422,52.31999969482422,43495.0,92.80999755859376,92.93000030517578,92.0999984741211,92.61000061035156,0.0
2017-05-23,1.0058945254358422e+16,1078.9077319664436,52.31999969482422,52.31999969482422,52.31999969482422,52.31999969482422,43495.0,92.80999755859376,92.93000030517578,92.0999984741211,92.61000061035156,0.0
2017-05-24,6224204578933004.0,1611.5316257825154,52.31999969482422,52.31999969482422,52.31999969482422,52.31999969482422,43495.0,92.80999755859376,92.93000030517578,92.0999984741211,92.61000061035156,0.0
2017-05-25,1.2546729834945038e+16,2241.7524115408883,52.31999969482422,52.31999969482422,52.31999969482422,52.31999969482422,43495.0,92.80999755859376,92.93000030517578,92.0999984741211,92.61000061035156,0.0
2017-05-26,1.4876213557163692e+16,1803.914433270281,52.31999969482422,52.31999969482422,52.31999969482422,52.31999969482422,43495.0,92.80999755859376,92.93000030517578,92.0999984741211,92.61000061035156,0.0
2017-05-29,1.3774814351529036e+16,1917.0487258505311,52.31999969482422,52.31999969482422,52.31999969482422,52.31999969482422,43495.0,92.80999755859376,92.93000030517578,92.0999984741211,92.61000061035156,0.0
2017-05-30,1.3791923957902724e+16,1450.8063909960915,52.31999969482422,52.31999969482422,52.31999969482422,52.31999969482422,43495.0,92.80999755859376,92.93000030517578,92.0999984741211,92.61000061035156,0.0
2017-05-31,7009935480291484.0,1589.5179628398944,52.31999969482422,52.31999969482422,52.31999969482422,52.31999969482422,43495.0,92.80999755859376,92.93000030517578,92.0999984741211,92.61000061035156,0.0
2017-06-01,1.6053607446008962e+16,2804.1223794688417,52.31999969482422,52.31999969482422,52.31999969482422,52.31999969482422,43495.0,92.80999755859376,92.93000030517578,92.0999984741211,92.61000061035156,0.0
2017-06-02,1725534562529904.0,1714.4695514743769,52.31999969482422,52.31999969482422,52.31999969482422,52.31999969482422,43495.0,92.80999755859376,92.93000030517578,92.0999984741211,92.61000061035156,0.0
2017-06-05,1.1746356081290282e+16,2347.531518465481,52.31999969482422,52.31999969482422,52.31999969482422,52.31999969482422,43495.0,92.80999755859376,92.93000030517578,92.0999984741211,92.61000061035156,0.0
2017-06-06,9722753419031624.0,2925.450044540857,52.31999969482422,52.31999969482422,52.31999969482422,52.31999969482422,43495.0,92.80999755859376,92.93000030517578,92.0999984741211,92.61000061035156,0.0
2017-06-07,1.9463583980003e+16,1183.871339935364,52.31999969482422,52.31999969482422,52.31999969482422,52.31999969482422,43495.0,92.80999755859376,92.93000030517578,92.0999984741211,92.61000061035156,0.0
2017-06-08,1.5447316199570736e+16,2991.4683971061972,52.31999969482422,52.31999969482422,52.31999969482422,52.31999969482422,43495.0,92.80999755859376,92.93000030517578,92.0999984741211,92.61000061035156,0.0
2017-06-09,1.4610546016274132e+16,2817.940709239404,52.31999969482422,52.31999969482422,52.31999969482422,52.31999969482422,43495.0,92.80999755859376,92.93000030517578,92.0999984741211,92.61000061035156,0.0
2017-06-12,1.4646288660372716e+16,1001.680829657422,52.31999969482422,52.31999969482422,52.31999969482422,52.31999969482422,43495.0,92.80999755859376,92.93000030517578,92.0999984741211,92.61000061035156,0.0
2017-06-13,1.4360634150097756e+16,2565.2530603664413,52.31999969482422,52.31999969482422,52.31999969482422,52.31999969482422,43495.0,92.80999755859376,92.93000030517578,92.0999984741211,92.61000061035156,0.0
2017-06-14,1.1686653760934268e+16,2210.4846224457356,52.31999969482422,52.31999969482422,52.31999969482422,52.31999969482422,43495.0,92.80999755859376,92.93000030517578,92.0999984741211,92.61000061035156,0.0
2017-06-15,1172727596593817.0,2186.9757870534204,52.31999969482422,52.31999969482422,52.31999969482422,52.31999969482422,43495.0,92.80999755859376,92.93000030517578,92.0999984741211,92.61000061035156,0.0
2017-06-16,187805681699198.0,1514.0322702231515,52.31999969482422,52.31999969482422,52.31999969482422,52.31999969482422,43495.0,92.80999755859376,92.93000030517578,92.0999984741211,92.61000061035156,0.0
2017-06-19,9318473476521916.0,1517.9386143847223,52.31999969482422,52.31999969482422,52.31999969482422,52.31999969482422,43495.0,92.80999755859376,92.93000030517578,92.0999984741211,92.61000061035156,0.0
2017-06-20,1694323451154277.0,1423.138274579591,52.31999969482422,52.31999969482422,52.31999969482422,52.31999969482422,43495.0,92.80999755859376,92.93000030517578,92.0999984741211,92.61000061035156,0.0
2017-06-21,1.8240374383813064e+16,1368.0730322474888,52.31999969482422,52.31999969482422,52.31999969482422,52.31999969482422,43495.0,92.80999755859376,92.93000030517578,92.0999984741211,92.61000061035156,0.0
2017-06-22,1.042506200293274e+16,1273.6389697404256,52.31999969482422,52.31999969482422,52.31999969482422,52.31999969482422,43495.0,92.80999755859376,92.93000030517578,92.0999984741211,92.61000061035156,0.0
2017-06-23,1760838718518423.0,1477.851552925391,52.31999969482422,52.31999969482422,52.31999969482422,52.31999969482422,43495.0,92.80999755859376,92.93000030517578,92.0999984741211,92.61000061035156,0.0
2017-06-26,1.7436079052148498e+16,1399.9563708504245,52.31999969482422,52.31999969482422,52.31999969482422,52.31999969482422,43495.0,92.80999755859376,92.93000030517578,92.0999984741211,92.61000061035156,0.0
2017-06-27,1.8310093103869664e+16,1319.501372154742,52.31999969482422,52.31999969482422,52.31999969482422,52.31999969482422,43495.0,92.80999755859376,92.93000030517578,92.0999984741211,92.61000061035156,0.0
2017-06-28,1.6125728487971916e+16,1961.9657959951985,52.31999969482422,52.31999969482422,52.31999969482422,52.31999969482422,43495.0,92.80999755859376,92.93000030517578,92.0999984741211,92.61000061035156,0.0
2017-06-29,6508221556900982.0,2651.737646635317,52.31999969482422,52.31999969482422,52.31999969482422,52.31999969482422,43495.0,92.80999755859376,92.93000030517578,92.0999984741211,92.61000061035156,0.0
2017-06-30,7490074315908947.0,1437.7562186723965,52.31999969482422,52.31999969482422,52.31999969482422,52.31999969482422,43495.0,92.80999755859376,92.93000030517578,92.0999984741211,92.61000061035156,0.0
2017-07-03,8261110728400248.0,2223.420774221999,52.31999969482422,52.31999969482422,52.31999969482422,52.31999969482422,43495.0,92.80999755859376,92.93000030517578,92.0999984741211,92.61000061035156,0.0
2017-07-04,1805031914534414.0,1065.6003577097692,52.31999969482422,52.31999969482422,52.31999969482422,52.31999969482422,43495.0,92.80999755859376,92.93000030517578,92.0999984741211,92.61000061035156,0.0
2017-07-05,1.6466781716775864e+16,1169.7482320921338,52.31999969482422,52.31999969482422,52.31999969482422,52.31999969482422,43495.0,92.80999755859376,92.93000030517578,92.0999984741211,92.61000061035156,0.0
2017-07-06,7888061337948675.0,2664.9419356175717,52.31999969482422,52.31999969482422,52.31999969482422,52.31999969482422,43495.0,92.80999755859376,92.93000030517578,92.0999984741211,92.61000061035156,0.0
2017-07-07,5794026517167291.0,1868.2623273010836,52.31999969482422,52.31999969482422,52.31999969482422,52.31999969482422,43495.0,92.80999755859376,92.93000030517578,92.0999984741211,92.61000061035156,0.0
2017-07-10,1.4872726068214328e+16,1812.3124024807148,52.31999969482422,52.31999969482422,52.31999969482422,52.31999969482422,43495.0,92.80999755859376,92.93000030517578,92.0999984741211,92.61000061035156,0.0
2017-07-11,1.725008561872154e+16,1301.7422515412788,52.31999969482422,52.31999969482422,52.31999969482422,52.31999969482422,43495.0,92.80999755859376,92.93000030517578,92.0999984741211,92.61000061035156,0.0
2017-07-12,1.2219508236676952e+16,1616.6697961108655,52.31999969482422,52.31999969482422,52.31999969482422,52.31999969482422,43495.0,92.80999755859376,92.93000030517578,92.0999984741211,92.61000061035156,0.0
2017-07-13,1230014039803964.0,2582.979084151059,52.31999969482422,52.31999969482422,52.31999969482422,52.31999969482422,43495.0,92.80999755859376,92.93000030517578,92.0999984741211,92.61000061035156,0.0
2017-07-14,68498625313635.0,2711.004634720992,52.31999969482422,52.31999969482422,52.31999969482422,52.31999969482422,43495.0,92.80999755859376,92.93000030517578,92.0999984741211,92.61000061035156,0.0
2017-07-17,1.963828491005025e+16,1641.1238886194774,52.31999969482422,52.31999969482422,52.31999969482422,52.31999969482422,43495.0,92.80999755859376,92.93000030517578,92.0999984741211,92.61000061035156,0.0
2017-07-18,1.1733414521078748e+16,2744.2271227610513,52.31999969482422,52.31999969482422,52.31999969482422,52.31999969482422,43495.0,92.80999755859376,92.93000030517578,92.0999984741211,92.61000061035156,0.0
2017-07-19,1.494430341349626e+16,1624.2135518833056,52.31999969482422,52.31999969482422,52.31999969482422,52.31999969482422,43495.0,92.80999755859376,92.93000030517578,92.0999984741211,92.61000061035156,0.0
2017-07-20,8902074792662.0,2109.8043155299606,52.31999969482422,52.31999969482422,52.31999969482422,52.31999969482422,43495.0,92.80999755859376,92.93000030517578,92.0999984741211,92.61000061035156,0.0
2017-07-21,8892432283671493.0,2622.832741661696,52.31999969482422,52.31999969482422,52.31999969482422,52.31999969482422,43495.0,92.80999755859376,92.93000030517578,92.0999984741211,92.61000061035156,0.0
2017-07-24,5042836003759093.0,2732.074448397555,52.31999969482422,52.31999969482422,52.31999969482422,52.31999969482422,43495.0,92.80999755859376,92.93000030517578,92.0999984741211,92.61000061035156,0.0
2017-07-25,1.3664965843831264e+16,1283.208396580618,52.31999969482422,52.31999969482422,52.31999969482422,52.31999969482422,43495.0,92.80999755859376,92.93000030517578,92.0999984741211,92.61000061035156,0.0
2017-07-26,1.4541266262073982e+16,2946.9863773184597,52.31999969482422,52.31999969482422,52.31999969482422,52.31999969482422,43495.0,92.80999755859376,92.93000030517578,92.0999984741211,92.61000061035156,0.0
2017-07-27,5873055232424308.0,1486.501502613473,52.31999969482422,52.31999969482422,52.31999969482422,52.31999969482422,43495.0,92.80999755859376,92.93000030517578,92.0999984741211,92.61000061035156,0.0
2017-07-28,1334404036788287.0,1215.6057583006018,52.31999969482422,52.31999969482422,52.31999969482422,52.31999969482422,43495.0,92.80999755859376,92.93000030517578,92.0999984741211,92.61000061035156,0.0
2017-07-31,9167942733689952.0,1159.0260338648409,52.31999969482422,52.31999969482422,52.31999969482422,52.31999969482422,43495.0,92.80999755859376,92.93000030517578,92.0999984741211,92.61000061035156,0.0
2017-08-01,1.2038167180250036e+16,1783.307626407766,52.31999969482422,52.31999969482422,52.31999969482422,52.31999969482422,43495.0,92.80999755859376,92.93000030517578,92.0999984741211,92.61000061035156,0.0
2017-08-02,1.3624182125086596e+16,1782.4238555596153,52.31999969482422,52.31999969482422,52.31999969482422,52.31999969482422,43495.0,92.80999755859376,92.93000030517578,92.0999984741211,92.61000061035156,0.0
2017-08-03,1.6220907121899464e+16,1862.8063791881225,52.31999969482422,52.31999969482422,52.31999969482422,52.31999969482422,43495.0,92.80999755859376,92.93000030517578,92.0999984741211,92.61000061035156,0.0
2017-08-04,8500672981907384.0,1313.517901950877,52.31999969482422,52.31999969482422,52.31999969482422,52.31999969482422,43495.0,92.80999755859376,92.93000030517578,92.0999984741211,92.61000061035156,0.0
2017-08-07,1373074846934503.0,2503.6563794726862,52.31999969482422,52.31999969482422,52.31999969482422,52.31999969482422,43495.0,92.80999755859376,92.93000030517578,92.0999984741211,92.61000061035156,0.0
2017-08-08,5.1017001297431864e+16,2565.210536867719,52.31999969482422,52.31999969482422,52.31999969482422,52.31999969482422,43495.0,92.80999755859376,92.93000030517578,92.0999984741211,92.61000061035156,0.0
2017-08-09,1.04205717802112e+16,1568.9194370133866,52.31999969482422,52.31999969482422,52.31999969482422,52.31999969482422,43495.0,92.80999755859376,92.93000030517578,92.0999984741211,92.61000061035156,0.0
2017-08-10,1.4524846323469284e+16,1101.5863365145858,52.31999969482422,52.31999969482422,52.31999969482422,52.31999969482422,43495.0,92.80999755859376,92.93000030517578,92.0999984741211,92.61000061035156,0.0
2017-08-11,1.0745543063144678e+16,1239.825943631516,52.31999969482422,52.31999969482422,52.31999969482422,52.31999969482422,43495.0,92.80999755859376,92.93000030517578,92.0999984741211,92.61000061035156,0.0
2017-08-14,1587637539783017.0,1227.9028191444024,52.31999969482422,52.31999969482422,52.31999969482422,52.31999969482422,43495.0,92.80999755859376,92.93000030517578,92.0999984741211,92.61000061035156,0.0
2017-08-15,1.7552383852837444e+16,2018.7905444053788,52.31999969482422,52.31999969482422,52.31999969482422,52.31999969482422,43495.0,92.80999755859376,92.93000030517578,92.0999984741211,92.61000061035156,0.0
2017-08-16,1.43370464361555e+16,2949.534714804161,52.31999969482422,52.31999969482422,52.31999969482422,52.31999969482422,43495.0,92.80999755859376,92.93000030517578,92.0999984741211,92.61000061035156,0.0
2017-08-17,1.4302094902598652e+16,1598.5562929150472,52.31999969482422,52.31999969482422,52.31999969482422,52.31999969482422,43495.0,92.80999755859376,92.93000030517578,92.0999984741211,92.61000061035156,0.0
2017-08-18,1.1533195069380712e+16,1717.739737084917,52.31999969482422,52.31999969482422,52.31999969482422,52.31999969482422,43495.0,92.80999755859376,92.93000030517578,92.0999984741211,92.61000061035156,0.0
2017-08-21,1.0029218356149382e+16,1157.3298285225044,52.31999969482422,52.31999969482422,52.31999969482422,52.31999969482422,43495.0,92.80999755859376,92.93000030517578,92.0999984741211,92.61000061035156,0.0
2017-08-22,5962576614705191.0,1179.4538151563552,52.31999969482422,52.31999969482422,52.31999969482422,52.31999969482422,43495.0,92.80999755859376,92.93000030517578,92.0999984741211,92.61000061035156,0.0
2017-08-23,8747083122442561.0,1683.7857639297372,52.31999969482422,52.31999969482422,52.31999969482422,52.31999969482422,43495.0,92.80999755859376,92.93000030517578,92.0999984741211,92.61000061035156,0.0
2017-08-24,8161230729459668.0,1958.83213171314,52.31999969482422,52.31999969482422,52.31999969482422,52.31999969482422,43495.0,92.80999755859376,92.93000030517578,92.0999984741211,92.61000061035156,0.0
2017-08-25,1.884819126698415e+16,1918.2266870322685,52.31999969482422,52.31999969482422,52.31999969482422,52.31999969482422,43495.0,92.80999755859376,92.93000030517578,92.0999984741211,92.61000061035156,0.0
2017-08-28,1.2345287580484304e+16,2083.8782764816488,52.31999969482422,52.31999969482422,52.31999969482422,52.31999969482422,43495.0,92.80999755859376,92.93000030517578,92.0999984741211,92.61000061035156,0.0
2017-08-29,1.0161139816340174e+16,1504.9618971812906,52.31999969482422,52.31999969482422,52.31999969482422,52.31999969482422,43495.0,92.80999755859376,92.93000030517578,92.0999984741211,92.61000061035156,0.0
2017-08-30,1.5161506245882216e+16,2853.0269915159606,52.31999969482422,52.31999969482422,52.31999969482422,52.31999969482422,43495.0,92.80999755859376,92.93000030517578,92.0999984741211,92.61000061035156,0.0
2017-08-31,1641452613242026.0,1422.3743460160233,52.31999969482422,52.31999969482422,52.31999969482422,52.31999969482422,43495.0,92.80999755859376,92.93000030517578,92.0999984741211,92.61000061035156,0.0
2017-09-01,6200416992264269.0,2857.4461243069604,52.31999969482422,52.31999969482422,52.31999969482422,52.31999969482422,43495.0,92.80999755859376,92.93000030517578,92.0999984741211,92.61000061035156,0.0
2017-09-04,1.5425560922904176e+16,1949.877841751549,52.31999969482422,52.31999969482422,52.31999969482422,52.31999969482422,43495.0,92.80999755859376,92.93000030517578,92.0999984741211,92.61000061035156,0.0
2017-09-05,5626596958734851.0,2985.4268247675955,53.380001068115234,53.650001525878906,51.97999954223633,52.79999923706055,24873.0,92.30999755859376,92.7300033569336,92.18000030517578,92.5999984741211,0.0
2017-09-06,1109402227132236.0,1552.35619898752,54.20000076293945,54.29999923706055,53.09000015258789,53.18000030517578,30783.0,92.29000091552734,92.37999725341795,91.98999786376952,92.23999786376952,0.0
2017-09-07,1.0432067708957368e+16,2473.481412770425,54.4900016784668,54.66999816894531,53.88999938964844,54.08000183105469,34793.0,91.52999877929688,92.25,91.41000366210938,92.1999969482422,0.0
2017-09-08,8245935291313458.0,2571.642596289681,53.779998779296875,54.86000061035156,53.560001373291016,54.540000915527344,28912.0,91.33000183105467,91.51000213623048,91.01000213623048,91.48999786376952,0.0
2017-09-11,1.5510276899922984e+16,1103.6011880385151,53.84000015258789,54.11000061035156,53.040000915527344,53.75,30263.0,91.86000061035156,91.98999786376952,91.41999816894533,91.86000061035156,0.0
2017-09-12,1.7159488512192056e+16,1354.6920774714092,54.27000045776367,54.439998626708984,53.43000030517578,53.86000061035156,22720.0,91.91000366210938,92.08000183105467,91.7699966430664,91.86000061035156,0.0
2017-09-13,1.1293853685526078e+16,2196.401350284696,55.15999984741211,55.20000076293945,54.029998779296875,54.2599983215332,24868.0,92.5199966430664,92.52999877929688,91.70999908447266,91.87999725341795,0.0
2017-09-14,8580258611681627.0,1706.4421135081882,55.470001220703125,56.0,54.93000030517578,55.06999969482422,27549.0,92.12000274658205,92.66000366210938,92.02999877929688,92.3499984741211,0.0
2017-09-15,1.7771498563166596e+16,1257.9342573311255,55.619998931884766,55.849998474121094,54.869998931884766,55.27000045776367,22004.0,91.87000274658205,92.16999816894533,91.58000183105467,92.0,0.0
2017-09-18,1.5836325876614928e+16,1015.6651698125478,55.47999954223633,55.939998626708984,54.81999969482422,55.529998779296875,23767.0,92.0500030517578,92.20999908447266,91.8000030517578,91.93000030517578,0.0
2017-09-19,1.511165399729994e+16,1945.7836292492707,55.13999938964844,55.880001068115234,54.88999938964844,55.45000076293945,19337.0,91.79000091552734,92.0500030517578,91.75,91.9800033569336,0.0
2017-09-20,8921194440900921.0,1590.3138296998852,56.290000915527344,56.47999954223633,55.279998779296875,55.40999984741211,27031.0,92.51000213623048,92.6999969482422,91.52999877929688,91.83000183105467,0.0
2017-09-21,1.7958001544350252e+16,2417.6206487336535,56.43000030517578,56.529998779296875,55.779998779296875,56.18000030517578,23549.0,92.26000213623048,92.66000366210938,92.0999984741211,92.47000122070312,0.0
2017-09-22,1.9637512590824276e+16,1125.0786688424917,56.86000061035156,56.900001525878906,56.22999954223633,56.5,18348.0,92.16999816894533,92.22000122070312,91.77999877929688,92.18000030517578,0.0
2017-09-25,5967234083646515.0,2674.577820919277,59.02000045776367,59.220001220703125,56.70000076293945,56.88999938964844,23811.0,92.6500015258789,92.72000122070312,92.20999908447266,92.31999969482422,0.0
2017-09-26,1.1276454780320166e+16,2663.2256063335,58.439998626708984,59.4900016784668,57.779998779296875,59.20000076293945,28328.0,92.97000122070312,93.29000091552734,92.5500030517578,92.5999984741211,0.0
2017-09-27,5874516880929061.0,1898.6365328783163,57.900001525878906,58.86000061035156,57.56999969482422,58.599998474121094,15305.0,93.36000061035156,93.61000061035156,93.01000213623048,93.04000091552734,0.0
2017-09-28,1.2405873585162878e+16,2804.2546638195013,57.40999984741211,58.619998931884766,56.849998474121094,57.66999816894531,7005.0,93.08999633789062,93.66999816894533,93.06999969482422,93.47000122070312,0.0
2017-09-29,8934211197172002.0,2483.0467862295377,57.540000915527344,57.7599983215332,57.209999084472656,57.529998779296875,27369.0,93.08000183105467,93.2699966430664,92.9499969482422,93.16999816894533,0.0
2017-10-02,1.0428114561948672e+16,1892.074912224472,56.119998931884766,56.75,55.5099983215332,56.619998931884766,19371.0,93.55999755859376,93.66000366210938,93.12000274658205,93.29000091552734,0.0
2017-10-03,1521511654777485.0,1688.6800045309813,56.0,56.38999938964844,55.689998626708984,56.08000183105469,21948.0,93.56999969482422,93.91999816894533,93.43000030517578,93.5999984741211,0.0
2017-10-04,824212605448667.0,2512.876357666567,55.79999923706055,56.189998626708984,55.38999938964844,55.70000076293945,25898.0,93.45999908447266,93.58999633789062,93.26000213623048,93.58999633789062,0.0
2017-10-05,1.4852948836317448e+16,2033.635617077486,57.0,57.2400016784668,55.70000076293945,55.77000045776367,32050.0,93.95999908447266,93.98999786376952,93.41000366210938,93.4800033569336,0.0
2017-10-06,1.3558080687866076e+16,2028.3070410767568,55.619998931884766,57.27000045776367,55.13999938964844,56.97999954223633,33642.0,93.8000030517578,94.2699966430664,93.7699966430664,93.91999816894533,0.0
2017-10-09,146117813330017.0,2763.5217552019026,55.790000915527344,55.97999954223633,55.060001373291016,55.4900016784668,23056.0,93.73999786376952,93.83999633789062,93.62000274658205,93.7699966430664,0.0
2017-10-10,8423861451026423.0,1431.0143293325707,56.61000061035156,56.90999984741211,55.689998626708984,55.70000076293945,21094.0,93.29000091552734,93.73999786376952,93.13999938964844,93.7300033569336,0.0
2017-10-11,1.093678978628178e+16,1043.6075522455592,56.939998626708984,57.09000015258789,56.15999984741211,56.540000915527344,21840.0,92.95999908447266,93.37000274658205,92.9000015258789,93.26000213623048,0.0
2017-10-12,1.0573332846905524e+16,1511.0755741789492,56.25,56.81999969482422,55.880001068115234,56.65999984741211,22286.0,93.12000274658205,93.2300033569336,92.8000030517578,92.9499969482422,0.0
2017-10-13,1.4325957922596886e+16,2484.4040938229314,57.16999816894531,57.560001373291016,56.380001068115234,56.470001220703125,23433.0,93.08999633789062,93.23999786376952,92.75,93.08999633789062,0.0
2017-10-16,1222827250682379.0,2674.8581672410405,57.81999969482422,58.470001220703125,57.119998931884766,57.119998931884766,22799.0,93.27999877929688,93.36000061035156,93.06999969482422,93.06999969482422,0.0
2017-10-17,1.2381299959024866e+16,2147.100673401923,57.880001068115234,58.349998474121094,57.18000030517578,57.84000015258789,31599.0,93.48999786376952,93.7300033569336,93.27999877929688,93.31999969482422,0.0
2017-10-18,6327169951001624.0,1541.1012122350442,58.150001525878906,58.540000915527344,57.75,58.06999969482422,25606.0,93.36000061035156,93.8000030517578,93.36000061035156,93.4800033569336,0.0
2017-10-19,1.2445406061599372e+16,1549.6621422232397,57.22999954223633,58.279998779296875,57.040000915527344,58.20000076293945,29999.0,93.2699966430664,93.5500030517578,93.05999755859376,93.41999816894533,0.0
2017-10-20,71301566600199.0,2610.226723925756,57.75,57.900001525878906,56.599998474121094,57.290000915527344,28185.0,93.6999969482422,93.77999877929688,93.12000274658205,93.16000366210938,0.0
2017-10-23,1020349448943327.0,1366.131667512255,57.369998931884766,58.029998779296875,57.279998779296875,57.970001220703125,25947.0,93.94000244140624,94.0199966430664,93.68000030517578,93.83999633789062,0.0
2017-10-24,626717087032432.0,2900.565296911067,58.33000183105469,58.47999954223633,57.029998779296875,57.36000061035156,32802.0,93.95999908447266,93.98999786376952,93.68000030517578,93.83000183105467,0.0
2017-10-25,1791278824304761.0,1110.360145777006,58.439998626708984,58.72999954223633,57.86000061035156,58.459999084472656,26265.0,93.70999908447266,94.01000213623048,93.61000061035156,93.94000244140624,0.0
2017-10-26,8068116681350342.0,1641.2495918944053,59.29999923706055,59.54999923706055,58.040000915527344,58.47999954223633,26572.0,94.61000061035156,94.72000122070312,93.4800033569336,93.62999725341795,0.0
2017-10-27,1.7237500341011748e+16,1824.2315041480376,60.439998626708984,60.65999984741211,58.81999969482422,59.4900016784668,15873.0,94.91999816894533,95.1500015258789,94.72000122070312,94.72000122070312,0.0
2017-10-30,1964383555549167.0,2327.7325493524663,60.900001525878906,61.0,60.15999984741211,60.650001525878906,14987.0,94.48999786376952,94.9000015258789,94.44000244140624,94.79000091552734,0.0
2017-10-31,1.3510596682172118e+16,1870.3121074425987,61.369998931884766,61.380001068115234,60.54999923706055,60.869998931884766,1113.0,94.5500030517578,94.6999969482422,94.4499969482422,94.54000091552734,0.0
2017-11-01,1.4967332681045396e+16,2353.6291401114254,61.290000915527344,61.290000915527344,61.290000915527344,61.290000915527344,30560.0,94.81999969482422,94.8499984741211,94.51000213623048,94.5500030517578,0.0
2017-11-02,1821008033722687.0,2219.5218689899707,60.619998931884766,60.81999969482422,60.040000915527344,60.439998626708984,27721.0,94.69000244140624,94.8000030517578,94.41000366210938,94.8000030517578,0.0
2017-11-03,1.4646368454391776e+16,2579.211101547655,62.06999969482422,62.220001220703125,60.599998474121094,60.72999954223633,25695.0,94.94000244140624,95.0199966430664,94.41000366210938,94.7300033569336,0.0
2017-11-06,1.4510717729914984e+16,2129.7269593280816,64.2699966430664,64.44000244140625,62.130001068115234,62.130001068115234,32269.0,94.72000122070312,95.08000183105467,94.70999908447266,94.87000274658205,0.0
2017-11-07,1.0372336617633418e+16,1272.8478368219303,63.689998626708984,64.63999938964844,63.4900016784668,64.08999633789062,34317.0,94.91000366210938,95.1500015258789,94.6999969482422,94.72000122070312,0.0
2017-11-08,1.4739541906267788e+16,2301.7496131852113,63.4900016784668,64.63999938964844,62.95000076293945,63.630001068115234,41527.0,94.87000274658205,94.97000122070312,94.77999877929688,94.8000030517578,0.0
2017-11-09,8160329574206833.0,2303.3024184372,63.93000030517578,64.23999786376953,63.27000045776367,63.5,24929.0,94.44000244140624,94.95999908447266,94.41999816894533,94.87999725341795,0.0
2017-11-10,1078282256983944.0,2237.928305739596,63.52000045776367,64.2699966430664,63.349998474121094,63.83000183105469,24446.0,94.38999938964844,94.6500015258789,94.26000213623048,94.5,0.0
2017-11-13,1.2857378436533952e+16,1866.463305066175,63.15999984741211,63.72999954223633,62.619998931884766,63.619998931884766,29816.0,94.48999786376952,94.63999938964844,94.4000015258789,94.41000366210938,0.0
2017-11-14,1.7114295073365856e+16,2745.4473508084006,62.209999084472656,63.209999084472656,61.209999084472656,63.15999984741211,46259.0,93.83000183105467,94.54000091552734,93.75,94.5199966430664,0.0
2017-11-15,9190241551597936.0,1043.4241856993349,61.869998931884766,62.119998931884766,61.310001373291016,61.5,27356.0,93.80999755859376,93.91000366210938,93.4000015258789,93.86000061035156,0.0
2017-11-16,5905979504087753.0,2168.888588870941,61.36000061035156,62.150001525878906,61.25,61.869998931884766,28684.0,93.93000030517578,94.0,93.7699966430664,93.83999633789062,0.0
2017-11-17,1.9377578892772476e+16,1071.036567840333,62.720001220703125,62.900001525878906,61.09000015258789,61.45000076293945,30936.0,93.66000366210938,93.93000030517578,93.51000213623048,93.87000274658205,0.0
2017-11-20,1226123568569622.0,1092.084642205332,62.220001220703125,62.79999923706055,61.439998626708984,62.720001220703125,23428.0,94.08000183105467,94.0999984741211,93.58000183105467,93.70999908447266,0.0
2017-11-21,1.8736075360314576e+16,1424.5305859502396,62.56999969482422,62.84000015258789,62.040000915527344,62.130001068115234,30389.0,93.9499969482422,94.16999816894533,93.87999725341795,94.04000091552734,0.0
2017-11-22,1.2118433319919792e+16,1586.4704738696423,63.31999969482422,63.40999984741211,62.630001068115234,62.709999084472656,29926.0,93.22000122070312,93.95999908447266,93.20999908447266,93.93000030517578,0.0
2017-11-23,1971911307679221.0,2814.718384034971,63.31999969482422,63.40999984741211,62.630001068115234,62.709999084472656,29926.0,93.22000122070312,93.95999908447266,93.20999908447266,93.93000030517578,0.0
2017-11-24,5167162868880285.0,2372.1231021025033,63.86000061035156,63.95000076293945,62.88999938964844,63.22999954223633,21047.0,92.76000213623048,93.25,92.68000030517578,93.12999725341795,0.0
2017-11-27,1.4803507637139778e+16,2798.0624190896924,63.84000015258789,63.97999954223633,63.099998474121094,63.849998474121094,22019.0,92.9000015258789,92.9800033569336,92.5,92.69000244140624,0.0
2017-11-28,7097182317653742.0,2496.505986645245,63.61000061035156,63.900001525878906,63.11000061035156,63.709999084472656,15235.0,93.26000213623048,93.33999633789062,92.83000183105467,92.88999938964844,0.0
2017-11-29,6494437115670241.0,2899.673432772179,63.11000061035156,64.04000091552734,62.54999923706055,63.34000015258789,10166.0,93.26000213623048,93.44000244140624,92.98999786376952,93.22000122070312,0.0
2017-11-30,1.2855357961913856e+16,2774.131398189724,63.56999969482422,64.19999694824219,63.20000076293945,63.34000015258789,2034.0,93.01000213623048,93.51000213623048,92.7300033569336,93.26000213623048,0.0
2017-12-01,83809841854027.0,1883.7494491246323,63.4900016784668,63.4900016784668,63.4900016784668,63.4900016784668,28073.0,92.9000015258789,93.25,92.5999984741211,93.02999877929688,0.0
2017-12-04,9730157932058298.0,1889.7503590680983,62.45000076293945,63.63999938964844,62.31999969482422,63.4900016784668,27437.0,93.19000244140624,93.36000061035156,93.06999969482422,93.22000122070312,0.0
2017-12-05,7298798059015577.0,2185.06701142117,62.86000061035156,63.130001068115234,62.13999938964844,62.38999938964844,21380.0,93.37999725341795,93.48999786376952,93.04000091552734,93.08999633789062,0.0
2017-12-06,1.4194902756165328e+16,2922.543270596945,61.220001220703125,62.91999816894531,61.13999938964844,62.77000045776367,25263.0,93.61000061035156,93.6500015258789,93.16999816894533,93.30999755859376,0.0
2017-12-07,973516241040029.0,2927.215860677821,62.20000076293945,62.25,61.15999984741211,61.2400016784668,19281.0,93.8000030517578,93.8000030517578,93.51000213623048,93.54000091552734,0.0
2017-12-08,6588725974274391.0,2080.9891357174856,63.400001525878906,63.630001068115234,61.939998626708984,61.939998626708984,28508.0,93.9000015258789,94.08999633789062,93.7699966430664,93.79000091552734,0.0
2017-12-11,1.4491069432803496e+16,2750.3383043675826,64.69000244140625,64.91999816894531,62.9900016784668,63.34000015258789,44515.0,93.87000274658205,93.9800033569336,93.66999816894533,93.91999816894533,0.0
2017-12-12,1.7058723269296866e+16,1379.3825648126806,63.34000015258789,65.81999969482422,63.09000015258789,64.73999786376953,55976.0,94.0999984741211,94.22000122070312,93.76000213623048,93.91000366210938,0.0
2017-12-13,1.2095772613837136e+16,1232.200502847361,62.439998626708984,64.30999755859375,62.36000061035156,63.900001525878906,34080.0,93.43000030517578,94.11000061035156,93.41000366210938,94.05999755859376,0.0
2017-12-14,99989819506405.0,1269.4535101725762,63.310001373291016,63.5,62.02000045776367,62.84000015258789,29866.0,93.48999786376952,93.76000213623048,93.27999877929688,93.41000366210938,0.0
2017-12-15,1.926660016066023e+16,1695.3878632909975,63.22999954223633,63.66999816894531,63.08000183105469,63.41999816894531,21478.0,93.93000030517578,94.0,93.41000366210938,93.6500015258789,0.0
2017-12-18,1.048366490045394e+16,2274.845321314289,63.40999984741211,63.90999984741211,63.0,63.31999969482422,20560.0,93.6999969482422,94.02999877929688,93.37999725341795,93.9800033569336,0.0
2017-12-19,1.3110215448191032e+16,1443.1921680780251,63.79999923706055,63.90999984741211,63.29999923706055,63.439998626708984,22157.0,93.47000122070312,93.76000213623048,93.43000030517578,93.70999908447266,0.0
2017-12-20,7174542635817282.0,2640.256086545789,64.55999755859375,64.5999984741211,63.68000030517578,63.849998474121094,26006.0,93.3499984741211,93.54000091552734,93.16000366210938,93.5,0.0
2017-12-21,1.5733838060065776e+16,2732.9652084807276,64.9000015258789,64.91999816894531,64.19000244140625,64.4800033569336,17911.0,93.27999877929688,93.5,93.23999786376952,93.30999755859376,0.0
2017-12-22,1.2394150180620192e+16,1407.4839255350837,65.25,65.27999877929688,64.38999938964844,64.5999984741211,14337.0,93.3499984741211,93.55999755859376,93.30999755859376,93.37000274658205,0.0
2017-12-25,1322952706487265.0,2881.6855250938283,65.25,65.27999877929688,64.38999938964844,64.5999984741211,14337.0,93.3499984741211,93.55999755859376,93.30999755859376,93.37000274658205,0.0
2017-12-26,1.7454777038632292e+16,2242.445817473509,67.0199966430664,67.08000183105469,65.01000213623047,65.06999969482422,9850.0,93.26000213623048,93.4000015258789,93.1999969482422,93.25,0.0
2017-12-27,1.6527501695701432e+16,2166.6488849567813,66.44000244140625,66.94000244140625,66.05000305175781,66.72000122070312,11890.0,93.02999877929688,93.30999755859376,92.95999908447266,93.3000030517578,0.0
2017-12-28,84200205030562.0,1472.9930411082637,66.72000122070312,66.77999877929688,66.29000091552734,66.41999816894531,2057.0,92.5999984741211,93.0199966430664,92.56999969482422,93.0,0.0
2017-12-29,1.6674369012127052e+16,2712.479082083867,66.5999984741211,66.5999984741211,66.5999984741211,66.5999984741211,12234.0,92.12000274658205,92.66999816894533,92.08000183105467,92.66999816894533,0.0
2018-01-01,1824377000938684.0,1993.376193480276,66.5999984741211,66.5999984741211,66.5999984741211,66.5999984741211,12234.0,92.12000274658205,92.66999816894533,92.08000183105467,92.66999816894533,0.0
2018-01-02,1395206188925979.0,1648.5152528449248,66.56999969482422,67.27999877929688,66.2300033569336,66.41999816894531,24294.0,91.8499984741211,92.25,91.75,92.23999786376952,0.0
2018-01-03,50026111354775.0,1439.9831253488765,67.83999633789062,68.01000213623047,66.4000015258789,66.48999786376953,25878.0,92.16000366210938,92.26000213623048,91.80999755859376,91.81999969482422,0.0
2018-01-04,1.7507485475641022e+16,2764.66672482916,68.06999969482422,68.26000213623047,67.52999877929688,68.0,22840.0,91.8499984741211,92.26000213623048,91.8000030517578,92.22000122070312,0.0
2018-01-05,5999909591771342.0,2390.2372116352676,67.62000274658203,68.08999633789062,67.2699966430664,68.05999755859375,18290.0,91.9499969482422,92.0999984741211,91.77999877929688,91.87000274658205,0.0
2018-01-08,7684346544979492.0,1716.2759003509782,67.77999877929688,67.9800033569336,67.44999694824219,67.81999969482422,17704.0,92.33000183105467,92.4000015258789,91.87999725341795,92.05999755859376,0.0
2018-01-09,9668719696822112.0,2191.7801543617747,68.81999969482422,69.19999694824219,67.69000244140625,67.93000030517578,25548.0,92.52999877929688,92.63999938964844,92.20999908447266,92.33999633789062,0.0
2018-01-10,1.8990188560976816e+16,1505.6798631045326,69.19999694824219,69.36000061035156,68.75,69.16999816894531,21538.0,92.33000183105467,92.58000183105467,91.91999816894533,92.56999969482422,0.0
2018-01-11,1.2377725257362284e+16,2673.0570795303324,69.26000213623047,70.02999877929688,69.0,69.08000183105469,33268.0,91.8499984741211,92.5500030517578,91.79000091552734,92.33000183105467,0.0
2018-01-12,1.0627350144077256e+16,1772.984420620364,69.87000274658203,69.91999816894531,68.61000061035156,69.12999725341797,23032.0,90.97000122070312,91.87999725341795,90.9000015258789,91.8499984741211,0.0
2018-01-15,1.3971964726214958e+16,2854.41573210705,69.87000274658203,69.91999816894531,68.61000061035156,69.12999725341797,23032.0,90.97000122070312,91.87999725341795,90.9000015258789,91.8499984741211,0.0
2018-01-16,1.9713460318406996e+16,2392.3534628665248,69.1500015258789,70.37000274658203,68.83999633789062,69.91000366210938,33284.0,90.38999938964844,90.83000183105467,90.33999633789062,90.44000244140624,0.0
2018-01-17,1694397922440241.0,1397.4518805193716,69.37999725341797,69.58999633789062,68.54000091552734,69.38999938964844,20500.0,90.54000091552734,90.81999969482422,90.33999633789062,90.4000015258789,0.0
2018-01-18,1138684926502547.0,2664.2965513571053,69.30999755859375,69.66000366210938,68.80000305175781,69.43000030517578,20117.0,90.5,91.0,90.11000061035156,90.77999877929688,0.0
2018-01-19,1.2797062193170004e+16,2073.3156609735024,68.61000061035156,69.1500015258789,68.2699966430664,69.13999938964844,22077.0,90.56999969482422,90.9800033569336,90.41000366210938,90.5,0.0
2018-01-22,1.8670256971109504e+16,1553.1564345365905,69.02999877929688,69.51000213623047,68.38999938964844,68.77999877929688,23250.0,90.4000015258789,90.6999969482422,90.16000366210938,90.66999816894533,0.0
2018-01-23,1.1365210479208158e+16,2227.380937703383,69.95999908447266,70.23999786376953,69.12000274658203,69.25,23749.0,90.12000274658205,90.6999969482422,90.08999633789062,90.38999938964844,0.0
2018-01-24,7824653346060636.0,1559.3818372645626,70.52999877929688,70.91000366210938,69.54000091552734,69.87999725341797,23732.0,89.20999908447266,90.58999633789062,89.20999908447266,90.0,0.0
2018-01-25,1736485437619012.0,1941.760731408785,70.41999816894531,71.26000213623047,69.97000122070312,70.70999908447266,24111.0,89.38999938964844,90.11000061035156,89.16000366210938,89.31999969482422,0.0
2018-01-26,903149029339676.0,2062.986765266036,70.5199966430664,70.83000183105469,69.83999633789062,70.0999984741211,30361.0,89.06999969482422,89.58000183105469,88.44000244140625,89.4000015258789,0.0
2018-01-29,1.6443016764346036e+16,2598.1741530754275,69.45999908447266,70.63999938964844,69.08000183105469,70.5199966430664,17623.0,89.30999755859375,89.62000274658203,89.01000213623047,89.0199966430664,0.0
2018-01-30,1.0721464681014908e+16,1031.943462778208,69.0199966430664,69.5199966430664,68.41999816894531,69.5199966430664,12571.0,89.19000244140625,89.63999938964844,88.91000366210938,89.37000274658203,0.0
2018-01-31,1.2311812843566996e+16,1168.3805307939308,69.05000305175781,69.06999969482422,68.30000305175781,68.37999725341797,1494.0,89.12999725341797,89.30000305175781,88.77999877929688,89.0999984741211,0.0
2018-02-01,1.965751796281878e+16,1509.030394650338,69.08000183105469,69.08000183105469,69.08000183105469,69.08000183105469,29317.0,88.66999816894531,89.33000183105469,88.55999755859375,89.04000091552734,0.0
2018-02-02,8529147210107893.0,2976.226332382773,68.58000183105469,70.01000213623047,67.95999908447266,69.75,27547.0,89.19999694824219,89.43000030517578,88.58999633789062,88.63999938964844,0.0
2018-02-05,1.3534998024320612e+16,1146.5105774636172,67.62000274658203,68.45999908447266,67.0,68.19999694824219,32399.0,89.55000305175781,89.66999816894531,89.0199966430664,89.19000244140625,0.0
2018-02-06,5.0838049893920104e+16,2270.698158715628,66.86000061035156,67.58999633789062,66.55000305175781,66.98999786376953,32169.0,89.58999633789062,90.02999877929688,89.37000274658203,89.66000366210938,0.0
2018-02-07,5089636352116886.0,2152.396757561697,65.51000213623047,67.72000122070312,65.16000366210938,67.2300033569336,56412.0,90.26000213623048,90.4000015258789,89.47000122070312,89.62999725341797,0.0
2018-02-08,1.4816595681434324e+16,2134.4836564645548,64.80999755859375,65.58999633789062,64.11000061035156,65.44000244140625,37936.0,90.2300033569336,90.56999969482422,90.01000213623047,90.2699966430664,0.0
2018-02-09,1.0888677163910828e+16,1723.0935599684,62.790000915527344,64.62999725341797,61.77000045776367,64.37999725341797,34853.0,90.44000244140624,90.55999755859376,90.12000274658205,90.25,0.0
2018-02-12,6929957944662109.0,1265.5566520928994,62.59000015258789,64.41000366210938,62.560001373291016,62.63999938964844,33192.0,90.20999908447266,90.43000030517578,90.06999969482422,90.33000183105467,0.0
2018-02-13,1931240490367337.0,2778.764698462884,62.720001220703125,63.099998474121094,61.7599983215332,62.7400016784668,38693.0,89.69999694824219,90.18000030517578,89.61000061035156,90.08999633789062,0.0
2018-02-14,8783142088703081.0,1416.4331336234343,64.36000061035156,64.55999755859375,61.959999084472656,62.470001220703125,40865.0,89.12000274658203,90.12000274658205,88.94000244140625,89.69000244140625,0.0
2018-02-15,1.8421273865941228e+16,2898.1248407909616,64.33000183105469,65.0999984741211,63.119998931884766,64.31999969482422,36176.0,88.58999633789062,89.0,88.54000091552734,88.95999908447266,0.0
2018-02-16,671934515100688.0,1997.6127853900575,64.83999633789062,65.19999694824219,64.19000244140625,64.41000366210938,27034.0,89.0999984741211,89.2300033569336,88.25,88.56999969482422,0.0
2018-02-19,6155380208837387.0,1207.7177073424357,64.83999633789062,65.19999694824219,64.19000244140625,64.41000366210938,27034.0,89.0999984741211,89.2300033569336,88.25,88.56999969482422,0.0
2018-02-20,1647704873256247.0,2806.686310788215,65.25,65.83000183105469,64.77999877929688,64.86000061035156,34029.0,89.72000122070312,89.80000305175781,89.22000122070312,89.23999786376953,0.0
2018-02-21,7242739025340505.0,2930.4936206402695,65.41999816894531,65.52999877929688,64.4000015258789,65.11000061035156,26015.0,90.08000183105467,90.12999725341795,89.58999633789062,89.70999908447266,0.0
2018-02-22,5212768882348358.0,2453.872783641794,66.38999938964844,66.55000305175781,64.63999938964844,65.01000213623047,29052.0,89.75,90.23999786376952,89.63999938964844,90.16000366210938,0.0
2018-02-23,1.2270925609375822e+16,2164.0151509325583,67.30999755859375,67.37000274658203,65.80000305175781,66.25,20948.0,89.87999725341797,90.05999755859375,89.76000213623047,89.77999877929688,0.0
2018-02-26,7041457310933981.0,1338.7155748067455,67.5,67.9000015258789,66.73999786376953,67.30000305175781,20385.0,89.81999969482422,90.05000305175781,89.5,89.87999725341797,0.0
2018-02-27,8917365938319908.0,2564.777686462255,66.62999725341797,67.62999725341797,66.37000274658203,67.55999755859375,9005.0,90.36000061035156,90.5,89.69000244140625,89.80000305175781,0.0
2018-02-28,1.1741060841311082e+16,1895.3580659120585,65.77999877929688,66.87999725341797,65.54000091552734,66.33000183105469,1241.0,90.61000061035156,90.6999969482422,90.30999755859376,90.41000366210938,0.0
2018-03-01,5421097602313376.0,2121.389051588774,65.70999908447266,65.70999908447266,65.70999908447266,65.70999908447266,44819.0,90.31999969482422,90.93000030517578,90.22000122070312,90.66999816894533,0.0
2018-03-02,1388377314533411.0,2856.5777424733383,64.37000274658203,64.68000030517578,63.20000076293945,64.23999786376953,39587.0,89.94000244140625,90.29000091552734,89.87999725341797,90.25,0.0
2018-03-05,1.9162141225368116e+16,1750.6663426823857,65.54000091552734,65.87000274658203,64.0999984741211,64.69000244140625,31209.0,90.08000183105467,90.22000122070312,89.83000183105469,89.83000183105469,0.0
2018-03-06,1367217187920424.0,2674.1153219290923,65.79000091552734,66.1500015258789,65.30999755859375,65.58999633789062,24251.0,89.62000274658203,90.05999755859375,89.5,89.95999908447266,0.0
2018-03-07,8646857329569741.0,1596.9003689477595,64.33999633789062,65.77999877929688,63.84000015258789,65.43000030517578,36313.0,89.63999938964844,89.77999877929688,89.41000366210938,89.51000213623047,0.0
2018-03-08,9855525625554336.0,1198.1621866719315,63.61000061035156,64.55000305175781,63.43000030517578,64.55000305175781,44008.0,90.12000274658205,90.2300033569336,89.44000244140625,89.58999633789062,0.0
2018-03-09,5992027879271283.0,1548.8604736287552,65.48999786376953,65.62000274658203,63.70000076293945,63.849998474121094,33619.0,90.08999633789062,90.36000061035156,90.0,90.1999969482422,0.0
2018-03-12,1.2552486922933784e+16,1625.0856505715838,64.94999694824219,65.83000183105469,64.18000030517578,65.54000091552734,19165.0,89.9000015258789,90.19000244140624,89.83999633789062,90.11000061035156,0.0
2018-03-13,1.299825356155122e+16,1797.0377845663277,64.63999938964844,65.66000366210938,64.04000091552734,64.91999816894531,34247.0,89.66000366210938,90.11000061035156,89.58999633789062,89.91000366210938,0.0
2018-03-14,1.9762758363216116e+16,1377.1990234533937,64.88999938964844,65.19000244140625,64.06999969482422,64.66999816894531,29439.0,89.69999694824219,89.88999938964844,89.55999755859375,89.69999694824219,0.0
2018-03-15,1.933341956388228e+16,2764.491444721989,65.12000274658203,65.38999938964844,64.61000061035156,64.8499984741211,22542.0,90.13999938964844,90.16999816894533,89.62000274658203,89.75,0.0
2018-03-16,1284981081763993.0,1524.4204982945405,66.20999908447266,66.41999816894531,64.88999938964844,65.05000305175781,29187.0,90.2300033569336,90.37999725341795,89.88999938964844,90.13999938964844,0.0
2018-03-19,1.0431616011300332e+16,1740.117942874865,66.05000305175781,66.3499984741211,65.38999938964844,66.12000274658203,28050.0,89.9000015258789,90.3499984741211,89.76000213623047,90.1999969482422,0.0
2018-03-20,1.3399739914564534e+16,1721.5363607758377,67.41999816894531,67.88999938964844,66.16999816894531,66.19999694824219,35782.0,90.37000274658205,90.4499969482422,89.8499984741211,89.87999725341797,0.0
2018-03-21,5766484960924009.0,1910.8978953791336,69.47000122070312,69.8499984741211,67.47000122070312,67.55999755859375,43370.0,89.77999877929688,90.4000015258789,89.62999725341797,90.4000015258789,0.0
2018-03-22,1.1343663692209402e+16,2750.6190189493286,68.91000366210938,69.91000366210938,68.58000183105469,69.7699966430664,37699.0,89.86000061035156,89.95999908447266,89.4000015258789,89.6500015258789,0.0
2018-03-23,1.4123514314630506e+16,2729.073047753735,70.44999694824219,70.56999969482422,68.80000305175781,68.9000015258789,49285.0,89.44000244140625,89.73999786376953,89.4000015258789,89.69000244140625,0.0
2018-03-26,1788944440275306.0,2257.7657163981353,70.12000274658203,71.05000305175781,69.66999816894531,70.63999938964844,28882.0,89.02999877929688,89.5199966430664,88.9800033569336,89.47000122070312,0.0
2018-03-27,1862226688101579.0,1598.8824137636443,70.11000061035156,71.02999877929688,69.45999908447266,70.20999908447266,15583.0,89.37000274658203,89.62999725341797,88.94000244140625,89.0199966430664,0.0
2018-03-28,1.2099354251879136e+16,1967.1226212503263,69.52999877929688,70.25,68.77999877929688,69.68000030517578,16988.0,90.05999755859375,90.1500015258789,89.25,89.31999969482422,0.0
2018-03-29,1.8556193425367012e+16,1956.9476280547633,70.2699966430664,70.43000030517578,69.12999725341797,69.80999755859375,37805.0,90.1500015258789,90.18000030517578,89.9000015258789,90.06999969482422,0.0
2018-03-30,8921060489961731.0,2419.4400449693544,70.2699966430664,70.43000030517578,69.12999725341797,69.80999755859375,37805.0,90.1500015258789,90.18000030517578,89.9000015258789,90.06999969482422,0.0
2018-04-02,1.3013291934075694e+16,2174.5243607871253,67.63999938964844,70.02999877929688,67.4800033569336,69.41999816894531,25064.0,90.05000305175781,90.1500015258789,89.81999969482422,89.97000122070312,0.0
2018-04-03,1790658182461369.0,1458.6981846051456,68.12000274658203,68.41999816894531,67.58999633789062,67.6500015258789,22815.0,90.1999969482422,90.27999877929688,89.8499984741211,90.0199966430664,0.0
2018-04-04,5904664267680341.0,2187.112771805947,68.0199966430664,68.2699966430664,66.69999694824219,68.13999938964844,39674.0,90.13999938964844,90.2300033569336,89.91999816894531,90.16000366210938,0.0
2018-04-05,7581576314412351.0,2612.5070099010477,68.33000183105469,68.91999816894531,67.7300033569336,68.3499984741211,28888.0,90.45999908447266,90.58999633789062,90.06999969482422,90.08999633789062,0.0
2018-04-06,1.6979964951298152e+16,1798.4939283183523,67.11000061035156,68.62000274658203,66.86000061035156,68.58999633789062,30749.0,90.11000061035156,90.5999984741211,90.06999969482422,90.37999725341795,0.0
2018-04-09,6546422505985612.0,1049.570802421894,68.6500015258789,68.80000305175781,67.02999877929688,67.02999877929688,23967.0,89.83999633789062,90.2699966430664,89.81999969482422,90.06999969482422,0.0
2018-04-10,1.8067904302492428e+16,2201.9786393280965,71.04000091552734,71.31999969482422,68.4800033569336,68.55999755859375,45123.0,89.58999633789062,89.97000122070312,89.54000091552734,89.83000183105469,0.0
2018-04-11,6351847375185133.0,2091.4037937051985,72.05999755859375,73.08000183105469,70.55999755859375,71.02999877929688,50064.0,89.56999969482422,89.66999816894531,89.36000061035156,89.58000183105469,0.0
2018-04-12,1.7502065259504986e+16,2699.038982954181,72.0199966430664,72.45999908447266,71.08999633789062,71.93000030517578,38029.0,89.75,89.95999908447266,89.44000244140625,89.5199966430664,0.0
2018-04-13,1.6392238524048664e+16,1712.5783484664278,72.58000183105469,72.86000061035156,71.61000061035156,72.16999816894531,36895.0,89.80000305175781,89.87999725341797,89.66000366210938,89.76000213623047,0.0
2018-04-16,1.7581358047898484e+16,1336.9577817145575,71.41999816894531,72.87999725341797,71.12999725341797,72.62000274658203,33532.0,89.43000030517578,89.8499984741211,89.38999938964844,89.7699966430664,0.0
2018-04-17,9099645492111806.0,2057.568646586618,71.58000183105469,71.87999725341797,70.83000183105469,71.5999984741211,36784.0,89.5199966430664,89.66999816894531,89.2300033569336,89.41000366210938,0.0
2018-04-18,6288940250702623.0,2993.830819279142,73.4800033569336,73.91999816894531,71.6500015258789,71.7699966430664,34300.0,89.62000274658203,89.77999877929688,89.44999694824219,89.51000213623047,0.0
2018-04-19,1250616551694897.0,2010.456841934941,73.77999877929688,74.73999786376953,73.45999908447266,73.76000213623047,37579.0,89.94000244140625,89.94999694824219,89.5,89.62000274658203,0.0
2018-04-20,1.5264977779528954e+16,2536.540553647371,74.05999755859375,74.19999694824219,72.83000183105469,74.0,32478.0,90.31999969482422,90.4800033569336,89.88999938964844,89.9000015258789,0.0
2018-04-23,1.8215711008943364e+16,2508.6147131533944,74.70999908447266,75.11000061035156,73.12999725341797,73.87999725341797,41835.0,90.94000244140624,90.98999786376952,90.31999969482422,90.31999969482422,0.0
2018-04-24,1.4817124358054784e+16,2488.7319623782573,73.86000061035156,75.45999908447266,73.69999694824219,74.9000015258789,46897.0,90.7699966430664,91.08000183105467,90.70999908447266,90.91999816894533,0.0
2018-04-25,1.0853357647174082e+16,1651.5808698996848,74.0,74.18000030517578,73.18000030517578,73.94999694824219,38845.0,91.16999816894533,91.26000213623048,90.75,90.77999877929688,0.0
2018-04-26,8368446987913275.0,1964.447606013352,74.73999786376953,74.94999694824219,74.05999755859375,74.06999969482422,26826.0,91.55999755859376,91.63999938964844,90.95999908447266,91.20999908447266,0.0
2018-04-27,1.1040110539698544e+16,1475.87373339146,74.63999938964844,75.01000213623047,74.37999725341797,74.70999908447266,15535.0,91.54000091552734,91.98999786376952,91.48999786376952,91.58000183105467,0.0
2018-04-30,1204396366795283.0,1813.737972364312,75.16999816894531,75.36000061035156,73.55000305175781,74.37999725341797,1630.0,91.83999633789062,91.91999816894533,91.4800033569336,91.52999877929688,0.0
2018-05-01,1.842335946133559e+16,2778.821969351603,75.16999816894531,75.16999816894531,75.16999816894531,75.16999816894531,39208.0,92.4499969482422,92.56999969482422,91.8000030517578,91.80999755859376,0.0
2018-05-02,1.9345223802301976e+16,1948.7830235059016,73.36000061035156,73.62000274658203,72.37000274658203,73.20999908447266,34769.0,92.51000213623048,92.83000183105467,92.22000122070312,92.47000122070312,0.0
2018-05-03,1.5929465994459948e+16,2447.398341032103,73.62000274658203,74.08000183105469,72.4800033569336,73.13999938964844,35839.0,92.41000366210938,92.76000213623048,92.3499984741211,92.72000122070312,0.0
2018-05-04,1.3722458633043434e+16,2605.011195910707,74.87000274658203,75.05000305175781,73.25,73.76000213623047,30457.0,92.56999969482422,92.9000015258789,92.3499984741211,92.43000030517578,0.0
2018-05-07,1.3121521927894636e+16,1689.2581364864077,76.16999816894531,76.33000183105469,74.8499984741211,74.9800033569336,21266.0,92.75,92.97000122070312,92.4499969482422,92.56999969482422,0.0
2018-05-08,7454900848475022.0,2398.5957781560724,74.8499984741211,76.18000030517578,73.0999984741211,75.66000366210938,50813.0,93.12000274658205,93.27999877929688,92.6500015258789,92.7699966430664,0.0
2018-05-09,9108725645105460.0,2229.6024874095997,77.20999908447266,77.41000366210938,75.86000061035156,75.86000061035156,34902.0,93.04000091552734,93.41999816894533,92.83999633789062,93.06999969482422,0.0
2018-05-10,8139121441878137.0,2570.7950614975853,77.47000122070312,77.97000122070312,76.5,77.29000091552734,32445.0,92.6500015258789,93.16000366210938,92.54000091552734,93.08000183105467,0.0
2018-05-11,1.8592750797588108e+16,2263.492530173299,77.12000274658203,77.58999633789062,76.94999694824219,77.41000366210938,25651.0,92.54000091552734,92.83999633789062,92.37000274658205,92.69000244140624,0.0
2018-05-14,1.4249772352715212e+16,1636.847857195142,78.2300033569336,78.5199966430664,76.54000091552734,77.08999633789062,29917.0,92.58999633789062,92.69000244140624,92.23999786376952,92.5500030517578,0.0
2018-05-15,7882911866246656.0,2295.775777277101,78.43000030517578,79.44999694824219,77.9000015258789,78.52999877929688,41100.0,93.22000122070312,93.45999908447266,92.61000061035156,92.6500015258789,0.0
2018-05-16,1.6750168592191548e+16,1214.355715263204,79.27999877929688,79.33000183105469,77.62999725341797,78.12999725341797,31226.0,93.38999938964844,93.62999725341795,93.13999938964844,93.30999755859376,0.0
2018-05-17,1263291045235651.0,2435.483427188343,79.30000305175781,80.5,79.12000274658203,79.23999786376953,38385.0,93.47000122070312,93.56999969482422,93.12000274658205,93.26000213623048,0.0
2018-05-18,7239132716965995.0,2638.1243072301654,78.51000213623047,79.86000061035156,78.33000183105469,79.51000213623047,30828.0,93.63999938964844,93.83000183105467,93.33999633789062,93.5,0.0
2018-05-21,5285979424391197.0,2219.386670269569,79.22000122070312,79.58999633789062,78.11000061035156,78.52999877929688,19520.0,93.68000030517578,94.05999755859376,93.51000213623048,93.66999816894533,0.0
2018-05-22,1.2017323971264512e+16,2643.6302259139857,79.56999969482422,80.48999786376953,79.16999816894531,79.48999786376953,29522.0,93.61000061035156,93.7300033569336,93.29000091552734,93.54000091552734,0.0
2018-05-23,1.4731593732774948e+16,2330.8396121854407,79.80000305175781,79.8499984741211,78.2300033569336,79.48999786376953,30786.0,94.01000213623048,94.19000244140624,93.51000213623048,93.5500030517578,0.0
2018-05-24,966711522031673.0,1900.1979438004944,78.79000091552734,79.83999633789062,78.56999969482422,79.70999908447266,25431.0,93.77999877929688,93.9800033569336,93.61000061035156,93.91999816894533,0.0
2018-05-25,93850413656586.0,2780.69393818788,76.44000244140625,78.86000061035156,76.0,78.86000061035156,42387.0,94.19000244140624,94.27999877929688,93.75,93.8000030517578,0.0
2018-05-28,1.3880097935411244e+16,1139.0786215165883,76.44000244140625,78.86000061035156,76.0,78.86000061035156,42387.0,94.19000244140624,94.27999877929688,93.75,93.8000030517578,0.0
2018-05-29,1897040980121017.0,2308.1223863930472,75.38999938964844,76.18000030517578,74.51000213623047,75.5,19800.0,94.83000183105467,95.02999877929688,94.27999877929688,94.41000366210938,0.0
2018-05-30,1.1670737317420232e+16,1842.7336243828115,77.5,77.72000122070312,74.87999725341797,75.4000015258789,9673.0,94.1500015258789,94.97000122070312,94.04000091552734,94.81999969482422,0.0
2018-05-31,1.3370615233479924e+16,2411.663102349719,77.58999633789062,78.72000122070312,77.08000183105469,77.54000091552734,1039.0,93.98999786376952,94.25,93.72000122070312,94.06999969482422,0.0
2018-06-01,1927211351073289.0,2112.148251311353,77.58999633789062,77.58999633789062,77.58999633789062,77.58999633789062,35684.0,94.19000244140624,94.4499969482422,93.87999725341795,93.9499969482422,0.0
2018-06-04,1.3294022333877774e+16,1170.3156123554222,75.29000091552734,76.93000030517578,75.19999694824219,76.61000061035156,31642.0,94.0199966430664,94.1999969482422,93.66000366210938,94.16000366210938,0.0
2018-06-05,1.3159830598204928e+16,1317.7969841339695,75.37999725341797,75.7300033569336,73.81999969482422,75.5199966430664,43436.0,93.88999938964844,94.31999969482422,93.77999877929688,94.05999755859376,0.0
2018-06-06,1303361340397055.0,1664.4496515616647,75.36000061035156,76.26000213623047,74.47000122070312,75.08999633789062,37262.0,93.66000366210938,93.88999938964844,93.41999816894533,93.87999725341795,0.0
2018-06-07,1.3117121494974796e+16,1115.4304999693193,77.31999969482422,77.37000274658203,75.41999816894531,75.91000366210938,36710.0,93.4000015258789,93.58999633789062,93.20999908447266,93.58999633789062,0.0
2018-06-08,9077372103930580.0,1777.9182497737936,76.45999908447266,77.58000183105469,76.13999938964844,77.26000213623047,21902.0,93.5500030517578,93.81999969482422,93.38999938964844,93.44000244140624,0.0
2018-06-11,1.3725158111353358e+16,1909.0515346137208,76.45999908447266,76.81999969482422,75.52999877929688,76.38999938964844,22516.0,93.58000183105467,93.68000030517578,93.37000274658205,93.54000091552734,0.0
2018-06-12,1.2524151736971352e+16,1144.2803841772918,75.87999725341797,77.06999969482422,75.44999694824219,76.44999694824219,26330.0,93.8000030517578,93.91000366210938,93.47000122070312,93.66999816894533,0.0
2018-06-13,1.0855636658840306e+16,2966.309608344335,76.73999786376953,76.87000274658203,75.19999694824219,75.4800033569336,30468.0,93.70999908447266,94.02999877929688,93.5199966430664,93.83000183105467,0.0
2018-06-14,9823646855701328.0,2259.50751170214,75.94000244140625,76.91000366210938,75.7699966430664,76.55000305175781,24181.0,94.7699966430664,94.87000274658205,93.19000244140624,93.5,0.0
2018-06-15,1.6174294738614504e+16,2577.3775324649996,73.44000244140625,76.91000366210938,73.06999969482422,76.55000305175781,30144.0,94.79000091552734,95.12999725341795,94.6500015258789,94.91000366210938,0.0
2018-06-18,1410829436194188.0,1456.9492665947485,75.33999633789062,75.54000091552734,72.44000244140625,73.05000305175781,31861.0,94.75,95.0500030517578,94.6999969482422,94.79000091552734,0.0
2018-06-19,1525852004135693.0,2585.5219066332174,75.08000183105469,75.52999877929688,74.44999694824219,75.41999816894531,33282.0,95.08999633789062,95.3000030517578,94.52999877929688,94.73999786376952,0.0
2018-06-20,1.0984214755215014e+16,2677.4807390330534,74.73999786376953,75.8499984741211,74.11000061035156,75.0199966430664,47160.0,95.05999755859376,95.3000030517578,94.91999816894533,94.97000122070312,0.0
2018-06-21,1.7925230159937124e+16,1221.9424575074108,73.05000305175781,74.68000030517578,72.94000244140625,74.36000061035156,49077.0,94.87000274658205,95.52999877929688,94.68000030517578,95.12999725341795,0.0
2018-06-22,1.0392182104125524e+16,1865.803830231154,75.55000305175781,75.80999755859375,73.18000030517578,73.37000274658203,59882.0,94.5199966430664,94.87999725341795,94.43000030517578,94.86000061035156,0.0
2018-06-25,1.9551464915739664e+16,2220.989545357147,74.7300033569336,75.12999725341797,73.73999786376953,75.06999969482422,41565.0,94.27999877929688,94.6999969482422,94.20999908447266,94.5,0.0
2018-06-26,1.2187399750183964e+16,2445.5996765469094,76.30999755859375,76.69999694824219,74.12999725341797,74.75,41470.0,94.68000030517578,94.7699966430664,94.16999816894533,94.29000091552734,0.0
2018-06-27,1.0538369934108662e+16,1720.382273836086,77.62000274658203,78.16999816894531,76.27999877929688,76.4800033569336,24472.0,95.29000091552734,95.41999816894533,94.52999877929688,94.66999816894533,0.0
2018-06-28,1.0471681623753528e+16,1025.219746989327,77.8499984741211,78.4000015258789,77.11000061035156,77.51000213623047,14662.0,95.38999938964844,95.52999877929688,95.08999633789062,95.2699966430664,0.0
2018-06-29,1.1366717549859866e+16,2589.5330885417125,79.44000244140625,79.69999694824219,77.7699966430664,77.7699966430664,37117.0,94.62999725341795,95.31999969482422,94.4800033569336,95.3000030517578,0.0
2018-07-02,6394138911024556.0,2699.491961166913,77.30000305175781,78.93000030517578,77.18000030517578,78.9000015258789,30859.0,94.87000274658205,95.13999938964844,94.52999877929688,94.62999725341795,0.0
2018-07-03,8827350053263394.0,2783.989988850489,77.76000213623047,78.55999755859375,76.68000030517578,77.41999816894531,22785.0,94.58999633789062,94.9800033569336,94.55999755859376,94.83999633789062,0.0
2018-07-04,7848172606282496.0,1780.2802872123743,77.76000213623047,78.55999755859375,76.68000030517578,77.41999816894531,22785.0,94.58999633789062,94.9800033569336,94.55999755859376,94.83999633789062,0.0
2018-07-05,1.2541418113455772e+16,1378.9487296903333,77.38999938964844,78.48999786376953,77.30999755859375,78.11000061035156,27678.0,94.47000122070312,94.58999633789062,94.18000030517578,94.51000213623048,0.0
2018-07-06,1310274645170113.0,1725.1691100029796,77.11000061035156,77.69999694824219,76.37000274658203,77.58000183105469,25487.0,94.04000091552734,94.48999786376952,93.91999816894533,94.36000061035156,0.0
2018-07-09,1.6848854880567856e+16,1575.9982658627257,78.06999969482422,78.30999755859375,77.06999969482422,77.23999786376953,14925.0,94.08000183105467,94.20999908447266,93.70999908447266,93.97000122070312,0.0
2018-07-10,1.5186465137878792e+16,2792.4195851476584,78.86000061035156,79.5,78.20999908447266,78.25,19767.0,94.11000061035156,94.4800033569336,94.0199966430664,94.05999755859376,0.0
2018-07-11,1.5721079167419656e+16,1699.6507154571252,73.4000015258789,78.88999938964844,73.04000091552734,78.83000183105469,48913.0,94.72000122070312,94.7699966430664,94.08999633789062,94.1999969482422,0.0
2018-07-12,1182220975244371.0,2361.191989233436,74.44999694824219,75.12999725341797,72.68000030517578,73.77999877929688,46443.0,94.80999755859376,94.94000244140624,94.63999938964844,94.6999969482422,0.0
2018-07-13,1.4632477615392474e+16,1036.097892499898,75.33000183105469,75.91999816894531,73.2300033569336,74.33000183105469,27308.0,94.75,95.23999786376952,94.66999816894533,94.9000015258789,0.0
2018-07-16,1.6108149846798356e+16,1125.3025973138615,71.83999633789062,75.37000274658203,71.52999877929688,75.0,27134.0,94.51000213623048,94.7699966430664,94.41000366210938,94.69000244140624,0.0
2018-07-17,1.8222651245897044e+16,1297.1208387173078,72.16000366210938,72.77999877929688,71.36000061035156,71.9000015258789,28197.0,94.97000122070312,95.05999755859376,94.3000030517578,94.5500030517578,0.0
2018-07-18,1.6289228826211474e+16,2475.9581147842255,72.9000015258789,73.2699966430664,71.19999694824219,71.63999938964844,25625.0,95.08000183105467,95.41000366210938,94.95999908447266,95.02999877929688,0.0
2018-07-19,6224074610632767.0,1361.0056543123585,72.58000183105469,73.80000305175781,71.83000183105469,72.9800033569336,31672.0,95.16999816894533,95.6500015258789,94.93000030517578,95.08000183105467,0.0
2018-07-20,820384059381724.0,2795.6410033026486,73.06999969482422,73.47000122070312,72.29000091552734,72.58999633789062,24861.0,94.45999908447266,95.27999877929688,94.36000061035156,95.12999725341795,0.0
2018-07-23,1.0896714163458936e+16,1847.1496222282788,73.05999755859375,74.48999786376953,72.52999877929688,72.91999816894531,29479.0,94.66999816894533,94.72000122070312,94.20999908447266,94.43000030517578,0.0
2018-07-24,707109723604123.0,2475.602058623915,73.44000244140625,74.01000213623047,72.68000030517578,73.0,21747.0,94.61000061035156,94.86000061035156,94.4000015258789,94.66999816894533,0.0
2018-07-25,1.6993175725441168e+16,2394.964719300579,73.93000030517578,74.30000305175781,73.08000183105469,73.66000366210938,25329.0,94.36000061035156,94.66999816894533,94.13999938964844,94.58999633789062,0.0
2018-07-26,8416910417497056.0,2302.290816747054,74.54000091552734,74.81999969482422,73.77999877929688,74.3499984741211,26293.0,94.75,94.77999877929688,94.08000183105467,94.16000366210938,0.0
2018-07-27,9557659123017692.0,2908.752870134875,74.29000091552734,74.8499984741211,73.83000183105469,74.47000122070312,15109.0,94.68000030517578,94.91000366210938,94.62999725341795,94.76000213623048,0.0
2018-07-30,6188349687975605.0,2250.0687046533844,74.97000122070312,75.2699966430664,74.1500015258789,74.3499984741211,9053.0,94.36000061035156,94.76000213623048,94.26000213623048,94.66000366210938,0.0
2018-07-31,1.2747378370862524e+16,1908.0982629634748,74.25,75.0999984741211,74.18000030517578,74.88999938964844,1463.0,94.48999786376952,94.56999969482422,94.16000366210938,94.33000183105467,0.0
2018-08-01,6306704105378566.0,1350.8186480149338,74.25,74.25,74.25,74.25,23660.0,94.62000274658205,94.70999908447266,94.48999786376952,94.55999755859376,0.0
2018-08-02,825646461745272.0,1905.4658155633424,73.44999694824219,73.73999786376953,71.83999633789062,72.5999984741211,21038.0,95.16999816894533,95.19000244140624,94.61000061035156,94.62999725341795,0.0
2018-08-03,1519260868247025.0,1951.0998106970544,73.20999908447266,73.7300033569336,72.4800033569336,73.44000244140625,15946.0,95.13999938964844,95.37000274658205,94.9800033569336,95.18000030517578,0.0
2018-08-06,1.6359150707077884e+16,2671.2004362774005,73.75,74.45999908447266,73.13999938964844,73.29000091552734,20253.0,95.36000061035156,95.5199966430664,95.1999969482422,95.1999969482422,0.0
2018-08-07,8512110694921705.0,1950.6365740708488,74.6500015258789,74.9000015258789,73.5999984741211,73.66000366210938,18289.0,95.22000122070312,95.37000274658205,94.98999786376952,95.33999633789062,0.0
2018-08-08,1.6314092901606952e+16,1908.7631251978648,72.27999877929688,74.86000061035156,71.66000366210938,74.52999877929688,23735.0,95.0999984741211,95.41999816894533,94.98999786376952,95.13999938964844,0.0
2018-08-09,8589829513770227.0,2545.9084732460756,72.06999969482422,72.87999725341797,71.8499984741211,72.12999725341797,15939.0,95.5,95.62000274658205,95.02999877929688,95.0999984741211,0.0
2018-08-10,1.3323102116929264e+16,1640.9044231877567,72.80999755859375,73.13999938964844,71.41000366210938,72.0,16195.0,96.36000061035156,96.4499969482422,95.52999877929688,95.63999938964844,0.0
2018-08-13,1.5516277313829066e+16,2065.630265045718,72.61000061035156,73.08999633789062,71.04000091552734,72.98999786376953,17644.0,96.38999938964844,96.5199966430664,95.16000366210938,95.19000244140624,0.0
2018-08-14,1.990161124636033e+16,1871.2705914036744,72.45999908447266,73.93000030517578,72.0999984741211,72.87999725341797,20737.0,96.7300033569336,96.79000091552734,95.16000366210938,95.16999816894533,0.0
2018-08-15,1.9812758123993388e+16,2960.083892044731,70.76000213623047,72.44000244140625,70.30000305175781,72.16999816894531,25245.0,96.6999969482422,96.9800033569336,96.6500015258789,96.66000366210938,0.0
2018-08-16,1.8448181051303264e+16,2635.2839912035693,71.43000030517578,71.51000213623047,70.4000015258789,70.7699966430664,18403.0,96.6500015258789,96.7699966430664,96.31999969482422,96.72000122070312,0.0
2018-08-17,1.881629022366505e+16,1072.6178497258518,71.83000183105469,72.4800033569336,71.2699966430664,71.3499984741211,15051.0,96.0999984741211,96.66000366210938,96.08999633789062,96.61000061035156,0.0
2018-08-20,1.0320239059106784e+16,1238.1550313704383,72.20999908447266,72.73999786376953,71.44999694824219,71.77999877929688,18514.0,95.9000015258789,96.4000015258789,95.7699966430664,96.12999725341795,0.0
2018-08-21,1353810116967897.0,2313.689889599973,72.62999725341797,72.94999694824219,72.05999755859375,72.12999725341797,15578.0,95.26000213623048,95.75,95.08000183105467,95.73999786376952,0.0
2018-08-22,5742160038196541.0,2369.253158865808,74.77999877929688,74.98999786376953,72.68000030517578,72.75,19801.0,95.1500015258789,95.37999725341795,94.93000030517578,95.20999908447266,0.0
2018-08-23,1412645353356981.0,1392.2056079490176,74.7300033569336,74.88999938964844,74.20999908447266,74.88999938964844,14222.0,95.62000274658205,95.70999908447266,95.1500015258789,95.16999816894533,0.0
2018-08-24,9097100554753722.0,2317.1569435520105,75.81999969482422,76.4000015258789,74.69999694824219,74.73999786376953,19745.0,95.1500015258789,95.69000244140624,95.02999877929688,95.63999938964844,0.0
2018-08-27,9673452074033216.0,1895.4011834457317,76.20999908447266,76.3499984741211,75.4000015258789,75.61000061035156,9993.0,94.77999877929688,95.3000030517578,94.69000244140624,95.16999816894533,0.0
2018-08-28,9938805067008040.0,1452.660745908896,75.94999694824219,76.95999908447266,75.7300033569336,76.29000091552734,17281.0,94.72000122070312,94.91000366210938,94.43000030517578,94.7699966430664,0.0
2018-08-29,1262420744087845.0,1483.5826949222198,77.13999938964844,77.41999816894531,75.69999694824219,75.91000366210938,8895.0,94.5999984741211,94.93000030517578,94.52999877929688,94.7300033569336,0.0
2018-08-30,1.2600712980333136e+16,1980.2983441203753,77.7699966430664,78.0,77.20999908447266,77.30999755859375,9125.0,94.72000122070312,94.9000015258789,94.47000122070312,94.52999877929688,0.0
2018-08-31,1464200981532961.0,2858.135659285711,77.41999816894531,77.79000091552734,77.0999984741211,77.5,17690.0,95.13999938964844,95.22000122070312,94.5500030517578,94.6999969482422,0.0
2018-09-03,1.837968401007603e+16,1681.682122252239,77.41999816894531,77.79000091552734,77.0999984741211,77.5,17690.0,95.13999938964844,95.22000122070312,94.5500030517578,94.6999969482422,0.0
2018-09-04,1.1976074947159884e+16,2797.84150099657,78.16999816894531,79.70999908447266,77.45999908447266,78.19000244140625,36059.0,95.41999816894533,95.73999786376952,95.13999938964844,95.13999938964844,0.0
2018-09-05,1.5822053446237344e+16,2247.6678218893485,77.2699966430664,78.05999755859375,76.91999816894531,77.88999938964844,27811.0,95.12999725341795,95.66000366210938,95.08999633789062,95.4000015258789,0.0
2018-09-06,6863276544946317.0,2653.4482986729236,76.5,77.75,75.63999938964844,77.13999938964844,31739.0,95.0199966430664,95.20999908447266,94.93000030517578,95.0999984741211,0.0
2018-09-07,1.4896433143247456e+16,2778.80193167172,76.83000183105469,77.08000183105469,75.88999938964844,76.58000183105469,17798.0,95.37000274658205,95.45999908447266,94.87000274658205,95.0199966430664,0.0
2018-09-10,1.99022293265929e+16,2847.3201023416514,77.37000274658203,77.91000366210938,76.8499984741211,76.8499984741211,23036.0,95.1500015258789,95.55999755859376,95.02999877929688,95.43000030517578,0.0
2018-09-11,1.1186235207024322e+16,1183.326427096555,79.05999755859375,79.5199966430664,77.36000061035156,77.36000061035156,29921.0,95.05999755859376,95.3499984741211,94.87999725341795,95.1500015258789,0.0
2018-09-12,1.4397380205668198e+16,1663.0724033224,79.73999786376953,80.11000061035156,78.75,79.47000122070312,29906.0,94.8000030517578,95.27999877929688,94.7300033569336,95.0999984741211,0.0
2018-09-13,1.6509992205364242e+16,2601.8419467905624,78.18000030517578,79.7699966430664,77.87000274658203,79.7699966430664,28501.0,94.54000091552734,94.97000122070312,94.43000030517578,94.83000183105467,0.0
2018-09-14,1.1644154583246668e+16,1467.9671320281975,78.08999633789062,78.93000030517578,77.37999725341797,78.36000061035156,24296.0,94.9800033569336,95.0,94.36000061035156,94.5500030517578,0.0
2018-09-17,101906881639078.0,2416.4739962168055,78.05000305175781,78.88999938964844,77.7300033569336,78.06999969482422,21749.0,94.51000213623048,94.9800033569336,94.44000244140624,94.93000030517578,0.0
2018-09-18,8767960795193976.0,1682.3973380406535,79.02999877929688,79.72000122070312,77.5,77.88999938964844,22637.0,94.62000274658205,94.7300033569336,94.31999969482422,94.61000061035156,0.0
2018-09-19,1.0067619485229542e+16,1686.7858662461542,79.4000015258789,79.5,78.5199966430664,78.86000061035156,19118.0,94.5500030517578,94.7300033569336,94.31999969482422,94.54000091552734,0.0
2018-09-20,1.138308828372688e+16,1290.358849552332,78.69999694824219,79.81999969482422,78.5199966430664,79.33000183105469,22855.0,93.91000366210938,94.55999755859376,93.83000183105467,94.5500030517578,0.0
2018-09-21,1.7676389124277234e+16,1036.1614097585696,78.80000305175781,80.12000274658203,78.23999786376953,78.69999694824219,36594.0,94.22000122070312,94.33000183105467,93.80999755859376,93.88999938964844,0.0
2018-09-24,9185206582316900.0,1230.0919454324453,81.19999694824219,81.4800033569336,79.0999984741211,79.0999984741211,21939.0,94.26000213623048,94.37000274658205,93.83999633789062,94.2300033569336,0.0
2018-09-25,7032581449539445.0,1042.9873982278689,81.87000274658203,82.54000091552734,81.16999816894531,81.44999694824219,30081.0,94.12999725341795,94.37000274658205,94.01000213623048,94.25,0.0
2018-09-26,6174205386268653.0,1284.4604935050868,81.33999633789062,82.19000244140625,81.12000274658203,81.51000213623047,17271.0,94.19000244140624,94.4000015258789,93.9499969482422,94.16999816894533,0.0
2018-09-27,6860412162076244.0,2104.6271153116077,81.72000122070312,82.41999816894531,81.33999633789062,81.80999755859375,14317.0,95.0,95.0,94.20999908447266,94.26000213623048,0.0
2018-09-28,691017625948298.0,2375.5632425698445,82.72000122070312,82.8499984741211,81.54000091552734,81.54000091552734,38868.0,95.19000244140624,95.37000274658205,94.91999816894533,95.0199966430664,0.0
2018-10-01,1859163975134675.0,2152.136531723841,84.9800033569336,85.44000244140625,82.55999755859375,82.91999816894531,34024.0,95.3000030517578,95.37000274658205,95.0,95.11000061035156,0.0
2018-10-02,1.6702725379802424e+16,1517.8450828801826,84.80000305175781,85.37000274658203,84.31999969482422,85.05999755859375,25338.0,95.51000213623048,95.73999786376952,95.26000213623048,95.3000030517578,0.0
2018-10-03,1.4764824236326836e+16,2230.345501163314,86.29000091552734,86.72000122070312,84.01000213623047,84.70999908447266,31424.0,95.76000213623048,96.12000274658205,95.26000213623048,95.45999908447266,0.0
2018-10-04,1.17195480940352e+16,2069.260326193315,84.58000183105469,86.41999816894531,84.1500015258789,86.12999725341797,35552.0,95.75,96.12000274658205,95.5500030517578,96.0500030517578,0.0
2018-10-05,1.3548398744014572e+16,2330.2004503072767,84.16000366210938,85.11000061035156,83.91999816894531,84.70999908447266,27778.0,95.62000274658205,95.9499969482422,95.5199966430664,95.76000213623048,0.0
2018-10-08,1698727317526202.0,2309.784479931347,83.91000366210938,84.30999755859375,82.66000366210938,84.11000061035156,31603.0,95.7699966430664,96.02999877929688,95.58999633789062,95.62000274658205,0.0
2018-10-09,1457711064848406.0,2320.314925528449,85.0,85.44000244140625,83.72000122070312,83.7699966430664,39232.0,95.68000030517578,96.16000366210938,95.63999938964844,95.75,0.0
2018-10-10,1.2667504348052476e+16,2221.2595003789406,83.08999633789062,85.16000366210938,82.27999877929688,84.87999725341797,31715.0,95.51000213623048,95.79000091552734,95.37999725341795,95.58999633789062,0.0
2018-10-11,1.7599989621686476e+16,2367.9833344884387,80.26000213623047,82.61000061035156,79.80000305175781,82.58999633789062,48195.0,95.0199966430664,95.43000030517578,94.98999786376952,95.43000030517578,0.0
2018-10-12,8148871042492842.0,2962.6943028737537,80.43000030517578,81.47000122070312,79.22000122070312,80.27999877929688,37537.0,95.22000122070312,95.37000274658205,94.9499969482422,95.04000091552734,0.0
2018-10-15,1.2538909131128648e+16,2302.976358697854,80.77999877929688,81.91000366210938,79.8499984741211,80.97000122070312,31577.0,95.06999969482422,95.37000274658205,94.95999908447266,95.3499984741211,0.0
2018-10-16,1315424349430581.0,2701.399503589652,81.41000366210938,81.73999786376953,79.80000305175781,80.69999694824219,33816.0,95.0500030517578,95.1999969482422,94.79000091552734,95.0500030517578,0.0
2018-10-17,1.6019237817485232e+16,2078.291252448674,80.05000305175781,81.83999633789062,79.16999816894531,81.5999984741211,38202.0,95.58000183105467,95.66000366210938,95.05999755859376,95.08999633789062,0.0
2018-10-18,1.950330332596504e+16,1981.5292437992528,79.29000091552734,80.33000183105469,78.69000244140625,80.33000183105469,41270.0,95.9000015258789,95.98999786376952,95.48999786376952,95.66000366210938,0.0
2018-10-19,7276149250219464.0,2892.6669937806128,79.77999877929688,80.88999938964844,79.22000122070312,79.33999633789062,34401.0,95.70999908447266,96.08999633789062,95.54000091552734,95.9499969482422,0.0
2018-10-22,1096439767521248.0,2434.643501434188,79.83000183105469,80.38999938964844,78.97000122070312,80.08000183105469,37080.0,96.01000213623048,96.08999633789062,95.47000122070312,95.66000366210938,0.0
2018-10-23,9400250854345156.0,1034.697318902137,76.44000244140625,80.12000274658203,75.87999725341797,80.0199966430664,60226.0,95.95999908447266,96.16000366210938,95.80999755859376,96.02999877929688,0.0
2018-10-24,1.5353901241469852e+16,1995.5751262598728,76.16999816894531,77.55999755859375,75.12999725341797,76.19000244140625,57413.0,96.43000030517578,96.52999877929688,95.91000366210938,95.91999816894533,0.0
2018-10-25,1.5733264815154404e+16,1825.891929003967,76.88999938964844,77.05000305175781,75.37000274658203,75.69999694824219,33325.0,96.68000030517578,96.7300033569336,96.20999908447266,96.36000061035156,0.0
2018-10-26,1.6842028760357924e+16,1343.5244142693634,77.62000274658203,77.91000366210938,75.7699966430664,76.62000274658203,33549.0,96.36000061035156,96.86000061035156,96.29000091552734,96.58999633789062,0.0
2018-10-29,1.535503936167912e+16,1249.9987891187411,77.33999633789062,78.01000213623047,76.55000305175781,77.69000244140625,17057.0,96.58000183105467,96.6999969482422,96.3499984741211,96.44000244140624,0.0
2018-10-30,8512852299548557.0,1289.873148749287,75.91000366210938,77.31999969482422,75.11000061035156,76.83999633789062,19196.0,97.01000213623048,97.0199966430664,96.62000274658205,96.66000366210938,0.0
2018-10-31,1.5865195754589364e+16,2689.614943045382,75.47000122070312,76.88999938964844,75.47000122070312,76.18000030517578,2451.0,97.12999725341795,97.1999969482422,96.87999725341795,96.98999786376952,0.0
2018-11-01,1.8715547770988456e+16,2085.917257108162,75.5,75.5,75.5,75.5,33938.0,96.27999877929688,97.12000274658205,96.1999969482422,97.08000183105467,0.0
2018-11-02,8362796967927866.0,2008.3350475611608,72.83000183105469,73.4800033569336,72.16999816894531,72.66000366210938,36090.0,96.54000091552734,96.58999633789062,95.98999786376952,96.30999755859376,0.0
2018-11-05,1.7009947375394338e+16,2452.017371905124,73.16999816894531,74.12000274658203,72.2300033569336,72.75,28438.0,96.3499984741211,96.68000030517578,96.25,96.44000244140624,0.0
2018-11-06,1.5158920242198042e+16,2795.8000427932984,72.12999725341797,73.2699966430664,71.18000030517578,72.72000122070312,32871.0,96.31999969482422,96.4499969482422,96.1500015258789,96.33000183105467,0.0
2018-11-07,1.1007562709486654e+16,2724.474370517536,72.06999969482422,73.52999877929688,71.3499984741211,71.75,36648.0,96.0,96.45999908447266,95.68000030517578,95.98999786376952,0.0
2018-11-08,1.8280925896518216e+16,2029.8033430533549,70.6500015258789,73.05999755859375,70.51000213623047,72.13999938964844,39896.0,96.63999938964844,96.73999786376952,96.06999969482422,96.19000244140624,0.0
2018-11-09,1.8220222876266976e+16,1230.9336206088062,70.18000030517578,70.9800033569336,69.16000366210938,70.94999694824219,32611.0,96.91000366210938,97.01000213623048,96.62000274658205,96.62999725341795,0.0
2018-11-12,1.2908985192684796e+16,2300.366358033459,70.12000274658203,71.86000061035156,68.88999938964844,70.54000091552734,39814.0,97.54000091552734,97.69000244140624,96.97000122070312,97.0500030517578,0.0
2018-11-13,1106494773747912.0,1862.334439271414,65.47000122070312,69.66999816894531,64.63999938964844,69.13999938964844,56981.0,97.3000030517578,97.66000366210938,97.08000183105467,97.5999984741211,0.0
2018-11-14,1.645287642230268e+16,1681.5355989485697,66.12000274658203,67.62000274658203,65.01000213623047,65.27999877929688,47372.0,96.8000030517578,97.41000366210938,96.75,97.02999877929688,0.0
2018-11-15,702496808805299.0,1707.9015164456594,66.62000274658203,67.4000015258789,65.75,65.91999816894531,35140.0,96.93000030517578,97.38999938964844,96.7699966430664,97.01000213623048,0.0
2018-11-16,1.8543399423316504e+16,2152.2048319362348,66.76000213623047,68.37999725341797,66.0999984741211,66.75,37139.0,96.47000122070312,97.05999755859376,96.4000015258789,97.0500030517578,0.0
2018-11-19,1.2410992908056398e+16,1971.3877153358912,66.79000091552734,67.62000274658203,65.2699966430664,67.01000213623047,29353.0,96.19000244140624,96.56999969482422,96.12000274658205,96.43000030517578,0.0
2018-11-20,1.6574538825619148e+16,2735.8532502578123,62.529998779296875,66.95999908447266,61.7599983215332,66.91000366210938,44030.0,96.80999755859376,96.88999938964844,96.04000091552734,96.1999969482422,0.0
2018-11-21,1.3047288140554816e+16,2223.353729077502,63.47999954223633,64.45999908447266,62.40999984741211,62.40999984741211,41292.0,96.70999908447266,96.87000274658205,96.5,96.81999969482422,0.0
2018-11-22,1806657807223081.0,2809.0857492777195,63.47999954223633,64.45999908447266,62.40999984741211,62.40999984741211,41292.0,96.70999908447266,96.87000274658205,96.5,96.81999969482422,0.0
2018-11-23,1.904330165192209e+16,2154.454159271953,58.79999923706055,62.810001373291016,58.43000030517578,62.619998931884766,56080.0,96.91999816894533,96.9800033569336,96.4000015258789,96.51000213623048,0.0
2018-11-26,1.3032941526184672e+16,1301.0163048906802,60.47999954223633,61.09000015258789,58.599998474121094,59.150001525878906,35607.0,97.06999969482422,97.0999984741211,96.66000366210938,96.93000030517578,0.0
2018-11-27,1.1469966749515964e+16,1762.3268630386792,60.209999084472656,61.400001525878906,58.95000076293945,60.40999984741211,47106.0,97.37000274658205,97.5,96.97000122070312,97.02999877929688,0.0
2018-11-28,1775351517458374.0,2580.569837089068,58.7599983215332,61.2599983215332,58.560001373291016,60.83000183105469,18435.0,96.79000091552734,97.54000091552734,96.69000244140624,97.37000274658205,0.0
2018-11-29,1.4169960565678732e+16,1678.53431882364,59.5099983215332,60.369998931884766,57.52000045776367,58.77000045776367,8794.0,96.77999877929688,97.01000213623048,96.62999725341795,96.8499984741211,0.0
2018-11-30,1.1867536068908356e+16,2578.7302802748895,58.709999084472656,59.88999938964844,58.25,59.22999954223633,39344.0,97.2699966430664,97.30999755859376,96.70999908447266,96.76000213623048,0.0
2018-12-03,5062382625560557.0,2012.1736218992,61.689998626708984,62.59000015258789,59.5,59.88999938964844,33207.0,97.04000091552734,97.16000366210938,96.70999908447266,97.12999725341795,0.0
2018-12-04,8213515541216251.0,1238.2581510108816,62.08000183105469,63.560001373291016,61.2400016784668,61.86000061035156,35475.0,96.97000122070312,97.12999725341795,96.37999725341795,96.94000244140624,0.0
2018-12-05,583912459787554.0,1694.9430117723275,62.08000183105469,63.560001373291016,61.2400016784668,61.86000061035156,35475.0,96.97000122070312,97.12999725341795,96.37999725341795,96.94000244140624,0.0
2018-12-06,1.6242196527868894e+16,1025.8314130473564,60.060001373291016,61.959999084472656,58.38999938964844,61.70000076293945,60772.0,96.80999755859376,97.20999908447266,96.5500030517578,97.01000213623048,0.0
2018-12-07,1.0321991143779436e+16,2586.1600593172698,61.66999816894531,63.709999084472656,59.099998474121094,60.310001373291016,59861.0,96.51000213623048,96.91999816894533,96.51000213623048,96.8000030517578,0.0
2018-12-10,5814533014575463.0,1461.4073647707064,59.970001220703125,62.310001373291016,59.560001373291016,61.45000076293945,34114.0,97.22000122070312,97.23999786376952,96.36000061035156,96.72000122070312,0.0
2018-12-11,1.7371337316423232e+16,1126.1350033111569,60.20000076293945,61.09000015258789,59.619998931884766,59.88999938964844,31823.0,97.38999938964844,97.5500030517578,96.87000274658205,97.18000030517578,0.0
2018-12-12,8282551624716.0,2467.556464041806,60.150001525878906,61.41999816894531,59.9900016784668,60.5099983215332,31651.0,97.04000091552734,97.48999786376952,96.88999938964844,97.37999725341795,0.0
2018-12-13,7099687485455784.0,2108.4626856991995,61.45000076293945,62.02000045776367,59.34000015258789,60.310001373291016,29600.0,97.05999755859376,97.29000091552734,96.87999725341795,97.04000091552734,0.0
2018-12-14,6807247419039355.0,2137.1670055263367,60.279998779296875,61.75,59.91999816894531,61.65999984741211,24871.0,97.44000244140624,97.70999908447266,97.08000183105467,97.08999633789062,0.0
2018-12-17,1.6710995611798216e+16,1077.4770953532402,59.61000061035156,61.189998626708984,58.630001068115234,60.369998931884766,32165.0,97.0999984741211,97.45999908447266,97.0500030517578,97.43000030517578,0.0
2018-12-18,5606549035525159.0,1635.4261232957158,56.2599983215332,59.220001220703125,55.66999816894531,58.810001373291016,41690.0,97.13999938964844,97.16999816894533,96.6999969482422,97.12999725341795,0.0
2018-12-19,6625389022184737.0,2628.830305517621,57.2400016784668,58.099998474121094,56.029998779296875,56.209999084472656,47399.0,97.04000091552734,97.0999984741211,96.5500030517578,96.91000366210938,0.0
2018-12-20,9750049885529396.0,2220.658752457184,54.349998474121094,56.7400016784668,54.279998779296875,56.54999923706055,40553.0,96.27999877929688,97.04000091552734,96.16999816894533,96.98999786376952,0.0
2018-12-21,5505846103115415.0,1743.280338859587,53.81999969482422,55.29999923706055,52.810001373291016,54.81999969482422,40930.0,96.95999908447266,97.0500030517578,96.25,96.38999938964844,0.0
2018-12-24,1.8755975292461916e+16,1108.387414766644,50.470001220703125,54.63999938964844,50.380001068115234,53.58000183105469,19160.0,96.5500030517578,96.94000244140624,96.37999725341795,96.94000244140624,0.0
2018-12-25,1.7589144813636378e+16,1779.4553685633002,50.470001220703125,54.63999938964844,50.380001068115234,53.58000183105469,19160.0,96.5500030517578,96.94000244140624,96.37999725341795,96.94000244140624,0.0
2018-12-26,8784977948349427.0,1271.3111875741474,54.470001220703125,55.279998779296875,49.959999084472656,51.130001068115234,16444.0,97.0500030517578,97.12000274658205,96.52999877929688,96.58000183105467,0.0
2018-12-27,1.2584614468590796e+16,2790.6254023612823,52.15999984741211,54.91999816894531,51.9900016784668,54.91999816894531,8946.0,96.4800033569336,96.94000244140624,96.41000366210938,96.91999816894533,0.0
2018-12-28,5322244610017051.0,2333.5065332309337,52.20000076293945,53.5099983215332,51.630001068115234,53.029998779296875,31833.0,96.38999938964844,96.5199966430664,96.19000244140624,96.51000213623048,0.0
2018-12-31,1.6433338988356628e+16,1131.296763671727,53.79999923706055,54.790000915527344,52.65999984741211,53.060001373291016,21966.0,96.16999816894533,96.51000213623048,96.06999969482422,96.4000015258789,0.0
2019-01-01,1522743825648043.0,1487.8302430663537,53.79999923706055,54.790000915527344,52.65999984741211,53.060001373291016,21966.0,96.16999816894533,96.51000213623048,96.06999969482422,96.4000015258789,0.0
2019-01-02,1.6856926017675912e+16,2618.2869015861575,54.90999984741211,56.560001373291016,52.5,54.25,43517.0,96.81999969482422,96.95999908447266,95.81999969482422,96.13999938964844,0.0
2019-01-03,9836920830436958.0,1241.8493966225062,55.95000076293945,56.290000915527344,53.93000030517578,54.77000045776367,36535.0,96.30999755859376,96.75,96.20999908447266,96.72000122070312,0.0
2019-01-04,1.5254352693400658e+16,2956.5807544131817,57.060001373291016,58.29999923706055,55.36000061035156,55.58000183105469,42426.0,96.19000244140624,96.61000061035156,96.0500030517578,96.27999877929688,0.0
2019-01-07,1834811167383086.0,1554.0536021777943,57.33000183105469,58.91999816894531,57.279998779296875,57.369998931884766,41677.0,95.70999908447266,96.16000366210938,95.63999938964844,96.16000366210938,0.0
2019-01-08,1609673291766731.0,1044.734876165264,58.720001220703125,58.86000061035156,57.11000061035156,57.630001068115234,34135.0,95.9000015258789,96.02999877929688,95.68000030517578,95.69000244140624,0.0
2019-01-09,6696516494220609.0,1995.6903512330712,61.439998626708984,61.68000030517578,58.619998931884766,58.650001525878906,38989.0,95.22000122070312,95.91999816894533,95.12000274658205,95.80999755859376,0.0
2019-01-10,1236012606215296.0,2048.401385863731,61.68000030517578,61.900001525878906,60.45000076293945,61.33000183105469,31333.0,95.54000091552734,95.62000274658205,95.02999877929688,95.16000366210938,0.0
2019-01-11,1.4739079226390088e+16,1457.9062187857185,60.47999954223633,62.470001220703125,60.08000183105469,61.25,31369.0,95.66999816894533,95.76000213623048,95.1999969482422,95.44000244140624,0.0
2019-01-14,1379688049917161.0,2334.1394798001716,58.9900016784668,61.02000045776367,58.90999984741211,60.540000915527344,31241.0,95.58999633789062,95.72000122070312,95.4800033569336,95.6500015258789,0.0
2019-01-15,1.4220301018752646e+16,1049.000579148005,60.63999938964844,60.849998474121094,59.11000061035156,59.2599983215332,29948.0,95.97000122070312,96.26000213623048,95.47000122070312,95.56999969482422,0.0
2019-01-16,1.9893246701034404e+16,1224.7135941029162,61.31999969482422,61.43000030517578,60.040000915527344,60.63999938964844,32025.0,96.05999755859376,96.18000030517578,95.86000061035156,95.94000244140624,0.0
2019-01-17,1.205174914144622e+16,1322.9468620648909,61.18000030517578,61.540000915527344,60.040000915527344,61.18000030517578,30131.0,96.06999969482422,96.26000213623048,95.9800033569336,96.06999969482422,0.0
2019-01-18,1299539584259482.0,2291.187290625943,62.70000076293945,62.9900016784668,61.060001373291016,61.189998626708984,39637.0,96.33999633789062,96.38999938964844,96.01000213623048,96.06999969482422,0.0
2019-01-21,9715593549544636.0,1632.4940908628414,62.70000076293945,62.9900016784668,61.060001373291016,61.189998626708984,39637.0,96.33999633789062,96.38999938964844,96.01000213623048,96.06999969482422,0.0
2019-01-22,1.8423408253802056e+16,2645.827625679214,61.5,63.119998931884766,60.58000183105469,62.7400016784668,53602.0,96.3000030517578,96.4800033569336,96.22000122070312,96.33999633789062,0.0
2019-01-23,1.1184525777089856e+16,1829.3712377681268,61.13999938964844,62.29999923706055,60.220001220703125,61.56999969482422,35364.0,96.12000274658205,96.37000274658205,96.0500030517578,96.31999969482422,0.0
2019-01-24,1837396181985182.0,2615.733863543079,61.09000015258789,61.5,60.40999984741211,61.02000045776367,35861.0,96.5999984741211,96.68000030517578,96.04000091552734,96.06999969482422,0.0
2019-01-25,5711534475088209.0,2972.9463726618424,61.63999938964844,61.90999984741211,60.709999084472656,61.13999938964844,30262.0,95.79000091552734,96.52999877929688,95.73999786376952,96.48999786376952,0.0
2019-01-28,1.349064408910824e+16,2777.1353414050036,59.93000030517578,61.66999816894531,59.47999954223633,61.33000183105469,34315.0,95.75,95.91999816894533,95.63999938964844,95.79000091552734,0.0
2019-01-29,1.1998445614831832e+16,2027.4350285626704,61.31999969482422,61.790000915527344,59.7599983215332,59.97999954223633,18715.0,95.81999969482422,95.87000274658205,95.62000274658205,95.73999786376952,0.0
2019-01-30,1.6157763450330368e+16,1476.3935210904713,61.650001525878906,62.63999938964844,61.06999969482422,61.25,12039.0,95.33999633789062,95.9800033569336,95.25,95.79000091552734,0.0
2019-01-31,9168931116958816.0,1401.7843686172048,61.88999938964844,62.31999969482422,61.63999938964844,61.689998626708984,1288.0,95.58000183105467,95.62000274658205,95.16000366210938,95.3499984741211,0.0
2019-02-01,9997851027312796.0,2971.952631834016,61.869998931884766,61.869998931884766,61.869998931884766,61.869998931884766,30044.0,95.58000183105467,95.66000366210938,95.4000015258789,95.5500030517578,0.0
2019-02-04,1.4550372491393524e+16,1336.130753704198,62.5099983215332,63.630001068115234,61.279998779296875,62.70000076293945,36025.0,95.8499984741211,95.91999816894533,95.56999969482422,95.5999984741211,0.0
2019-02-05,6103081233034393.0,1287.5392368511266,61.97999954223633,63.02000045776367,61.720001220703125,62.779998779296875,27285.0,96.0999984741211,96.12000274658205,95.80999755859376,95.83000183105467,0.0
2019-02-06,1.5170233468900258e+16,1729.2062078358947,62.689998626708984,62.79999923706055,61.04999923706055,62.040000915527344,26542.0,96.41999816894533,96.41999816894533,96.04000091552734,96.05999755859376,0.0
2019-02-07,5439956430658655.0,1336.3077177236578,61.630001068115234,62.900001525878906,60.61000061035156,62.65999984741211,33982.0,96.51000213623048,96.66999816894533,96.37999725341795,96.38999938964844,0.0
2019-02-08,1118783400550924.0,1857.5883819259695,62.099998474121094,62.349998474121094,61.04999923706055,61.599998474121094,36111.0,96.63999938964844,96.69000244140624,96.4499969482422,96.5999984741211,0.0
2019-02-11,1591006275043782.0,1782.079940016854,61.5099983215332,62.34000015258789,60.900001525878906,62.0,35285.0,97.05999755859376,97.12000274658205,96.62000274658205,96.66000366210938,0.0
2019-02-12,1202867260080132.0,2067.0500508082437,62.41999816894531,63.31999969482422,61.540000915527344,61.599998474121094,36801.0,96.70999908447266,97.1999969482422,96.6500015258789,97.05999755859376,0.0
2019-02-13,1431791577520688.0,2836.9211235791836,63.61000061035156,63.959999084472656,62.650001525878906,62.650001525878906,33859.0,97.12999725341795,97.18000030517578,96.62999725341795,96.7300033569336,0.0
2019-02-14,1.811955914701296e+16,2214.4899935431517,64.56999969482422,64.80999755859375,63.279998779296875,63.630001068115234,39526.0,96.9800033569336,97.29000091552734,96.9499969482422,97.13999938964844,0.0
2019-02-15,1.3063910033227194e+16,1535.6340797059056,66.25,66.4000015258789,64.43000030517578,64.61000061035156,36154.0,96.91999816894533,97.37000274658205,96.83000183105467,97.05999755859376,0.0
2019-02-18,1.3272762465000948e+16,2844.673481764247,66.25,66.4000015258789,64.43000030517578,64.61000061035156,36154.0,96.91999816894533,97.37000274658205,96.83000183105467,97.05999755859376,0.0
2019-02-19,1.3041972146473964e+16,2501.6027805956533,66.44999694824219,66.83000183105469,65.58000183105469,66.30999755859375,46238.0,96.5199966430664,97.08999633789062,96.43000030517578,96.80999755859376,0.0
2019-02-20,1367156308110002.0,1144.1374617965653,67.08000183105469,67.37000274658203,65.62999725341797,66.36000061035156,29155.0,96.4499969482422,96.6500015258789,96.29000091552734,96.52999877929688,0.0
2019-02-21,1588930215812681.0,2228.1197311549668,67.06999969482422,67.31999969482422,66.69999694824219,67.1500015258789,27113.0,96.61000061035156,96.66000366210938,96.36000061035156,96.48999786376952,0.0
2019-02-22,1.5605433001154716e+16,1502.5220644420324,67.12000274658203,67.7300033569336,66.83000183105469,66.88999938964844,23973.0,96.51000213623048,96.77999877929688,96.43000030517578,96.58999633789062,0.0
2019-02-25,9062087239379004.0,1491.579456990331,64.76000213623047,67.47000122070312,64.55999755859375,66.80000305175781,31914.0,96.41000366210938,96.5999984741211,96.31999969482422,96.5199966430664,0.0
2019-02-26,8783060111138202.0,1527.049654813294,65.20999908447266,65.72000122070312,64.33999633789062,64.72000122070312,18661.0,96.0,96.45999908447266,95.9499969482422,96.38999938964844,0.0
2019-02-27,1.2166011094168764e+16,1223.3829357146833,66.38999938964844,66.69999694824219,65.30000305175781,65.54000091552734,10200.0,96.1500015258789,96.19000244140624,95.87999725341795,96.05999755859376,0.0
2019-02-28,1182312127168583.0,1128.1562548237753,66.02999877929688,66.36000061035156,65.75,66.31999969482422,28959.0,96.16000366210938,96.27999877929688,95.81999969482422,96.08999633789062,0.0
2019-03-01,1.6871027309235152e+16,2288.3114745904436,65.06999969482422,67.13999938964844,64.58999633789062,66.41000366210938,38355.0,96.52999877929688,96.5500030517578,96.06999969482422,96.22000122070312,0.0
2019-03-04,1.6231248592078364e+16,1231.0827761103697,65.66999816894531,66.33999633789062,65.01000213623047,65.01000213623047,28931.0,96.68000030517578,96.81999969482422,96.33000183105467,96.33999633789062,0.0
2019-03-05,1.2369118877343316e+16,2258.99163396576,65.86000061035156,66.22000122070312,65.04000091552734,65.72000122070312,28346.0,96.8499984741211,97.01000213623048,96.66000366210938,96.68000030517578,0.0
2019-03-06,7929785481902367.0,1485.3461079924173,65.98999786376953,66.16999816894531,65.2300033569336,65.62999725341797,41210.0,96.87000274658205,96.98999786376952,96.77999877929688,96.9000015258789,0.0
2019-03-07,1.2101425810272028e+16,2202.466953486482,66.30000305175781,66.98999786376953,65.76000213623047,65.93000030517578,35738.0,97.66999816894533,97.70999908447266,96.81999969482422,96.83000183105467,0.0
2019-03-08,1.3373030727518822e+16,2865.165779384129,65.73999786376953,66.08000183105469,64.01000213623047,66.06999969482422,49867.0,97.37000274658205,97.63999938964844,97.25,97.61000061035156,0.0
2019-03-11,1.6731039866925832e+16,1729.571821910249,66.58000183105469,66.77999877929688,65.6500015258789,65.7300033569336,37538.0,97.22000122070312,97.4499969482422,97.16000366210938,97.38999938964844,0.0
2019-03-12,9282272949471698.0,2156.2858407562435,66.66999816894531,67.38999938964844,66.3499984741211,66.68000030517578,37897.0,96.94000244140624,97.27999877929688,96.86000061035156,97.0500030517578,0.0
2019-03-13,6830902055333726.0,1255.9737617307983,67.55000305175781,67.75,66.70999908447266,66.87999725341797,36739.0,96.5500030517578,97.0199966430664,96.38999938964844,97.01000213623048,0.0
2019-03-14,1.5676966103218024e+16,2035.342887447538,67.2300033569336,68.12999725341797,67.02999877929688,67.58999633789062,32817.0,96.79000091552734,96.81999969482422,96.47000122070312,96.48999786376952,0.0
2019-03-15,1.7461211414848564e+16,2203.6025169106474,67.16000366210938,67.70999908447266,66.13999938964844,67.12999725341797,34969.0,96.5999984741211,96.79000091552734,96.48999786376952,96.72000122070312,0.0
2019-03-18,9385687610166234.0,2365.19435956226,67.54000091552734,67.69000244140625,66.69999694824219,67.05000305175781,31752.0,96.5199966430664,96.62999725341795,96.37999725341795,96.56999969482422,0.0
2019-03-19,1.4792430220462108e+16,1891.4001852758577,67.61000061035156,68.22000122070312,67.13999938964844,67.44999694824219,30329.0,96.37999725341795,96.5199966430664,96.29000091552734,96.51000213623048,0.0
2019-03-20,6393826302238231.0,1195.468366105766,68.5,68.56999969482422,67.19000244140625,67.5199966430664,35132.0,95.76000213623048,96.56999969482422,95.73999786376952,96.4000015258789,0.0
2019-03-21,1.0652583504039288e+16,1161.4078391308428,67.86000061035156,68.69999694824219,67.61000061035156,68.31999969482422,35417.0,96.5,96.62999725341795,95.83999633789062,95.91000366210938,0.0
2019-03-22,6880172904151179.0,1109.6821387065402,67.02999877929688,67.97000122070312,66.20999908447266,67.70999908447266,45565.0,96.6500015258789,96.80999755859376,96.20999908447266,96.31999969482422,0.0
2019-03-25,8326098775540773.0,1599.7451113113543,67.20999908447266,67.63999938964844,66.37000274658203,66.93000030517578,36691.0,96.56999969482422,96.68000030517578,96.41000366210938,96.63999938964844,0.0
2019-03-26,1.6207823698313876e+16,1913.0231893468504,67.97000122070312,68.22000122070312,67.25,67.25,38187.0,96.73999786376952,96.8499984741211,96.4499969482422,96.5,0.0
2019-03-27,1.6100398665770976e+16,2977.5048297902213,67.83000183105469,68.3499984741211,67.19999694824219,67.87000274658203,26692.0,96.7699966430664,96.9800033569336,96.68000030517578,96.75,0.0
2019-03-28,1.148052320764538e+16,1176.5630076127668,67.81999969482422,68.0,66.55000305175781,67.87000274658203,11876.0,97.1999969482422,97.3000030517578,96.81999969482422,96.97000122070312,0.0
2019-03-29,5797542229812161.0,1684.739039485045,68.38999938964844,68.87999725341797,67.81999969482422,68.0,43566.0,97.27999877929688,97.33999633789062,97.01000213623048,97.1999969482422,0.0
2019-04-01,1.9897545344249656e+16,2627.861249728355,69.01000213623047,69.19000244140625,67.54000091552734,67.54000091552734,49439.0,97.25,97.3000030517578,97.02999877929688,97.18000030517578,0.0
2019-04-02,9146140139008836.0,2524.389576638804,69.37000274658203,69.5199966430664,68.69000244140625,69.20999908447266,46166.0,97.36000061035156,97.5199966430664,97.2699966430664,97.33000183105467,0.0
2019-04-03,9079406761189814.0,2274.0499134167976,69.30999755859375,69.95999908447266,68.80000305175781,69.79000091552734,46550.0,97.08999633789062,97.31999969482422,96.95999908447266,97.3000030517578,0.0
2019-04-04,1.8364925076049024e+16,2108.755302283357,69.4000015258789,70.01000213623047,68.87999725341797,69.48999786376953,37531.0,97.30999755859376,97.33999633789062,97.0199966430664,97.04000091552734,0.0
2019-04-05,1.6449502832636364e+16,2876.397325226018,70.33999633789062,70.47000122070312,68.93000030517578,69.26000213623047,36491.0,97.4000015258789,97.47000122070312,97.19000244140624,97.3000030517578,0.0
2019-04-08,1.1692803467425706e+16,2901.3303309441376,71.0999984741211,71.19000244140625,70.44000244140625,70.5,40966.0,97.0500030517578,97.4000015258789,96.9800033569336,97.38999938964844,0.0
2019-04-09,7297645026469896.0,1165.707724932555,70.61000061035156,71.33999633789062,70.30000305175781,71.08000183105469,37189.0,97.01000213623048,97.08999633789062,96.86000061035156,97.08000183105467,0.0
2019-04-10,1.1150516705032474e+16,1371.9593219515057,71.7300033569336,71.79000091552734,70.58000183105469,70.83000183105469,46506.0,96.9499969482422,97.22000122070312,96.8499984741211,96.98999786376952,0.0
2019-04-11,6436744827061577.0,2454.1345057876906,70.83000183105469,71.68000030517578,70.58000183105469,71.66000366210938,39968.0,97.18000030517578,97.19000244140624,96.87999725341795,96.88999938964844,0.0
2019-04-12,1.830272598749777e+16,2361.1448983811215,71.55000305175781,71.86000061035156,70.9000015258789,70.91999816894531,32729.0,96.97000122070312,97.18000030517578,96.75,97.13999938964844,0.0
2019-04-15,1.3779013864116516e+16,2217.639401229327,71.18000030517578,71.6500015258789,70.77999877929688,71.62000274658203,28582.0,96.94000244140624,97.18000030517578,96.79000091552734,96.93000030517578,0.0
2019-04-16,1.4129459189332274e+16,1683.917006625867,71.72000122070312,71.94000244140625,70.75,71.2699966430664,43907.0,97.04000091552734,97.08999633789062,96.87999725341795,96.93000030517578,0.0
2019-04-17,1364299467984592.0,1497.7607680982449,71.62000274658203,72.26000213623047,71.45999908447266,71.83999633789062,40910.0,97.01000213623048,97.12000274658205,96.81999969482422,97.06999969482422,0.0
2019-04-18,8430659835890172.0,1205.6696919927804,71.97000122070312,72.02999877929688,71.20999908447266,71.55000305175781,38122.0,97.47000122070312,97.48999786376952,96.95999908447266,97.01000213623048,0.0
2019-04-19,1.0952951589834272e+16,2220.718568170336,71.97000122070312,72.02999877929688,71.20999908447266,71.55000305175781,38122.0,97.47000122070312,97.48999786376952,96.95999908447266,97.01000213623048,0.0
2019-04-22,9144507060089708.0,1289.3001328136488,74.04000091552734,74.51000213623047,71.9000015258789,72.05000305175781,48893.0,97.27999877929688,97.41000366210938,97.26000213623048,97.37999725341795,0.0
2019-04-23,51723297266148.0,2818.977109037075,74.51000213623047,74.7300033569336,73.98999786376953,74.19999694824219,50165.0,97.56999969482422,97.77999877929688,97.27999877929688,97.27999877929688,0.0
2019-04-24,1299321434080988.0,1015.0850335218532,74.56999969482422,74.72000122070312,74.0,74.31999969482422,46326.0,98.0999984741211,98.19000244140624,97.58999633789062,97.5999984741211,0.0
2019-04-25,7872709090381788.0,1305.3064516284903,74.3499984741211,75.58999633789062,74.0,74.52999877929688,62237.0,98.1999969482422,98.31999969482422,97.98999786376952,98.0999984741211,0.0
2019-04-26,7796472053870326.0,1603.779317483254,72.1500015258789,74.41000366210938,71.29000091552734,74.30000305175781,32803.0,98.01000213623048,98.33000183105467,97.8499984741211,98.12000274658205,0.0
2019-04-29,1.7256315481213428e+16,1424.4202470835469,72.04000091552734,72.5,71.11000061035156,71.69999694824219,16694.0,97.86000061035156,98.0999984741211,97.83000183105467,98.02999877929688,0.0
2019-04-30,7373315593008801.0,2172.2555968126944,72.80000305175781,73.19999694824219,71.7300033569336,72.0999984741211,43783.0,97.4800033569336,97.88999938964844,97.44000244140624,97.8499984741211,0.0
2019-05-01,1.1981505991146164e+16,1132.2604496124968,72.18000030517578,72.36000061035156,71.29000091552734,71.5199966430664,32617.0,97.69000244140624,97.7300033569336,97.1500015258789,97.52999877929688,0.0
2019-05-02,1.5794972471150092e+16,1611.4988580654642,70.75,72.22000122070312,69.68000030517578,72.1500015258789,51722.0,97.83000183105467,97.8499984741211,97.51000213623048,97.62999725341795,0.0
2019-05-03,1.979193634772594e+16,1333.447072403399,70.8499984741211,71.54000091552734,69.95999908447266,70.31999969482422,39000.0,97.5199966430664,98.0999984741211,97.4499969482422,97.83000183105467,0.0
2019-05-06,1.3114873517175864e+16,1863.99141294679,71.23999786376953,71.79000091552734,68.76000213623047,70.5999984741211,36208.0,97.5199966430664,97.70999908447266,97.45999908447266,97.55999755859376,0.0
2019-05-07,1.6461505027983408e+16,2091.6744032164383,69.87999725341797,71.30999755859375,69.38999938964844,71.16000366210938,48729.0,97.62999725341795,97.73999786376952,97.37999725341795,97.5199966430664,0.0
2019-05-08,1323296891569619.0,2559.6883808554094,70.37000274658203,70.80000305175781,69.31999969482422,69.81999969482422,45312.0,97.62000274658205,97.68000030517578,97.41999816894533,97.56999969482422,0.0
2019-05-09,7465260992845234.0,2773.5156628093214,70.38999938964844,70.63999938964844,69.4000015258789,70.2300033569336,46554.0,97.37000274658205,97.6999969482422,97.23999786376952,97.58000183105467,0.0
2019-05-10,1.1837580072338504e+16,2690.4190781437583,70.62000274658203,71.2300033569336,70.16999816894531,70.30000305175781,50395.0,97.33000183105467,97.4499969482422,97.12999725341795,97.43000030517578,0.0
2019-05-13,6918831163237214.0,2903.727855460939,70.2300033569336,72.56999969482422,69.7300033569336,70.9000015258789,62747.0,97.31999969482422,97.37000274658205,97.02999877929688,97.3000030517578,0.0
2019-05-14,1.1078253683073638e+16,1329.3345262955404,71.23999786376953,71.63999938964844,69.93000030517578,69.98999786376953,57905.0,97.52999877929688,97.55999755859376,97.2699966430664,97.31999969482422,0.0
2019-05-15,1.8341406722604224e+16,2573.509827990655,71.7699966430664,72.25,70.41999816894531,70.9800033569336,48596.0,97.56999969482422,97.6999969482422,97.44000244140624,97.52999877929688,0.0
2019-05-16,1.0820790044509304e+16,2874.523624818709,72.62000274658203,73.3499984741211,71.81999969482422,71.94999694824219,56835.0,97.83999633789062,97.87999725341795,97.44000244140624,97.54000091552734,0.0
2019-05-17,7700978676863296.0,2523.720636507591,72.20999908447266,73.2300033569336,71.77999877929688,72.86000061035156,43365.0,98.0,98.02999877929688,97.7699966430664,97.83000183105467,0.0
2019-05-20,1.2831871158768564e+16,2258.770081162233,71.97000122070312,73.38999938964844,71.58999633789062,73.0999984741211,48963.0,97.93000030517578,98.04000091552734,97.87999725341795,97.95999908447266,0.0
2019-05-21,6878998154396711.0,1616.3000765235702,72.18000030517578,72.5199966430664,71.61000061035156,72.02999877929688,55652.0,98.05999755859376,98.12999725341795,97.81999969482422,97.91999816894533,0.0
2019-05-22,7227755236381388.0,1959.6598513051188,70.98999786376953,72.0199966430664,70.41999816894531,71.87999725341797,57458.0,98.11000061035156,98.12000274658205,97.88999938964844,98.0199966430664,0.0
2019-05-23,1.4541427305771168e+16,1687.987124066011,67.76000213623047,70.7300033569336,67.0,70.69999694824219,80487.0,97.8499984741211,98.37000274658205,97.80999755859376,98.05999755859376,0.0
2019-05-24,1.3534015727669116e+16,1668.7326248694596,68.69000244140625,69.30000305175781,67.31999969482422,68.01000213623047,66452.0,97.61000061035156,97.91000366210938,97.5500030517578,97.83000183105467,0.0
2019-05-27,1.3191746355895712e+16,2426.378810918142,68.69000244140625,69.30000305175781,67.31999969482422,68.01000213623047,66452.0,97.61000061035156,97.91000366210938,97.5500030517578,97.83000183105467,0.0
2019-05-28,1.9061298670127884e+16,1000.9737816923416,70.11000061035156,70.58000183105469,68.55000305175781,69.0999984741211,65297.0,97.95999908447266,97.9800033569336,97.6999969482422,97.73999786376952,0.0
2019-05-29,1.8220025235384996e+16,1945.6509405544289,69.44999694824219,70.08999633789062,68.06999969482422,70.05000305175781,32769.0,98.13999938964844,98.20999908447266,97.86000061035156,97.93000030517578,0.0
2019-05-30,1.3979694186395818e+16,2666.831621102632,66.87000274658203,69.94999694824219,66.30000305175781,69.7300033569336,19076.0,98.13999938964844,98.27999877929688,98.08999633789062,98.12999725341795,0.0
2019-05-31,1.9723758206384796e+16,2613.5982074330864,64.48999786376953,66.7300033569336,64.41999816894531,66.70999908447266,67969.0,97.75,98.16999816894533,97.72000122070312,98.1500015258789,0.0
2019-06-03,1931060902063346.0,2424.969428399385,61.279998779296875,62.83000183105469,60.459999084472656,61.599998474121094,60640.0,97.13999938964844,97.8000030517578,97.11000061035156,97.63999938964844,0.0
2019-06-04,1.4673452186966028e+16,2863.7870027590734,61.970001220703125,62.099998474121094,60.220001220703125,60.84000015258789,58666.0,97.06999969482422,97.33999633789062,97.0,97.20999908447266,0.0
2019-06-05,7146762662798689.0,2756.964145219041,60.630001068115234,62.2599983215332,59.45000076293945,61.47999954223633,67012.0,97.37000274658205,97.37000274658205,96.75,97.12000274658205,0.0
2019-06-06,1.6092495112606104e+16,2262.113354727072,61.66999816894531,62.41999816894531,60.13999938964844,60.58000183105469,51701.0,97.02999877929688,97.3499984741211,96.77999877929688,97.29000091552734,0.0
2019-06-07,1858194371831308.0,1204.3900900818371,63.290000915527344,63.58000183105469,61.779998779296875,62.220001220703125,44888.0,96.61000061035156,97.18000030517578,96.45999908447266,97.01000213623048,0.0
2019-06-10,1.6285501131562236e+16,2318.178836673187,62.290000915527344,64.12999725341797,62.04999923706055,63.689998626708984,34096.0,96.76000213623048,96.94000244140624,96.62999725341795,96.6500015258789,0.0
2019-06-11,1.919759899605447e+16,2475.9131130028813,62.290000915527344,62.869998931884766,62.0099983215332,62.36000061035156,41448.0,96.69000244140624,96.87999725341795,96.63999938964844,96.75,0.0
2019-06-12,1.8959862070486596e+16,2949.339037349774,59.970001220703125,62.11000061035156,59.56999969482422,62.11000061035156,47691.0,97.0,97.0199966430664,96.58000183105467,96.70999908447266,0.0
2019-06-13,1.4525938495916294e+16,1965.767371818962,61.310001373291016,62.63999938964844,59.7599983215332,59.81999969482422,72728.0,97.01000213623048,97.08000183105467,96.87000274658205,96.95999908447266,0.0
2019-06-14,5845927881477531.0,1503.2855254302167,62.0099983215332,62.56999969482422,60.7400016784668,61.380001068115234,38166.0,97.56999969482422,97.58000183105467,96.94000244140624,97.01000213623048,0.0
2019-06-17,1.5377525584804536e+16,1610.037493076578,60.939998626708984,62.349998474121094,60.720001220703125,61.970001220703125,46699.0,97.55999755859376,97.5999984741211,97.33999633789062,97.5199966430664,0.0
2019-06-18,1972410737831646.0,2072.3548576182898,62.13999938964844,62.83000183105469,60.25,61.02000045776367,46430.0,97.63999938964844,97.7699966430664,97.37000274658205,97.52999877929688,0.0
2019-06-19,1.9480003746014052e+16,2109.1078491608414,61.81999969482422,62.52000045776367,61.38999938964844,62.25,51499.0,97.12000274658205,97.68000030517578,97.08999633789062,97.62999725341795,0.0
2019-06-20,1.3409451663453306e+16,1482.1426174177043,64.44999694824219,64.80999755859375,62.16999816894531,62.209999084472656,64896.0,96.62999725341795,97.1999969482422,96.56999969482422,97.18000030517578,0.0
2019-06-21,1.4408414009597128e+16,1696.7026252656367,65.19999694824219,65.75,63.9900016784668,64.73999786376953,51282.0,96.22000122070312,96.70999908447266,96.1500015258789,96.62000274658205,0.0
2019-06-24,1286432540774184.0,1071.2178455463904,64.86000061035156,65.80000305175781,64.0999984741211,65.54000091552734,39427.0,95.9800033569336,96.1999969482422,95.97000122070312,96.18000030517578,0.0
2019-06-25,1.0719104282889584e+16,2644.0913071764458,65.05000305175781,65.95999908447266,64.18000030517578,64.72000122070312,37722.0,96.16000366210938,96.36000061035156,95.83999633789062,96.0,0.0
2019-06-26,5761723452069073.0,1896.9545956192949,66.48999786376953,66.86000061035156,65.61000061035156,65.7699966430664,26217.0,96.20999908447266,96.33999633789062,96.06999969482422,96.18000030517578,0.0
2019-06-27,7522168651201313.0,2159.166486464896,66.55000305175781,66.79000091552734,65.6500015258789,66.08999633789062,13127.0,96.19000244140624,96.38999938964844,96.13999938964844,96.18000030517578,0.0
2019-06-28,1.0494628655100662e+16,1825.3730831911296,66.55000305175781,66.77999877929688,66.05999755859375,66.6500015258789,32575.0,96.12999725341795,96.3000030517578,96.0199966430664,96.19000244140624,0.0
2019-07-01,1.3058587159138758e+16,2174.569908817814,65.05999755859375,66.73999786376953,64.22000122070312,65.27999877929688,46308.0,96.83999633789062,96.87000274658205,96.25,96.25,0.0
2019-07-02,1.7883872221032884e+16,1146.130460144777,62.400001525878906,65.5,62.22999954223633,65.19000244140625,47774.0,96.7300033569336,96.87999725341795,96.5999984741211,96.80999755859376,0.0
2019-07-03,1.5536413584312138e+16,1472.0845607299843,63.81999969482422,64.0,62.06999969482422,62.75,35881.0,96.7699966430664,96.87000274658205,96.58999633789062,96.7300033569336,0.0
2019-07-04,1.988222242108621e+16,2670.594907582282,63.81999969482422,64.0,62.06999969482422,62.75,35881.0,96.7699966430664,96.87000274658205,96.58999633789062,96.7300033569336,0.0
2019-07-05,1.0632519704336066e+16,2007.3682116469,64.2300033569336,64.5199966430664,62.90999984741211,63.880001068115234,34614.0,97.25,97.44000244140624,96.72000122070312,96.72000122070312,0.0
2019-07-08,1.7457177582608968e+16,1049.2399139360382,64.11000061035156,65.12999725341797,63.79999923706055,64.37000274658203,29582.0,97.37999725341795,97.41999816894533,97.16000366210938,97.2300033569336,0.0
2019-07-09,1.958204290903567e+16,2889.2224374683196,64.16000366210938,65.0199966430664,63.7400016784668,63.91999816894531,28731.0,97.48999786376952,97.58999633789062,97.36000061035156,97.37999725341795,0.0
2019-07-10,9059507232743638.0,2228.856414664472,67.01000213623047,67.12999725341797,64.48999786376953,64.48999786376953,40838.0,97.0999984741211,97.5500030517578,97.04000091552734,97.51000213623048,0.0
2019-07-11,1.898861491432852e+16,1469.7629048697268,66.5199966430664,67.63999938964844,66.44000244140625,66.72000122070312,37676.0,97.0500030517578,97.1500015258789,96.8000030517578,97.05999755859376,0.0
2019-07-12,1.896637487672979e+16,2750.377705883616,66.72000122070312,67.2699966430664,66.51000213623047,66.77999877929688,31996.0,96.80999755859376,97.12000274658205,96.79000091552734,97.08000183105467,0.0
2019-07-15,1413015047164925.0,2269.4490709147813,66.4800033569336,67.45999908447266,66.06999969482422,66.6500015258789,35583.0,96.93000030517578,96.97000122070312,96.75,96.83999633789062,0.0
2019-07-16,1503904420118909.0,2147.3552203315644,64.3499984741211,67.08000183105469,63.849998474121094,66.12999725341797,41087.0,97.4000015258789,97.44000244140624,96.91999816894533,96.91999816894533,0.0
2019-07-17,5846660918880897.0,2118.0278379780007,63.65999984741211,65.27999877929688,63.22999954223633,64.33000183105469,34392.0,97.22000122070312,97.44000244140624,97.16000366210938,97.36000061035156,0.0
2019-07-18,1.0971440377017772e+16,1646.5481885847828,61.93000030517578,64.45999908447266,61.290000915527344,63.630001068115234,48628.0,96.79000091552734,97.26000213623048,96.66999816894533,97.1999969482422,0.0
2019-07-19,1.3290825856316668e+16,2843.0685627038333,62.470001220703125,63.34000015258789,61.84000015258789,62.58000183105469,36709.0,97.1500015258789,97.29000091552734,96.76000213623048,96.81999969482422,0.0
2019-07-22,1.9418440224710804e+16,2049.658372216877,63.2599983215332,64.0199966430664,62.77000045776367,62.90999984741211,33851.0,97.26000213623048,97.3000030517578,97.12999725341795,97.1500015258789,0.0
2019-07-23,5477082999117683.0,2623.634197916772,63.83000183105469,64.44999694824219,62.65999984741211,63.290000915527344,31220.0,97.70999908447266,97.73999786376952,97.3000030517578,97.3000030517578,0.0
2019-07-24,588057141152408.0,2659.1653432004655,63.18000030517578,64.66000366210938,62.59000015258789,64.23999786376953,42616.0,97.7300033569336,97.80999755859376,97.5500030517578,97.72000122070312,0.0
2019-07-25,1.0900118014859316e+16,1257.004027608143,63.38999938964844,64.2300033569336,63.029998779296875,63.150001525878906,27929.0,97.81999969482422,97.91999816894533,97.5,97.69000244140624,0.0
2019-07-26,1.2296166498203212e+16,1354.1648269214534,63.459999084472656,63.959999084472656,63.02000045776367,63.2400016784668,26232.0,98.01000213623048,98.08999633789062,97.76000213623048,97.79000091552734,0.0
2019-07-29,6373845718568622.0,1932.2715279611728,63.709999084472656,63.90999984741211,62.90999984741211,63.119998931884766,14517.0,98.04000091552734,98.16999816894533,97.9000015258789,97.98999786376952,0.0
2019-07-30,5989104414151179.0,2233.263227535223,64.72000122070312,65.04000091552734,63.849998474121094,63.849998474121094,11005.0,98.0500030517578,98.20999908447266,98.0199966430664,98.06999969482422,0.0
2019-07-31,1.996070965236272e+16,2149.1977826515295,65.16999816894531,65.36000061035156,64.54000091552734,64.61000061035156,34287.0,98.5199966430664,98.68000030517578,98.01000213623048,98.02999877929688,0.0
2019-08-01,1.3974947870508296e+16,1116.9479077484204,60.5,64.5199966430664,60.029998779296875,64.29000091552734,63060.0,98.38999938964844,98.93000030517578,98.2699966430664,98.58999633789062,0.0
2019-08-02,1.5209620355376062e+16,2466.02374130453,61.88999938964844,62.93000030517578,60.88999938964844,61.099998474121094,47421.0,98.0999984741211,98.4499969482422,98.0500030517578,98.41000366210938,0.0
2019-08-05,1.6491813445453196e+16,2278.975928827244,59.810001373291016,61.54999923706055,59.66999816894531,61.54999923706055,47722.0,97.5,98.13999938964844,97.41999816894533,98.11000061035156,0.0
2019-08-06,7392889568699143.0,2714.257831293742,58.939998626708984,60.540000915527344,58.56999969482422,60.0,34335.0,97.62999725341795,97.7699966430664,97.20999908447266,97.25,0.0
2019-08-07,1.7043880558636304e+16,1294.2095448899706,56.22999954223633,59.189998626708984,55.880001068115234,58.560001373291016,52628.0,97.54000091552734,97.8499984741211,97.30999755859376,97.55999755859376,0.0
2019-08-08,6023358536683149.0,2225.2670815042666,57.380001068115234,58.0099983215332,56.77000045776367,57.369998931884766,36965.0,97.62000274658205,97.73999786376952,97.43000030517578,97.5999984741211,0.0
2019-08-09,1.5605018548621056e+16,2750.044208381366,58.529998779296875,59.099998474121094,57.119998931884766,57.650001525878906,34015.0,97.48999786376952,97.63999938964844,97.36000061035156,97.56999969482422,0.0
2019-08-12,9038127738356322.0,1827.232715456926,58.56999969482422,58.869998931884766,57.880001068115234,58.36000061035156,30960.0,97.37999725341795,97.73999786376952,97.31999969482422,97.54000091552734,0.0
2019-08-13,9426209430596460.0,1570.590322357866,61.29999923706055,61.5,57.97999954223633,58.400001525878906,45522.0,97.80999755859376,97.8499984741211,97.31999969482422,97.4800033569336,0.0
2019-08-14,1966761013853075.0,1383.0681994198023,59.47999954223633,61.08000183105469,58.22999954223633,60.97999954223633,45545.0,97.98999786376952,98.0500030517578,97.66999816894533,97.8000030517578,0.0
2019-08-15,6237186689618002.0,1454.8361322792753,58.22999954223633,59.41999816894531,57.689998626708984,59.04999923706055,45864.0,98.13999938964844,98.23999786376952,97.81999969482422,97.9499969482422,0.0
2019-08-16,6373127348615388.0,1180.0295592035534,58.63999938964844,59.5,58.290000915527344,58.41999816894531,25244.0,98.13999938964844,98.33999633789062,98.11000061035156,98.12999725341795,0.0
2019-08-19,8579604995821852.0,1568.1980967800623,59.7400016784668,59.91999816894531,58.59000015258789,58.630001068115234,30652.0,98.3499984741211,98.38999938964844,98.12999725341795,98.16999816894533,0.0
2019-08-20,1.4246775817041864e+16,2557.76094999793,60.029998779296875,60.31999969482422,58.959999084472656,59.7400016784668,30782.0,98.19000244140624,98.4499969482422,98.12000274658205,98.36000061035156,0.0
2019-08-21,1.310752471231422e+16,2422.2901878735606,60.29999923706055,61.40999984741211,60.04999923706055,60.060001373291016,33717.0,98.3000030517578,98.33000183105467,97.9499969482422,98.16999816894533,0.0
2019-08-22,1.1695614617290294e+16,2155.564842232406,59.91999816894531,60.88999938964844,59.470001220703125,60.41999816894531,33800.0,98.16999816894533,98.38999938964844,98.08000183105467,98.25,0.0
2019-08-23,9493326265362844.0,1182.067953094815,59.34000015258789,60.279998779296875,58.31999969482422,60.040000915527344,41613.0,97.63999938964844,98.4499969482422,97.58999633789062,98.19000244140624,0.0
2019-08-26,725784959001106.0,2522.5492280677963,58.70000076293945,60.16999816894531,58.27000045776367,58.400001525878906,26628.0,98.08000183105467,98.08999633789062,97.4800033569336,97.58999633789062,0.0
2019-08-27,1.3009718008065696e+16,2819.810564521141,59.5099983215332,60.13999938964844,58.5099983215332,58.709999084472656,30198.0,98.0,98.0500030517578,97.86000061035156,98.0500030517578,0.0
2019-08-28,9509670100441228.0,1208.9864311557292,60.4900016784668,61.04999923706055,59.81999969482422,60.13999938964844,17141.0,98.20999908447266,98.26000213623048,98.0,98.01000213623048,0.0
2019-08-29,9181175463260516.0,2120.468100319824,61.08000183105469,61.18000030517578,60.0099983215332,60.4900016784668,10658.0,98.51000213623048,98.5500030517578,98.16000366210938,98.19000244140624,0.0
2019-08-30,1.7386362850059184e+16,1734.6574891568748,60.43000030517578,61.13999938964844,60.29999923706055,61.029998779296875,41940.0,98.91999816894533,99.0199966430664,98.41000366210938,98.43000030517578,0.0
2019-09-02,1.6247689426671292e+16,2739.8182973859434,60.43000030517578,61.13999938964844,60.29999923706055,61.029998779296875,41940.0,98.91999816894533,99.0199966430664,98.41000366210938,98.43000030517578,0.0
2019-09-03,1.1295197379845038e+16,2463.033507146399,58.2599983215332,59.25,57.220001220703125,59.06999969482422,51149.0,98.9499969482422,99.37000274658205,98.91999816894533,99.08000183105467,0.0
2019-09-04,1656845942855004.0,2049.977048677953,60.70000076293945,60.959999084472656,58.09000015258789,58.2400016784668,36192.0,98.4499969482422,98.97000122070312,98.38999938964844,98.95999908447266,0.0
2019-09-05,1.838551568166373e+16,2539.348670640952,60.95000076293945,62.38999938964844,60.25,60.5099983215332,37813.0,98.41000366210938,98.54000091552734,98.08999633789062,98.4000015258789,0.0
2019-09-06,1393210830056716.0,2482.1312438648715,61.540000915527344,61.880001068115234,59.40999984741211,60.810001373291016,37585.0,98.38999938964844,98.5199966430664,98.01000213623048,98.41999816894533,0.0
2019-09-09,1.0097351069449376e+16,2123.920022309813,62.59000015258789,62.9900016784668,61.540000915527344,61.540000915527344,31505.0,98.27999877929688,98.51000213623048,98.13999938964844,98.41999816894533,0.0
2019-09-10,589685294059045.0,2680.692929540159,62.380001068115234,63.77000045776367,62.16999816894531,62.7400016784668,32170.0,98.33000183105467,98.45999908447266,98.26000213623048,98.33000183105467,0.0
2019-09-11,1.966231866202892e+16,1079.8682007008244,60.810001373291016,63.25,60.52000045776367,62.68000030517578,37485.0,98.6500015258789,98.75,97.86000061035156,98.33000183105467,0.0
2019-09-12,1714776280562637.0,1129.8599940409204,60.380001068115234,61.38999938964844,58.90999984741211,61.029998779296875,44952.0,98.30999755859376,99.0999984741211,98.19000244140624,98.62999725341795,0.0
2019-09-13,9025588608618624.0,2227.004004262727,60.220001220703125,60.79999923706055,59.599998474121094,60.40999984741211,26153.0,98.26000213623048,98.43000030517578,98.0,98.41000366210938,0.0
2019-09-16,7770497553156432.0,1819.276410603094,69.0199966430664,71.0,64.77999877929688,67.0,69899.0,98.6500015258789,98.70999908447266,98.02999877929688,98.12000274658205,0.0
2019-09-17,1.1172839290992436e+16,1692.7551486636698,64.55000305175781,69.25,63.560001373291016,68.16999816894531,87185.0,98.26000213623048,98.73999786376952,98.19000244140624,98.6500015258789,0.0
2019-09-18,1760357950454042.0,2195.5543012038074,63.599998474121094,64.98999786376953,63.06999969482422,64.25,37459.0,98.5999984741211,98.69000244140624,98.19000244140624,98.20999908447266,0.0
2019-09-19,109789167924266.0,2138.1567936182537,64.4000015258789,65.56999969482422,63.470001220703125,63.650001525878906,36971.0,98.2699966430664,98.62000274658205,98.1999969482422,98.56999969482422,0.0
2019-09-20,1.884294363709981e+16,1471.4976214201768,64.27999877929688,65.2699966430664,64.05000305175781,64.9800033569336,23355.0,98.51000213623048,98.63999938964844,98.13999938964844,98.33999633789062,0.0
2019-09-23,7823012289590635.0,1403.346211741369,64.7699966430664,65.31999969482422,63.540000915527344,65.31999969482422,25895.0,98.5999984741211,98.83000183105467,98.4499969482422,98.51000213623048,0.0
2019-09-24,999227833229749.0,1541.1404330351363,63.099998474121094,64.52999877929688,62.349998474121094,64.4800033569336,30503.0,98.33999633789062,98.70999908447266,98.29000091552734,98.63999938964844,0.0
2019-09-25,1.9192107162907224e+16,2184.6474220603286,62.38999938964844,62.810001373291016,61.220001220703125,62.43000030517578,25272.0,99.04000091552734,99.05999755859376,98.36000061035156,98.37999725341795,0.0
2019-09-26,1.6320222092227624e+16,1400.7019630224988,62.7400016784668,62.91999816894531,61.459999084472656,62.58000183105469,11043.0,99.20999908447266,99.27999877929688,98.83999633789062,98.95999908447266,0.0
2019-09-27,9244420580729706.0,1901.5293783370453,61.90999984741211,62.720001220703125,60.77000045776367,62.529998779296875,9063.0,99.11000061035156,99.30999755859376,98.98999786376952,99.19000244140624,0.0
2019-09-30,5758536036755761.0,1013.0801305142596,60.779998779296875,62.08000183105469,60.77000045776367,61.880001068115234,34510.0,99.37999725341795,99.45999908447266,99.0500030517578,99.12000274658205,0.0
2019-10-01,1.935444831387768e+16,1236.6264760322613,58.88999938964844,60.09000015258789,58.40999984741211,59.529998779296875,41174.0,99.12999725341795,99.66999816894533,99.06999969482422,99.4000015258789,0.0
2019-10-02,1.3361465132627276e+16,2211.567497862244,57.689998626708984,59.4900016784668,57.22999954223633,59.220001220703125,40386.0,99.04000091552734,99.41999816894533,98.95999908447266,99.16000366210938,0.0
2019-10-03,1.4887995722623216e+16,2001.129124672992,57.709999084472656,57.9900016784668,56.150001525878906,57.5,49093.0,98.86000061035156,99.19000244140624,98.63999938964844,99.02999877929688,0.0
2019-10-04,1192808935749913.0,1536.9848125544418,58.369998931884766,58.95000076293945,57.599998474121094,57.599998474121094,41717.0,98.80999755859376,99.0,98.73999786376952,98.87000274658205,0.0
2019-10-07,1.4236893006628132e+16,1715.7461322433862,58.349998474121094,59.66999816894531,57.70000076293945,57.70000076293945,28765.0,98.98999786376952,99.01000213623048,98.73999786376952,98.81999969482422,0.0
2019-10-08,1849983904971071.0,1908.4928252271773,58.2400016784668,58.93000030517578,57.369998931884766,58.470001220703125,38868.0,99.13999938964844,99.25,98.8499984741211,98.9800033569336,0.0
2019-10-09,1.4144998230087758e+16,1684.2386125095777,58.31999969482422,59.34000015258789,57.95000076293945,58.099998474121094,36036.0,99.12000274658205,99.16000366210938,98.9000015258789,99.08999633789062,0.0
2019-10-10,1.2899921791803596e+16,2603.488009233864,59.099998474121094,59.529998779296875,57.11000061035156,58.38999938964844,36561.0,98.70999908447266,99.06999969482422,98.62000274658205,98.9800033569336,0.0
2019-10-11,7712301983097594.0,1404.6650502424804,60.5099983215332,60.689998626708984,59.209999084472656,59.58000183105469,51613.0,98.3000030517578,98.73999786376952,98.1999969482422,98.6999969482422,0.0
2019-10-14,1.2675112248093704e+16,2609.63154712555,59.349998474121094,60.75,58.5099983215332,60.560001373291016,39154.0,98.4499969482422,98.52999877929688,98.33999633789062,98.36000061035156,0.0
2019-10-15,8192133481264952.0,1963.532405982177,58.7400016784668,59.68000030517578,58.0,59.290000915527344,49695.0,98.29000091552734,98.6500015258789,98.20999908447266,98.4499969482422,0.0
2019-10-16,8164266485728418.0,2775.116667291251,59.41999816894531,59.72999954223633,58.349998474121094,58.7599983215332,43443.0,98.01000213623048,98.41999816894533,97.9000015258789,98.31999969482422,0.0
2019-10-17,1.5741617407224458e+16,2417.6389296007105,59.90999984741211,60.029998779296875,58.63999938964844,59.099998474121094,44951.0,97.61000061035156,98.11000061035156,97.5,97.98999786376952,0.0
2019-10-18,1.6384683045539914e+16,1988.3798817218403,59.41999816894531,60.27000045776367,59.0,59.880001068115234,33528.0,97.27999877929688,97.66000366210938,97.13999938964844,97.5999984741211,0.0
2019-10-21,1.1897097183258664e+16,2310.9065000399405,58.959999084472656,59.540000915527344,58.2599983215332,59.36000061035156,35588.0,97.33000183105467,97.4000015258789,97.1500015258789,97.33999633789062,0.0
2019-10-22,1.3071797011666216e+16,2448.8840529131467,59.70000076293945,60.2599983215332,58.77000045776367,59.04999923706055,37803.0,97.52999877929688,97.56999969482422,97.26000213623048,97.30999755859376,0.0
2019-10-23,8567216084027021.0,2686.414475601558,61.16999816894531,61.29999923706055,58.849998474121094,59.630001068115234,37010.0,97.47000122070312,97.6500015258789,97.41999816894533,97.48999786376952,0.0
2019-10-24,1.6201876204455224e+16,1179.5671657602768,61.66999816894531,61.90999984741211,60.65999984741211,61.09000015258789,35367.0,97.62999725341795,97.77999877929688,97.27999877929688,97.45999908447266,0.0
2019-10-25,8842979437662262.0,1934.5045557385176,62.02000045776367,62.11000061035156,60.939998626708984,61.52000045776367,31392.0,97.83000183105467,97.9000015258789,97.56999969482422,97.69000244140624,0.0
2019-10-28,1714752582444327.0,2651.164584400069,61.56999969482422,62.34000015258789,61.20000076293945,61.9900016784668,24870.0,97.76000213623048,97.88999938964844,97.66999816894533,97.8499984741211,0.0
2019-10-29,1290021542301805.0,1932.2517475456737,61.59000015258789,61.97999954223633,60.66999816894531,61.650001525878906,16903.0,97.69000244140624,97.93000030517578,97.61000061035156,97.76000213623048,0.0
2019-10-30,1.6036397568805664e+16,1517.5790697872176,60.61000061035156,61.90999984741211,60.470001220703125,61.310001373291016,13275.0,97.6500015258789,98.0,97.4499969482422,97.66999816894533,0.0
2019-10-31,9920580853590552.0,1618.3622112703254,60.22999954223633,61.029998779296875,60.06999969482422,60.689998626708984,36213.0,97.3499984741211,97.4499969482422,97.22000122070312,97.44000244140624,0.0
2019-11-01,644697666676823.0,1141.1665493561854,61.689998626708984,61.810001373291016,59.400001525878906,59.54999923706055,28361.0,97.23999786376952,97.4499969482422,97.11000061035156,97.3000030517578,0.0
2019-11-04,1.4270948861189654e+16,2968.613621611949,62.130001068115234,62.779998779296875,61.290000915527344,62.0,28961.0,97.51000213623048,97.58000183105467,97.16999816894533,97.22000122070312,0.0
2019-11-05,8892686379151778.0,1269.1017157433816,62.959999084472656,63.16999816894531,61.900001525878906,62.060001373291016,27103.0,97.9800033569336,98.01000213623048,97.47000122070312,97.5500030517578,0.0
2019-11-06,1.3579408974077664e+16,1991.786816212339,61.7400016784668,63.31999969482422,61.59000015258789,62.939998626708984,34901.0,97.9499969482422,97.9800033569336,97.77999877929688,97.94000244140624,0.0
2019-11-07,1.9028493760895348e+16,1529.4896907967857,62.290000915527344,62.900001525878906,61.63999938964844,61.779998779296875,33158.0,98.13999938964844,98.2300033569336,97.81999969482422,97.9499969482422,0.0
2019-11-08,9528353467674740.0,2269.719367398924,62.5099983215332,62.689998626708984,60.65999984741211,62.34000015258789,34325.0,98.3499984741211,98.4000015258789,98.0999984741211,98.13999938964844,0.0
2019-11-11,1.2125391759918016e+16,2637.9998071182954,62.18000030517578,62.75,61.58000183105469,62.5099983215332,23316.0,98.1999969482422,98.37999725341795,98.12999725341795,98.37000274658205,0.0
2019-11-12,1804478637106923.0,1763.4990877327627,62.060001373291016,62.849998474121094,61.79999923706055,62.16999816894531,30687.0,98.30999755859376,98.41999816894533,98.20999908447266,98.20999908447266,0.0
2019-11-13,8638719363128649.0,1495.599107003794,62.369998931884766,62.72999954223633,61.22999954223633,61.970001220703125,33278.0,98.37000274658205,98.4499969482422,98.29000091552734,98.33000183105467,0.0
2019-11-14,1.7840638346719964e+16,1017.1375890141292,62.279998779296875,63.20000076293945,62.13999938964844,62.54999923706055,27803.0,98.16000366210938,98.41999816894533,98.11000061035156,98.33999633789062,0.0
2019-11-15,1072597464283698.0,1742.132771860984,63.29999923706055,63.63999938964844,61.70000076293945,62.33000183105469,32240.0,98.0,98.2300033569336,97.95999908447266,98.16999816894533,0.0
2019-11-18,8282935205346632.0,2987.4854431721456,62.439998626708984,63.58000183105469,61.939998626708984,63.29999923706055,29294.0,97.79000091552734,97.9800033569336,97.68000030517578,97.9800033569336,0.0
2019-11-19,1412815669929746.0,2654.3180281320306,60.90999984741211,62.54999923706055,60.630001068115234,62.33000183105469,32258.0,97.86000061035156,97.88999938964844,97.75,97.80999755859376,0.0
2019-11-20,1.0457830839371072e+16,1027.282650109079,62.400001525878906,62.79999923706055,60.29999923706055,60.7400016784668,39331.0,97.93000030517578,98.04000091552734,97.8499984741211,97.8499984741211,0.0
2019-11-21,9392063552107520.0,1339.2878788648031,63.970001220703125,64.02999877929688,61.93000030517578,62.439998626708984,36374.0,97.98999786376952,98.02999877929688,97.7300033569336,97.86000061035156,0.0
2019-11-22,1.0229228804966484e+16,2721.4925850166906,63.38999938964844,64.30000305175781,62.9900016784668,63.66999816894531,33785.0,98.2699966430664,98.30999755859376,97.83999633789062,97.93000030517578,0.0
2019-11-25,1.885697736943005e+16,2385.531807843966,63.650001525878906,63.790000915527344,62.959999084472656,63.459999084472656,25178.0,98.31999969482422,98.37999725341795,98.16999816894533,98.2699966430664,0.0
2019-11-26,1.5912966332485388e+16,1309.9317555953871,64.2699966430664,64.30999755859375,63.45000076293945,63.5099983215332,23433.0,98.25,98.37999725341795,98.2300033569336,98.33000183105467,0.0
2019-11-27,9223282057729488.0,1681.8684234870204,64.05999755859375,64.5999984741211,63.529998779296875,64.13999938964844,15263.0,98.41000366210938,98.44000244140624,98.27999877929688,98.3000030517578,0.0
2019-11-28,8555189014899888.0,2574.279354427084,64.05999755859375,64.5999984741211,63.529998779296875,64.13999938964844,15263.0,98.41000366210938,98.44000244140624,98.27999877929688,98.3000030517578,0.0
2019-11-29,6976260792750634.0,2131.33275708805,62.43000030517578,64.04000091552734,62.400001525878906,64.04000091552734,47386.0,98.2699966430664,98.54000091552734,98.2300033569336,98.3499984741211,0.0
2019-12-02,1.1787639256962244e+16,1138.8793334096626,60.91999816894531,62.08000183105469,60.5,60.79999923706055,39023.0,97.86000061035156,98.37999725341795,97.80999755859376,98.2699966430664,0.0
2019-12-03,1.755219437579398e+16,1523.8297441015577,60.81999969482422,61.59000015258789,60.29999923706055,60.90999984741211,32863.0,97.73999786376952,97.94000244140624,97.63999938964844,97.88999938964844,0.0
2019-12-04,1.4170347452623926e+16,1499.0330517667005,63.0,63.529998779296875,60.9900016784668,61.15999984741211,41730.0,97.6500015258789,97.79000091552734,97.43000030517578,97.70999908447266,0.0
2019-12-05,1.4220901179717034e+16,2038.352660182932,63.38999938964844,63.900001525878906,62.75,63.04999923706055,38903.0,97.41000366210938,97.5999984741211,97.36000061035156,97.58999633789062,0.0
2019-12-06,1.3983690032656448e+16,2262.459475137512,64.38999938964844,64.86000061035156,62.83000183105469,63.290000915527344,43303.0,97.6999969482422,97.83999633789062,97.36000061035156,97.37999725341795,0.0
2019-12-09,1945181131522286.0,1658.2318519523567,64.25,64.5,63.61000061035156,64.4000015258789,32410.0,97.63999938964844,97.72000122070312,97.55999755859376,97.68000030517578,0.0
2019-12-10,1.5050095056199386e+16,2152.1014101865703,64.33999633789062,64.68000030517578,63.77000045776367,64.0,31170.0,97.41000366210938,97.66000366210938,97.4000015258789,97.6500015258789,0.0
2019-12-11,1.8007683732285312e+16,1431.5631798421057,63.720001220703125,64.25,63.0099983215332,64.16000366210938,31647.0,97.16000366210938,97.5999984741211,97.04000091552734,97.51000213623048,0.0
2019-12-12,6009917306681426.0,2744.8686231113993,64.19999694824219,64.83999633789062,63.869998931884766,63.88999938964844,32866.0,97.4000015258789,97.5199966430664,97.04000091552734,97.08000183105467,0.0
2019-12-13,1.4622347835003006e+16,1608.5274682801614,65.22000122070312,65.77999877929688,64.38999938964844,64.41000366210938,34575.0,97.16999816894533,97.23999786376952,96.72000122070312,96.77999877929688,0.0
2019-12-16,1.818311811945157e+16,1802.6082403107312,65.33999633789062,65.6500015258789,64.87999725341797,64.9800033569336,31476.0,97.06999969482422,97.18000030517578,96.93000030517578,97.18000030517578,0.0
2019-12-17,1.001794532041218e+16,1851.178598323919,66.0999984741211,66.2300033569336,65.12000274658203,65.37000274658203,35092.0,97.20999908447266,97.3000030517578,97.02999877929688,97.13999938964844,0.0
2019-12-18,6178966218950347.0,1059.561785070237,66.16999816894531,66.41999816894531,65.56999969482422,65.83000183105469,31943.0,97.41000366210938,97.4800033569336,97.22000122070312,97.23999786376952,0.0
2019-12-19,1123650037233353.0,2249.950211617179,66.54000091552734,66.77999877929688,66.04000091552734,66.12000274658203,29280.0,97.41999816894533,97.48999786376952,97.22000122070312,97.4000015258789,0.0
2019-12-20,6519733201525687.0,1376.4723456698575,66.13999938964844,66.70999908447266,65.7300033569336,66.5199966430664,33986.0,97.70999908447266,97.76000213623048,97.37999725341795,97.4000015258789,0.0
2019-12-23,1.2431413610241344e+16,2184.6713756310637,66.38999938964844,66.5999984741211,65.80999755859375,66.20999908447266,21599.0,97.66000366210938,97.81999969482422,97.58000183105467,97.66999816894533,0.0
2019-12-24,1.6263756361414412e+16,1955.5862499717143,67.19999694824219,67.25,66.37000274658203,66.51000213623047,18562.0,97.6500015258789,97.8000030517578,97.62000274658205,97.66000366210938,0.0
2019-12-25,1.2209335502582262e+16,2230.38650083088,67.19999694824219,67.25,66.37000274658203,66.51000213623047,18562.0,97.6500015258789,97.8000030517578,97.62000274658205,97.66000366210938,0.0
2019-12-26,1.8712430573869828e+16,1007.1726861070872,67.91999816894531,67.94999694824219,67.19000244140625,67.37000274658203,10745.0,97.58999633789062,97.70999908447266,97.48999786376952,97.62999725341795,0.0
2019-12-27,1.1809960810159208e+16,1491.3306728633486,68.16000366210938,68.29000091552734,67.58000183105469,67.91999816894531,8223.0,96.91999816894533,97.5500030517578,96.91999816894533,97.54000091552734,0.0
2019-12-30,1188911039107969.0,2103.2546137993404,68.44000244140625,68.91000366210938,68.18000030517578,68.20999908447266,34100.0,96.73999786376952,97.0,96.61000061035156,97.0,0.0
2019-12-31,615410030529154.0,2235.303518507247,66.0,66.91999816894531,65.63999938964844,66.68000030517578,30892.0,96.38999938964844,96.7300033569336,96.36000061035156,96.7300033569336,0.0
2020-01-01,1.4195030811121544e+16,2179.8389334757044,66.0,66.91999816894531,65.63999938964844,66.68000030517578,30892.0,96.38999938964844,96.7300033569336,96.36000061035156,96.7300033569336,0.0
2020-01-02,1.2340463823455464e+16,2145.459360473722,66.25,66.56999969482422,65.7300033569336,66.47000122070312,25810.0,96.8499984741211,96.87000274658205,96.43000030517578,96.4800033569336,0.0
2020-01-03,1.9700033868724064e+16,2408.1453235427607,68.5999984741211,69.4800033569336,66.22000122070312,66.29000091552734,78848.0,96.83999633789062,97.11000061035156,96.70999908447266,96.79000091552734,0.0
2020-01-06,1.3762080245714048e+16,2494.2425038811525,68.91000366210938,70.72000122070312,68.19000244140625,69.06999969482422,51933.0,96.66999816894533,96.9000015258789,96.54000091552734,96.9000015258789,0.0
2020-01-07,1.2951128161811356e+16,2912.6443909299046,68.2699966430664,68.73999786376953,67.6500015258789,68.58000183105469,41178.0,96.9800033569336,97.08999633789062,96.62000274658205,96.6500015258789,0.0
2020-01-08,1.7256339006998448e+16,2210.167851129521,65.44000244140625,71.98999786376953,64.94000244140625,68.47000122070312,85232.0,97.3000030517578,97.33000183105467,96.81999969482422,96.83000183105467,0.0
2020-01-09,1.8699247351239344e+16,2103.9649424357635,65.37000274658203,66.08999633789062,64.55000305175781,65.79000091552734,50520.0,97.4499969482422,97.55999755859376,97.25,97.2699966430664,0.0
2020-01-10,1.2799560628023544e+16,1732.188976964962,64.9800033569336,65.66000366210938,64.86000061035156,65.41000366210938,46595.0,97.36000061035156,97.58000183105467,97.3000030517578,97.43000030517578,0.0
2020-01-13,1.991046219749265e+16,1792.0121149634845,64.19999694824219,65.25,63.91999816894531,65.18000030517578,35430.0,97.3499984741211,97.52999877929688,97.30999755859376,97.3499984741211,0.0
2020-01-14,597109678812202.0,1600.6889074043395,64.48999786376953,65.04000091552734,63.90999984741211,64.22000122070312,34682.0,97.37000274658205,97.55999755859376,97.33000183105467,97.36000061035156,0.0
2020-01-15,570697255101635.0,2798.59719623261,64.0,64.61000061035156,63.54999923706055,64.45999908447266,34164.0,97.2300033569336,97.44000244140624,97.16000366210938,97.37999725341795,0.0
2020-01-16,9318365009169738.0,1415.311647476802,64.62000274658203,64.95999908447266,63.91999816894531,64.30999755859375,38391.0,97.31999969482422,97.36000061035156,97.08999633789062,97.18000030517578,0.0
2020-01-17,1.8877876060747916e+16,1492.735115827945,64.8499984741211,65.13999938964844,64.48999786376953,64.75,35541.0,97.61000061035156,97.66000366210938,97.2699966430664,97.30999755859376,0.0
2020-01-20,5994796744193585.0,1186.0351549232612,64.8499984741211,65.13999938964844,64.48999786376953,64.75,35541.0,97.61000061035156,97.66000366210938,97.2699966430664,97.30999755859376,0.0
2020-01-21,1.9104705861054944e+16,1372.3268607207303,64.58999633789062,66.0,64.05999755859375,65.4000015258789,50484.0,97.52999877929688,97.66000366210938,97.38999938964844,97.62999725341795,0.0
2020-01-22,1.841424961020392e+16,2169.101299125164,63.209999084472656,64.58999633789062,62.529998779296875,64.54000091552734,35127.0,97.52999877929688,97.69000244140624,97.44000244140624,97.62000274658205,0.0
2020-01-23,1.0283214383027032e+16,2745.3175148612836,62.040000915527344,62.779998779296875,61.25,62.630001068115234,43330.0,97.69000244140624,97.8000030517578,97.43000030517578,97.4800033569336,0.0
2020-01-24,9043632918314804.0,1647.1541107263974,60.689998626708984,62.459999084472656,60.220001220703125,62.119998931884766,43263.0,97.8499984741211,97.9499969482422,97.66999816894533,97.72000122070312,0.0
2020-01-27,1.5903871258562378e+16,1102.2197238489643,59.31999969482422,60.4900016784668,58.5,60.279998779296875,39367.0,97.95999908447266,98.0,97.77999877929688,97.87999725341795,0.0
2020-01-28,1.1995022964429054e+16,1584.903134433525,59.5099983215332,60.11000061035156,58.5,58.95000076293945,41537.0,98.0199966430664,98.16000366210938,97.9000015258789,97.9499969482422,0.0
2020-01-29,1.4948641223335952e+16,2138.810819883607,59.810001373291016,60.61000061035156,59.25,59.66999816894531,21453.0,97.98999786376952,98.19000244140624,97.94000244140624,97.9499969482422,0.0
2020-01-30,1.6767128845093764e+16,2008.6872567416965,58.290000915527344,59.61000061035156,57.72999954223633,59.61000061035156,17435.0,97.87000274658205,98.06999969482422,97.79000091552734,98.02999877929688,0.0
2020-01-31,1.0708103329025062e+16,1923.8425039087515,58.15999984741211,59.529998779296875,57.97999954223633,59.06999969482422,68547.0,97.38999938964844,97.97000122070312,97.36000061035156,97.87000274658205,0.0
2020-02-03,8425506036009737.0,1040.1443085908777,54.45000076293945,56.7599983215332,54.06999969482422,55.849998474121094,66338.0,97.8000030517578,97.88999938964844,97.37000274658205,97.37000274658205,0.0
2020-02-04,1.9436829953969384e+16,2912.837860980871,53.959999084472656,55.63999938964844,53.689998626708984,54.150001525878906,52393.0,97.95999908447266,98.01000213623048,97.79000091552734,97.81999969482422,0.0
2020-02-05,787693586495229.0,1751.1935328800816,55.279998779296875,56.470001220703125,53.880001068115234,53.880001068115234,56117.0,98.2699966430664,98.31999969482422,97.9000015258789,97.94000244140624,0.0
2020-02-06,9590202910380276.0,2671.8310053326472,54.93000030517578,56.560001373291016,54.2400016784668,55.56999969482422,50605.0,98.5,98.56999969482422,98.20999908447266,98.29000091552734,0.0
2020-02-07,7404306352944924.0,1230.7071504836028,54.470001220703125,55.470001220703125,54.209999084472656,55.36000061035156,43796.0,98.68000030517578,98.70999908447266,98.41999816894533,98.45999908447266,0.0
2020-02-10,1.5809128881973944e+16,1813.9151524920248,53.27000045776367,54.70000076293945,53.11000061035156,54.2400016784668,35920.0,98.83000183105467,98.87999725341795,98.5999984741211,98.6999969482422,0.0
2020-02-11,5000414800253554.0,2675.357437304112,54.0099983215332,54.65999984741211,53.349998474121094,53.349998474121094,36294.0,98.72000122070312,98.9499969482422,98.70999908447266,98.86000061035156,0.0
2020-02-12,1.8863037350783256e+16,2808.143572918305,55.790000915527344,56.29999923706055,54.18000030517578,54.18000030517578,43350.0,99.0500030517578,99.0500030517578,98.70999908447266,98.7699966430664,0.0
2020-02-13,1.1682474941531016e+16,2276.9189662898,56.34000015258789,56.83000183105469,54.970001220703125,56.34000015258789,48775.0,99.06999969482422,99.11000061035156,98.8499984741211,98.98999786376952,0.0
2020-02-14,1.5459221508042588e+16,1926.3941353148016,57.31999969482422,57.529998779296875,56.15999984741211,56.400001525878906,41913.0,99.12000274658205,99.16000366210938,99.0,99.12000274658205,0.0
2020-02-17,1.5960261627918348e+16,1834.6244574341883,57.31999969482422,57.529998779296875,56.15999984741211,56.400001525878906,41913.0,99.12000274658205,99.16000366210938,99.0,99.12000274658205,0.0
2020-02-18,1.5118186722644914e+16,2365.364074451405,57.75,57.81999969482422,56.290000915527344,57.34000015258789,47337.0,99.45999908447266,99.47000122070312,99.13999938964844,99.19000244140624,0.0
2020-02-19,1.3226376304611368e+16,2427.9804002936953,59.119998931884766,59.40999984741211,57.540000915527344,57.70000076293945,36217.0,99.5999984741211,99.72000122070312,99.37999725341795,99.43000030517578,0.0
2020-02-20,1.3093569503221768e+16,1771.591800079207,59.310001373291016,60.02000045776367,58.900001525878906,59.34000015258789,34207.0,99.87000274658205,99.91000366210938,99.52999877929688,99.54000091552734,0.0
2020-02-21,8445970677752852.0,2455.780255825275,58.5,59.27000045776367,57.7400016784668,59.15999984741211,39006.0,99.26000213623048,99.87000274658205,99.2300033569336,99.86000061035156,0.0
2020-02-24,1.879770660951178e+16,1803.2927640680632,56.29999923706055,58.119998931884766,55.13999938964844,58.02000045776367,28258.0,99.29000091552734,99.63999938964844,99.11000061035156,99.33999633789062,0.0
2020-02-25,695277070469399.0,2397.464789484357,54.95000076293945,56.970001220703125,54.61000061035156,56.220001220703125,27751.0,98.97000122070312,99.38999938964844,98.87999725341795,99.33000183105467,0.0
2020-02-26,1.6445405310473298e+16,2941.9455889969977,53.43000030517578,55.439998626708984,53.040000915527344,55.08000183105469,26216.0,99.0,99.2699966430664,98.91000366210938,99.08000183105467,0.0
2020-02-27,1.3971948072113032e+16,2834.271134491066,52.18000030517578,53.439998626708984,51.04999923706055,53.439998626708984,9616.0,98.44000244140624,99.0500030517578,98.36000061035156,99.0199966430664,0.0
2020-02-28,1.0495506694034856e+16,2581.2682341521227,50.52000045776367,51.4900016784668,50.119998931884766,51.369998931884766,53362.0,98.12999725341795,98.66000366210938,97.95999908447266,98.41999816894533,0.0
2020-03-02,7750719461715522.0,1987.1548149222704,51.900001525878906,52.779998779296875,48.380001068115234,49.040000915527344,47286.0,97.36000061035156,98.08999633789062,97.18000030517578,98.08000183105467,0.0
2020-03-03,8284302166636793.0,2304.5879237904537,51.86000061035156,53.869998931884766,51.2400016784668,52.97999954223633,42862.0,97.1500015258789,97.6999969482422,96.9800033569336,97.55999755859376,0.0
2020-03-04,1.9768410178888104e+16,1278.8920560420736,51.130001068115234,53.029998779296875,51.040000915527344,51.72999954223633,39712.0,97.33999633789062,97.58999633789062,97.12000274658205,97.16999816894533,0.0
2020-03-05,1.3885393950226512e+16,1374.9386994795404,49.9900016784668,52.0099983215332,49.70000076293945,51.650001525878906,39679.0,96.81999969482422,97.44000244140624,96.5199966430664,97.37999725341795,0.0
2020-03-06,6497997072079118.0,1636.2165672558644,45.27000045776367,50.43000030517578,45.15999984741211,50.119998931884766,69464.0,95.9499969482422,96.6999969482422,95.70999908447266,96.61000061035156,0.0
2020-03-09,1.7772451938902872e+16,2221.1844482674564,34.36000061035156,39.2400016784668,31.25,39.2400016784668,76517.0,94.9000015258789,95.79000091552734,94.6500015258789,95.79000091552734,0.0
2020-03-10,7353288800727979.0,1136.6325532879998,37.220001220703125,38.209999084472656,33.439998626708984,33.459999084472656,67054.0,96.41000366210938,96.58000183105467,95.2300033569336,95.33999633789062,0.0
2020-03-11,1.1460918014769396e+16,2028.167313172859,35.790000915527344,39.619998931884766,35.36000061035156,37.79999923706055,60513.0,96.51000213623048,96.62000274658205,95.91000366210938,96.33000183105467,0.0
2020-03-12,8973834400688004.0,2584.3189361875893,33.220001220703125,36.529998779296875,32.47999954223633,36.130001068115234,67484.0,97.47000122070312,98.30999755859376,96.08000183105467,96.6500015258789,0.0
2020-03-13,1.0571767455498792e+16,2351.8978062502324,33.849998474121094,35.9900016784668,32.16999816894531,32.86000061035156,50707.0,98.75,98.80999755859376,97.33999633789062,97.4499969482422,0.0
2020-03-16,1868153778421307.0,1331.329885229139,30.049999237060547,34.54999923706055,29.34000015258789,34.459999084472656,43527.0,98.08999633789062,98.47000122070312,97.4499969482422,98.47000122070312,0.0
2020-03-17,1.4275578373446526e+16,2544.6277886019498,28.729999542236328,31.219999313354492,28.459999084472656,29.700000762939453,32969.0,99.58000183105467,99.83000183105467,97.9800033569336,98.13999938964844,0.0
2020-03-18,1.6240364150086096e+16,1673.4087705235734,24.8799991607666,29.190000534057617,24.510000228881836,28.65999984741211,47500.0,101.16000366210938,101.73999786376952,99.1500015258789,99.37999725341795,0.0
2020-03-19,8390051405102532.0,1298.746033845994,28.469999313354492,29.3799991607666,24.979999542236328,26.440000534057617,41724.0,102.76000213623048,102.83999633789062,100.7699966430664,100.79000091552734,0.0
2020-03-20,1225103598560321.0,2723.7634218693893,26.979999542236328,30.93000030517578,26.790000915527344,28.0,51866.0,102.81999969482422,102.98999786376952,101.08999633789062,102.94000244140624,0.0
2020-03-23,1.763426453000464e+16,2263.2256949500847,27.030000686645508,27.520000457763672,24.68000030517578,26.5,31642.0,102.48999786376952,102.9800033569336,101.6500015258789,101.9499969482422,0.0
2020-03-24,1780710855541317.0,1001.3525085216464,27.149999618530273,28.63999938964844,26.690000534057617,27.63999938964844,30946.0,101.73999786376952,102.20999908447266,101.0500030517578,102.12999725341795,0.0
2020-03-25,1419838095222789.0,2585.516378319336,27.38999938964844,28.280000686645508,25.729999542236328,27.600000381469727,27352.0,101.0500030517578,101.91000366210938,100.83999633789062,101.5999984741211,0.0
2020-03-26,1.4313670591934896e+16,1995.591274811864,26.34000015258789,27.670000076293945,26.040000915527344,27.59000015258789,26819.0,99.41999816894533,101.0199966430664,99.23999786376952,100.95999908447266,0.0
2020-03-27,1981138517622868.0,1029.3983808617634,24.93000030517578,27.0,24.170000076293945,26.709999084472656,23547.0,98.37000274658205,99.80999755859376,98.2699966430664,99.29000091552734,0.0
2020-03-30,1.3440634202788288e+16,1850.7126163220105,22.760000228881836,24.25,21.690000534057617,24.0,9112.0,99.18000030517578,99.31999969482422,98.29000091552734,98.30999755859376,0.0
2020-03-31,1302838316621757.0,2312.5124135469932,22.739999771118164,23.86000061035156,22.579999923706055,22.959999084472656,40694.0,99.0500030517578,99.9499969482422,98.88999938964844,99.25,0.0
2020-04-01,7515442503651857.0,2459.148459212655,24.739999771118164,26.270000457763672,24.540000915527344,25.93000030517578,43466.0,99.66999816894533,99.83999633789062,98.91000366210938,99.01000213623048,0.0
2020-04-02,1161250922069556.0,1040.4423942268716,29.940000534057617,32.599998474121094,25.43000030517578,25.6299991607666,65518.0,100.18000030517578,100.41000366210938,99.33999633789062,99.51000213623048,0.0
2020-04-03,1492335404639044.0,2874.9830970217067,34.11000061035156,35.0,28.280000686645508,29.959999084472656,55373.0,100.58000183105467,100.8499984741211,100.13999938964844,100.1999969482422,0.0
2020-04-06,1.8307456104187164e+16,2571.3253788480624,33.04999923706055,34.22999954223633,30.549999237060547,31.25,36779.0,100.69000244140624,100.93000030517578,100.4800033569336,100.66000366210938,0.0
2020-04-07,1.5111645027257524e+16,2647.2900322433543,31.8700008392334,34.18000030517578,31.729999542236328,33.310001373291016,36246.0,99.9800033569336,100.79000091552734,99.7699966430664,100.75,0.0
2020-04-08,857147240576677.0,1788.7348334903795,32.84000015258789,33.869998931884766,31.549999237060547,32.40999984741211,39293.0,100.12000274658205,100.43000030517578,99.9000015258789,99.91000366210938,0.0
2020-04-09,8392341822537782.0,1610.752341830901,31.479999542236328,36.43000030517578,31.239999771118164,33.65999984741211,48214.0,99.5199966430664,100.3000030517578,99.36000061035156,100.12999725341795,0.0
2020-04-10,1534237865227653.0,2379.393026915581,31.479999542236328,36.43000030517578,31.239999771118164,33.65999984741211,48214.0,99.5199966430664,100.3000030517578,99.36000061035156,100.12999725341795,0.0
2020-04-13,9384174270748026.0,2995.604972027306,31.739999771118164,33.22999954223633,30.63999938964844,33.0,28098.0,99.3499984741211,99.62999725341795,99.13999938964844,99.48999786376952,0.0
2020-04-14,1.1465874828725604e+16,1948.8810152053904,29.600000381469727,32.380001068115234,29.399999618530273,32.09000015258789,32146.0,98.88999938964844,99.43000030517578,98.83000183105467,99.37999725341795,0.0
2020-04-15,7498296430561012.0,1928.2579127177369,27.690000534057617,30.420000076293945,27.170000076293945,30.010000228881836,32129.0,99.45999908447266,99.9800033569336,98.81999969482422,98.81999969482422,0.0
2020-04-16,1.9638643201247892e+16,2066.847066336445,27.81999969482422,29.010000228881836,27.200000762939453,28.059999465942383,30922.0,100.02999877929688,100.3000030517578,99.61000061035156,99.62999725341795,0.0
2020-04-17,1.276976295400642e+16,2604.5569168565858,28.079999923706055,29.0,27.600000381469727,28.469999313354492,44417.0,99.77999877929688,100.29000091552734,99.62000274658205,99.86000061035156,0.0
2020-04-20,9240867258078792.0,1432.497841218259,25.56999969482422,28.239999771118164,25.3799991607666,28.049999237060547,46467.0,99.95999908447266,100.06999969482422,99.6500015258789,99.70999908447266,0.0
2020-04-21,1295628366702568.0,1876.3979434228388,19.329999923706055,27.229999542236328,17.520000457763672,25.959999084472656,83111.0,100.26000213623048,100.4800033569336,99.93000030517578,99.94000244140624,0.0
2020-04-22,1222781559098735.0,1264.367398036405,20.3700008392334,22.459999084472656,16.0,19.559999465942383,51051.0,100.38999938964844,100.5,99.9000015258789,100.20999908447266,0.0
2020-04-23,1.1637208186891048e+16,1133.9343181381792,21.329999923706055,23.18000030517578,20.059999465942383,21.299999237060547,44993.0,100.43000030517578,100.69000244140624,100.04000091552734,100.4499969482422,0.0
2020-04-24,1.0097439667063644e+16,1543.718530826117,21.440000534057617,22.670000076293945,20.510000228881836,21.790000915527344,36158.0,100.37999725341795,100.87000274658205,100.22000122070312,100.5,0.0
2020-04-27,1249412608874593.0,2839.234314644203,19.989999771118164,21.90999984741211,19.11000061035156,21.299999237060547,25906.0,100.04000091552734,100.31999969482422,99.83000183105467,100.2300033569336,0.0
2020-04-28,1048113181057475.0,2906.9834952259444,20.459999084472656,21.270000457763672,18.729999542236328,20.170000076293945,21996.0,99.87000274658205,100.20999908447266,99.4499969482422,100.05999755859376,0.0
2020-04-29,1.9937468717687696e+16,1290.161964842532,22.540000915527344,23.829999923706055,20.350000381469727,20.75,14425.0,99.56999969482422,99.88999938964844,99.47000122070312,99.87999725341795,0.0
2020-04-30,1.8323787891540796e+16,1402.4920527523736,25.270000457763672,25.809999465942383,23.11000061035156,23.11000061035156,42900.0,99.0199966430664,99.7300033569336,98.80999755859376,99.4800033569336,0.0
2020-05-01,1.377653474299152e+16,2223.1022590848065,26.440000534057617,27.950000762939453,25.75,26.719999313354492,28681.0,98.8000030517578,99.20999908447266,98.77999877929688,99.12999725341795,0.0
2020-05-04,9880043435733232.0,2989.801831790325,27.200000762939453,28.079999923706055,25.479999542236328,26.209999084472656,30309.0,99.4800033569336,99.5999984741211,99.08999633789062,99.08999633789062,0.0
2020-05-05,7674189245110286.0,2130.049681312401,30.969999313354492,31.690000534057617,27.799999237060547,27.940000534057617,38518.0,99.70999908447266,99.97000122070312,99.3000030517578,99.51000213623048,0.0
2020-05-06,1706708985279545.0,2744.8278249727314,29.719999313354492,32.4900016784668,28.670000076293945,31.8799991607666,37505.0,100.08999633789062,100.1999969482422,99.75,99.8000030517578,0.0
2020-05-07,1.8047012518948144e+16,2367.8831245213632,29.459999084472656,31.84000015258789,29.06999969482422,30.1200008392334,36701.0,99.88999938964844,100.4000015258789,99.80999755859376,100.20999908447266,0.0
2020-05-08,1694093059650625.0,1663.965060029955,30.969999313354492,31.1299991607666,29.399999618530273,29.43000030517578,20277.0,99.7300033569336,99.94000244140624,99.45999908447266,99.83999633789062,0.0
2020-05-11,1.887192129434727e+16,1457.270316047686,29.6299991607666,31.450000762939453,29.36000061035156,30.68000030517578,33638.0,100.23999786376952,100.27999877929688,99.66999816894533,99.66999816894533,0.0
2020-05-12,1.0078222816589794e+16,1024.3446271558946,29.979999542236328,30.68000030517578,29.450000762939453,30.06999969482422,25820.0,99.93000030517578,100.44000244140624,99.66000366210938,100.2300033569336,0.0
2020-05-13,9405542406348540.0,1547.9393391698088,29.190000534057617,30.540000915527344,28.8700008392334,29.469999313354492,25072.0,100.23999786376952,100.27999877929688,99.58000183105467,100.01000213623048,0.0
2020-05-14,8901947989247988.0,1610.0071769645374,31.1299991607666,31.489999771118164,28.899999618530273,29.38999938964844,25953.0,100.47000122070312,100.55999755859376,100.1500015258789,100.19000244140624,0.0
2020-05-15,7455793478858185.0,2167.8532189072394,32.5,32.900001525878906,30.959999084472656,31.350000381469727,29410.0,100.4000015258789,100.48999786376952,100.08000183105467,100.26000213623048,0.0
2020-05-18,1.3703729510562504e+16,1208.283353205137,34.810001373291016,35.720001220703125,32.709999084472656,32.709999084472656,28869.0,99.66999816894533,100.47000122070312,99.58000183105467,100.36000061035156,0.0
2020-05-19,9823579215571964.0,2037.5898027858032,34.650001525878906,35.86000061035156,34.20000076293945,35.439998626708984,24952.0,99.37000274658205,99.7300033569336,99.2300033569336,99.62000274658205,0.0
2020-05-20,9483136843375356.0,2673.973065631123,35.75,36.400001525878906,34.369998931884766,34.43000030517578,25571.0,99.12000274658205,99.55999755859376,99.0,99.5500030517578,0.0
2020-05-21,1.4814058009541234e+16,1400.7115267600918,36.060001373291016,36.97999954223633,35.709999084472656,35.79999923706055,29933.0,99.37000274658205,99.51000213623048,99.0199966430664,99.18000030517578,0.0
2020-05-22,1.5792738163614358e+16,2863.6024435989957,35.130001068115234,36.22999954223633,33.54999923706055,35.939998626708984,31482.0,99.86000061035156,99.87000274658205,99.38999938964844,99.41999816894533,0.0
2020-05-25,1.7977464774844804e+16,2288.3533252722304,35.130001068115234,36.22999954223633,33.54999923706055,35.939998626708984,31482.0,99.86000061035156,99.87000274658205,99.38999938964844,99.41999816894533,0.0
2020-05-26,1267635868381176.0,2792.543717600352,36.16999816894531,36.68000030517578,34.459999084472656,35.130001068115234,29328.0,98.91000366210938,99.7699966430664,98.9000015258789,99.7699966430664,0.0
2020-05-27,9961105249047474.0,1303.7761909926392,34.7400016784668,36.18000030517578,34.0,36.099998474121094,16676.0,99.05999755859376,99.33999633789062,98.72000122070312,99.0199966430664,0.0
2020-05-28,7054993759224556.0,2843.1977110268153,35.290000915527344,35.88999938964844,33.38999938964844,34.34000015258789,9367.0,98.37999725341795,99.08999633789062,98.3499984741211,98.91000366210938,0.0
2020-05-29,8017747364368543.0,2671.3570832528667,35.33000183105469,35.36000061035156,34.18000030517578,35.029998779296875,32101.0,98.33999633789062,98.5500030517578,97.9499969482422,98.5199966430664,0.0
2020-06-01,1334313517412477.0,1375.3839267783442,38.31999969482422,38.68000030517578,37.16999816894531,37.540000915527344,26475.0,97.83000183105467,98.31999969482422,97.79000091552734,98.3000030517578,0.0
2020-06-02,1.3396901532737592e+16,1177.3813087583314,39.56999969482422,39.790000915527344,38.34000015258789,38.47999954223633,27662.0,97.66999816894533,97.91000366210938,97.43000030517578,97.83999633789062,0.0
2020-06-03,5149069528633879.0,1774.7522947213313,39.790000915527344,40.529998779296875,38.75,39.52000045776367,34099.0,97.27999877929688,97.62999725341795,97.19000244140624,97.56999969482422,0.0
2020-06-04,1.246399818289632e+16,1519.4039392079756,39.9900016784668,40.099998474121094,39.060001373291016,39.380001068115234,22661.0,96.68000030517578,97.62999725341795,96.56999969482422,97.31999969482422,0.0
2020-06-05,5761206663463139.0,1174.1805172012848,42.29999923706055,42.47999954223633,39.720001220703125,39.93000030517578,28827.0,96.94000244140624,97.02999877929688,96.44000244140624,96.73999786376952,0.0
2020-06-08,1.3619038981166956e+16,2879.786080440226,40.79999923706055,43.43000030517578,40.68000030517578,42.40999984741211,28718.0,96.62000274658205,97.06999969482422,96.5999984741211,96.83999633789062,0.0
2020-06-09,5109978108977848.0,1904.616770026671,41.18000030517578,41.43000030517578,39.849998474121094,40.95000076293945,26258.0,96.31999969482422,97.05999755859376,96.2300033569336,96.62999725341795,0.0
2020-06-10,1.3196126980590476e+16,2801.2788019837803,41.72999954223633,41.9900016784668,40.130001068115234,40.869998931884766,23565.0,95.95999908447266,96.45999908447266,95.72000122070312,96.43000030517578,0.0
2020-06-11,6757850475816803.0,1438.1198984476343,38.54999923706055,41.310001373291016,37.83000183105469,41.310001373291016,36881.0,96.7300033569336,96.83000183105467,95.9499969482422,96.08999633789062,0.0
2020-06-12,1.906697332637237e+16,1118.3596845215743,38.72999954223633,39.439998626708984,37.0,38.380001068115234,29653.0,97.31999969482422,97.4499969482422,96.48999786376952,96.80999755859376,0.0
2020-06-15,8898326355753313.0,2902.770635491249,39.720001220703125,39.880001068115234,37.2400016784668,38.689998626708984,30674.0,96.68000030517578,97.38999938964844,96.5999984741211,97.08999633789062,0.0
2020-06-16,1.4437182062619686e+16,1979.2244548184535,40.959999084472656,41.65999984741211,38.970001220703125,39.77000045776367,35087.0,96.95999908447266,97.25,96.43000030517578,96.55999755859376,0.0
2020-06-17,1148048334227642.0,2789.948296049423,40.709999084472656,41.45000076293945,40.029998779296875,40.709999084472656,29078.0,97.16000366210938,97.33999633789062,96.8000030517578,97.01000213623048,0.0
2020-06-18,1062860202926006.0,1782.1002378614655,41.5099983215332,41.63999938964844,40.04999923706055,40.58000183105469,31042.0,97.41999816894533,97.58000183105467,96.9499969482422,97.08000183105467,0.0
2020-06-19,546285091952444.0,1325.6859738192436,42.189998626708984,42.93000030517578,41.0099983215332,41.41999816894531,34079.0,97.62000274658205,97.72000122070312,97.16000366210938,97.41999816894533,0.0
2020-06-22,7961475457819084.0,2774.5468015560064,43.08000183105469,43.16999816894531,41.5099983215332,41.54999923706055,24433.0,97.04000091552734,97.73999786376952,97.01000213623048,97.66000366210938,0.0
2020-06-23,7981891901009474.0,1464.6506799705237,42.630001068115234,43.93000030517578,42.209999084472656,43.16999816894531,27036.0,96.69000244140624,97.25,96.38999938964844,96.93000030517578,0.0
2020-06-24,6723602630319598.0,2608.2688398586492,40.310001373291016,42.88999938964844,39.619998931884766,42.33000183105469,28537.0,97.1500015258789,97.23999786376952,96.5500030517578,96.66000366210938,0.0
2020-06-25,5520898053807434.0,2885.299961154355,41.04999923706055,41.63999938964844,39.470001220703125,40.43000030517578,32530.0,97.43000030517578,97.5999984741211,97.16000366210938,97.23999786376952,0.0
2020-06-26,9552330056239314.0,2174.507457146523,41.02000045776367,41.779998779296875,40.290000915527344,41.470001220703125,13481.0,97.5,97.68000030517578,97.26000213623048,97.3499984741211,0.0
2020-06-29,1.5886388835125e+16,1714.4908281389876,41.709999084472656,41.939998626708984,40.060001373291016,40.310001373291016,9783.0,97.54000091552734,97.6500015258789,97.11000061035156,97.5,0.0
2020-06-30,8002077087565865.0,1141.6094469225982,41.150001525878906,41.619998931884766,40.939998626708984,41.54999923706055,29381.0,97.38999938964844,97.8000030517578,97.2300033569336,97.4000015258789,0.0
2020-07-01,5364914378234474.0,1782.241306515173,42.029998779296875,42.619998931884766,41.029998779296875,41.720001220703125,26731.0,97.1999969482422,97.62000274658205,97.02999877929688,97.38999938964844,0.0
2020-07-02,6558943734235334.0,2320.39703489697,43.13999938964844,43.220001220703125,41.75,42.02000045776367,21825.0,97.31999969482422,97.33999633789062,96.80999755859376,97.1500015258789,0.0
2020-07-03,1.5855157845527156e+16,1509.758502996994,43.13999938964844,43.220001220703125,41.75,42.02000045776367,21825.0,97.31999969482422,97.33999633789062,96.80999755859376,97.1500015258789,0.0
2020-07-06,9829061065237900.0,2312.6572294764655,43.099998474121094,43.709999084472656,42.75,42.75,28969.0,96.79000091552734,97.1999969482422,96.56999969482422,97.1500015258789,0.0
2020-07-07,9252900952377808.0,1802.62634925364,43.08000183105469,43.45000076293945,42.459999084472656,43.150001525878906,18827.0,96.87999725341795,97.1500015258789,96.5999984741211,96.75,0.0
2020-07-08,1.6477716704475732e+16,2171.53305643592,43.290000915527344,43.459999084472656,42.779998779296875,42.959999084472656,19171.0,96.43000030517578,97.0500030517578,96.4000015258789,96.98999786376952,0.0
2020-07-09,7828096935809244.0,1170.6217541732778,42.349998474121094,43.5,41.93000030517578,43.380001068115234,23249.0,96.6999969482422,96.80999755859376,96.23999786376952,96.4499969482422,0.0
2020-07-10,1770524464990846.0,1196.1839194232962,43.2400016784668,43.40999984741211,41.31999969482422,42.400001525878906,24083.0,96.6500015258789,96.97000122070312,96.44000244140624,96.75,0.0
2020-07-13,1.9757057580081876e+16,1642.769871249762,42.720001220703125,43.33000183105469,42.189998626708984,43.11000061035156,22911.0,96.45999908447266,96.68000030517578,96.2699966430664,96.66000366210938,0.0
2020-07-14,1.2131293787983428e+16,2551.209942837397,42.900001525878906,43.20000076293945,41.79999923706055,42.31999969482422,21724.0,96.26000213623048,96.6999969482422,96.18000030517578,96.54000091552734,0.0
2020-07-15,1.0356650678220316e+16,2947.1512662703844,43.790000915527344,43.84000015258789,42.70000076293945,43.150001525878906,23596.0,96.08000183105467,96.25,95.77999877929688,96.16999816894533,0.0
2020-07-16,1.0537662743228286e+16,2577.9694151828903,43.369998931884766,43.810001373291016,43.13999938964844,43.63999938964844,20484.0,96.3499984741211,96.4000015258789,95.88999938964844,96.0,0.0
2020-07-17,1.4693489568840256e+16,2001.3733390273535,43.13999938964844,43.459999084472656,42.630001068115234,43.34000015258789,21774.0,95.94000244140624,96.33000183105467,95.9000015258789,96.27999877929688,0.0
2020-07-20,1.0460912018974596e+16,2488.3546042791572,43.279998779296875,43.43000030517578,42.369998931884766,43.09000015258789,18019.0,95.83000183105467,96.18000030517578,95.7300033569336,96.01000213623048,0.0
2020-07-21,1.5133600087275258e+16,1827.781195822868,44.31999969482422,44.880001068115234,43.119998931884766,43.18000030517578,24167.0,95.12000274658205,95.91999816894533,95.0500030517578,95.75,0.0
2020-07-22,9521460462425000.0,1438.6580247275688,44.290000915527344,44.400001525878906,43.619998931884766,43.900001525878906,19676.0,94.97000122070312,95.41000366210938,94.83000183105467,95.12999725341795,0.0
2020-07-23,9560443858063644.0,1254.8187349180184,43.310001373291016,44.77000045776367,43.130001068115234,44.349998474121094,25759.0,94.69000244140624,95.18000030517578,94.58999633789062,94.9800033569336,0.0
2020-07-24,1501185056588258.0,2784.4005918536545,43.34000015258789,43.900001525878906,42.79999923706055,43.36000061035156,21918.0,94.44000244140624,94.83000183105467,94.33000183105467,94.7699966430664,0.0
2020-07-27,8212878764341282.0,2630.4222079028864,43.40999984741211,43.77000045776367,42.380001068115234,43.400001525878906,22507.0,93.66999816894533,94.41999816894533,93.4800033569336,94.3499984741211,0.0
2020-07-28,7644642746913045.0,1697.4800720449778,43.220001220703125,43.81999969482422,43.0099983215332,43.619998931884766,17828.0,93.76000213623048,94.01000213623048,93.48999786376952,93.58000183105467,0.0
2020-07-29,1888907732857416.0,1555.0324113911354,43.75,43.939998626708984,43.20000076293945,43.29999923706055,10911.0,93.26000213623048,93.8000030517578,93.18000030517578,93.75,0.0
2020-07-30,1.7393884809596632e+16,1522.4398210906666,42.939998626708984,43.81999969482422,41.380001068115234,43.79999923706055,8373.0,93.0199966430664,93.68000030517578,92.93000030517578,93.31999969482422,0.0
2020-07-31,1.6269933810338704e+16,2038.5580294739136,43.29999923706055,43.52000045776367,43.06999969482422,43.31999969482422,23641.0,93.48999786376952,93.54000091552734,92.5500030517578,92.81999969482422,0.0
2020-08-03,1.4853189654045136e+16,2692.422848615285,44.150001525878906,44.45000076293945,42.88999938964844,43.54999923706055,26883.0,93.5,93.98999786376952,93.31999969482422,93.45999908447266,0.0
2020-08-04,1.9836989211752228e+16,2717.2177637812542,44.43000030517578,44.81999969482422,43.2400016784668,43.90999984741211,27305.0,93.37999725341795,93.83000183105467,93.2300033569336,93.55999755859376,0.0
2020-08-05,605752065712995.0,1359.0501584656115,45.16999816894531,46.2400016784668,44.25,44.400001525878906,29337.0,92.83000183105467,93.25,92.55999755859376,93.2300033569336,0.0
2020-08-06,1.2318342681970304e+16,1855.37932181664,45.09000015258789,45.709999084472656,44.849998474121094,45.2400016784668,23131.0,92.79000091552734,93.08999633789062,92.5199966430664,92.7699966430664,0.0
2020-08-07,1.0474786266841418e+16,1556.1140451888955,44.400001525878906,45.25,44.2599983215332,45.119998931884766,20363.0,93.44000244140624,93.62000274658205,92.76000213623048,92.80999755859376,0.0
2020-08-10,1.0080392782533404e+16,2278.1158832019587,44.9900016784668,45.2599983215332,44.400001525878906,44.61000061035156,13672.0,93.58000183105467,93.6999969482422,93.3000030517578,93.38999938964844,0.0
2020-08-11,545149555640911.0,2289.699654899182,44.5,45.779998779296875,44.40999984741211,44.9900016784668,19786.0,93.62999725341795,93.73999786376952,93.16999816894533,93.5999984741211,0.0
2020-08-12,1.5024788750185536e+16,2173.1540568336254,45.43000030517578,45.619998931884766,44.5099983215332,44.58000183105469,16995.0,93.44000244140624,93.91000366210938,93.2699966430664,93.68000030517578,0.0
2020-08-13,6744153202144861.0,1628.2838819451144,44.959999084472656,45.58000183105469,44.81999969482422,45.43000030517578,13877.0,93.33999633789062,93.38999938964844,92.93000030517578,93.37000274658205,0.0
2020-08-14,1.5778377039507286e+16,1616.845520622664,44.79999923706055,45.41999816894531,44.47999954223633,45.04999923706055,16681.0,93.0999984741211,93.41000366210938,93.0199966430664,93.22000122070312,0.0
2020-08-17,7365323648249939.0,2351.678780363867,45.369998931884766,45.41999816894531,44.5,44.959999084472656,19441.0,92.8499984741211,93.12000274658205,92.7699966430664,93.0999984741211,0.0
2020-08-18,1.90297325113384e+16,1131.054891630255,45.459999084472656,45.540000915527344,44.77000045776367,45.380001068115234,18063.0,92.2699966430664,92.81999969482422,92.12999725341795,92.81999969482422,0.0
2020-08-19,7123508114349477.0,2169.631851352226,45.369998931884766,45.4900016784668,44.810001373291016,45.040000915527344,18063.0,92.88999938964844,93.0500030517578,92.1500015258789,92.27999877929688,0.0
2020-08-20,1.4160905549941784e+16,2605.101627619964,44.900001525878906,45.27000045776367,44.0099983215332,45.27000045776367,24042.0,92.79000091552734,93.23999786376952,92.7300033569336,92.95999908447266,0.0
2020-08-21,6371597306509761.0,1691.94241154443,44.349998474121094,45.119998931884766,43.599998474121094,44.90999984741211,25495.0,93.25,93.47000122070312,92.58000183105467,92.72000122070312,0.0
2020-08-24,1.0590787355635344e+16,2179.7426387816913,45.130001068115234,45.16999816894531,44.279998779296875,44.41999816894531,21033.0,93.3000030517578,93.33999633789062,92.83999633789062,93.1999969482422,0.0
2020-08-25,1.7483332773055954e+16,1134.9866888048368,45.86000061035156,46.040000915527344,44.9900016784668,44.9900016784668,23808.0,93.0199966430664,93.3499984741211,92.97000122070312,93.27999877929688,0.0
2020-08-26,1.8645214920504508e+16,2250.2505481584253,45.63999938964844,46.09000015258789,45.54999923706055,45.97999954223633,16657.0,93.01000213623048,93.36000061035156,92.8499984741211,93.0199966430664,0.0
2020-08-27,1.6879951585310524e+16,1921.9395557096443,45.09000015258789,45.81999969482422,44.560001373291016,45.619998931884766,10776.0,93.01000213623048,93.31999969482422,92.41999816894533,92.8499984741211,0.0
2020-08-28,1.4994520935453364e+16,2474.039922571343,45.04999923706055,45.290000915527344,44.81999969482422,45.04999923706055,21040.0,92.37000274658205,93.0999984741211,92.1999969482422,93.0199966430664,0.0
2020-08-31,1.3729857398599244e+16,1963.1120530008332,45.279998779296875,46.5099983215332,45.220001220703125,45.709999084472656,18967.0,92.13999938964844,92.4800033569336,91.98999786376952,92.3000030517578,0.0
2020-09-01,1.2883532214052814e+16,2480.593619197115,45.58000183105469,46.220001220703125,45.470001220703125,45.56999969482422,19914.0,92.33999633789062,92.4000015258789,91.75,92.18000030517578,0.0
2020-09-02,1.3781581489115216e+16,2380.3461612350925,44.43000030517578,46.040000915527344,44.20000076293945,45.849998474121094,31416.0,92.8499984741211,92.87000274658205,92.20999908447266,92.27999877929688,0.0
2020-09-03,1.9133244593521704e+16,1607.58879377259,44.06999969482422,44.61000061035156,43.15999984741211,44.369998931884766,30615.0,92.73999786376952,93.06999969482422,92.6500015258789,92.66000366210938,0.0
2020-09-04,769722432543317.0,1174.4463824483053,42.65999984741211,44.540000915527344,42.29999923706055,43.869998931884766,32210.0,92.72000122070312,93.23999786376952,92.66000366210938,92.8000030517578,0.0
2020-09-07,1.618619199344448e+16,2172.8912449157547,42.65999984741211,44.540000915527344,42.29999923706055,43.869998931884766,32210.0,92.72000122070312,93.23999786376952,92.66000366210938,92.8000030517578,0.0
2020-09-08,1.1713620554270378e+16,2427.38414765959,39.779998779296875,42.45000076293945,39.29999923706055,42.220001220703125,52172.0,93.4800033569336,93.5,93.0,93.0500030517578,0.0
2020-09-09,1564937609209259.0,1226.9128603987117,40.790000915527344,41.20000076293945,39.279998779296875,39.79999923706055,30286.0,93.26000213623048,93.66000366210938,93.13999938964844,93.58000183105467,0.0
2020-09-10,1825713105900976.0,2869.2993666804314,40.060001373291016,40.95000076293945,39.720001220703125,40.63999938964844,24171.0,93.33999633789062,93.4499969482422,92.6999969482422,93.2300033569336,0.0
2020-09-11,1.5225628418482152e+16,1191.495149781643,39.83000183105469,40.349998474121094,39.380001068115234,39.95000076293945,24576.0,93.33000183105467,93.37999725341795,93.0999984741211,93.33000183105467,0.0
2020-09-14,1178588406781952.0,1743.2527315112195,39.61000061035156,40.09000015258789,39.310001373291016,39.77000045776367,22118.0,93.06999969482422,93.33000183105467,92.87000274658205,93.29000091552734,0.0
2020-09-15,7616177204835416.0,2229.0445675309825,40.529998779296875,40.81999969482422,39.38999938964844,39.65999984741211,25333.0,93.0500030517578,93.13999938964844,92.79000091552734,93.05999755859376,0.0
2020-09-16,1.6023086615684724e+16,2271.469632889473,42.220001220703125,42.439998626708984,40.58000183105469,40.75,29327.0,93.20999908447266,93.27999877929688,92.77999877929688,93.08000183105467,0.0
2020-09-17,1.5147333868672006e+16,2244.101459913251,43.29999923706055,43.5099983215332,41.52000045776367,42.2599983215332,27245.0,92.97000122070312,93.58999633789062,92.87000274658205,93.1500015258789,0.0
2020-09-18,8612753743773635.0,2191.496429212335,43.150001525878906,43.810001373291016,42.529998779296875,43.2599983215332,26032.0,92.93000030517578,93.01000213623048,92.7699966430664,92.86000061035156,0.0
2020-09-21,1.545994946266174e+16,1411.0997340812544,41.439998626708984,43.279998779296875,40.97999954223633,43.02000045776367,24298.0,93.54000091552734,93.77999877929688,92.75,93.01000213623048,0.0
2020-09-22,1.2045327933572664e+16,1165.0010076826247,41.720001220703125,42.189998626708984,41.209999084472656,41.790000915527344,19914.0,93.98999786376952,94.08000183105467,93.47000122070312,93.5500030517578,0.0
2020-09-23,6985327235594608.0,1464.546532809848,41.77000045776367,42.63999938964844,41.25,41.7400016784668,23779.0,94.38999938964844,94.43000030517578,93.93000030517578,93.98999786376952,0.0
2020-09-24,1.7516017316242762e+16,1790.6548743639994,41.939998626708984,42.02000045776367,41.119998931884766,41.5,21940.0,94.3499984741211,94.58999633789062,94.1999969482422,94.37999725341795,0.0
2020-09-25,6701320660435808.0,1521.9210207113583,41.91999816894531,42.33000183105469,41.529998779296875,41.93000030517578,17141.0,94.58000183105467,94.73999786376952,94.19000244140624,94.31999969482422,0.0
2020-09-28,5706093977516032.0,2279.9381268756256,42.43000030517578,42.619998931884766,41.47999954223633,41.849998474121094,11999.0,94.26000213623048,94.63999938964844,94.1500015258789,94.58000183105467,0.0
2020-09-29,1.1166418087920806e+16,1701.1440300918384,41.029998779296875,42.52000045776367,40.439998626708984,42.43000030517578,8209.0,93.88999938964844,94.3000030517578,93.81999969482422,94.23999786376952,0.0
2020-09-30,1.3016952590338548e+16,1729.0442673228013,40.95000076293945,40.970001220703125,40.41999816894531,40.75,35524.0,93.88999938964844,94.19000244140624,93.66999816894533,93.8499984741211,0.0
2020-10-01,1.1700768558620176e+16,1549.228302614467,40.93000030517578,42.560001373291016,39.91999816894531,42.02000045776367,36595.0,93.70999908447266,93.91999816894533,93.52999877929688,93.8000030517578,0.0
2020-10-02,1.4233993281893528e+16,2997.9977192274323,39.27000045776367,40.81999969482422,38.790000915527344,40.790000915527344,37290.0,93.83999633789062,94.02999877929688,93.69000244140624,93.7300033569336,0.0
2020-10-05,1395640256207682.0,2377.5826077004212,41.290000915527344,41.779998779296875,39.209999084472656,39.220001220703125,30456.0,93.51000213623048,93.87000274658205,93.37000274658205,93.80999755859376,0.0
2020-10-06,1.1900606880936234e+16,1394.265977925636,42.650001525878906,42.84000015258789,41.220001220703125,41.52000045776367,37426.0,93.83000183105467,93.8499984741211,93.33999633789062,93.44000244140624,0.0
2020-10-07,1.8698515913543736e+16,2029.2602054216088,41.9900016784668,42.41999816894531,41.36000061035156,41.939998626708984,30170.0,93.62999725341795,93.9000015258789,93.55999755859376,93.83000183105467,0.0
2020-10-08,1.9750561175185336e+16,2138.9652705293215,43.34000015258789,43.470001220703125,41.86000061035156,42.060001373291016,33351.0,93.61000061035156,93.77999877929688,93.5,93.61000061035156,0.0
2020-10-09,1.3788138954053992e+16,2535.409789950766,42.849998474121094,43.560001373291016,42.61000061035156,43.40999984741211,26041.0,93.05999755859376,93.58999633789062,93.01000213623048,93.55999755859376,0.0
2020-10-12,5640976711643821.0,2673.843665776587,41.720001220703125,42.810001373291016,41.349998474121094,42.689998626708984,24754.0,93.06999969482422,93.23999786376952,93.01000213623048,93.05999755859376,0.0
2020-10-13,1.9088981166110252e+16,2864.5296764504906,42.45000076293945,42.66999816894531,41.650001525878906,41.83000183105469,22528.0,93.52999877929688,93.5999984741211,93.02999877929688,93.02999877929688,0.0
2020-10-14,5072285538465268.0,1272.451621479019,43.31999969482422,43.43000030517578,42.130001068115234,42.41999816894531,28837.0,93.37999725341795,93.66999816894533,93.25,93.54000091552734,0.0
2020-10-15,1658580660305001.0,1501.4573427831565,43.15999984741211,43.599998474121094,41.560001373291016,43.40999984741211,40144.0,93.86000061035156,93.9000015258789,93.37000274658205,93.43000030517578,0.0
2020-10-16,1.1600965405405182e+16,2819.330764430643,42.93000030517578,43.20000076293945,42.27000045776367,43.040000915527344,24159.0,93.68000030517578,93.87999725341795,93.52999877929688,93.8000030517578,0.0
2020-10-19,5.108196160484806e+16,1805.4268207800665,42.619998931884766,43.220001220703125,42.369998931884766,42.7400016784668,26265.0,93.43000030517578,93.7699966430664,93.20999908447266,93.72000122070312,0.0
2020-10-20,1.4115020119934872e+16,2128.114690130173,43.15999984741211,43.310001373291016,42.189998626708984,42.43000030517578,31677.0,93.06999969482422,93.5,93.0,93.41999816894533,0.0
2020-10-21,1.01553715101123e+16,2313.969867816845,41.72999954223633,43.040000915527344,41.459999084472656,42.81999969482422,31681.0,92.61000061035156,93.06999969482422,92.47000122070312,93.0500030517578,0.0
2020-10-22,1.4681939458995848e+16,1307.3045232324523,42.459999084472656,42.790000915527344,41.470001220703125,41.720001220703125,30590.0,92.9499969482422,92.97000122070312,92.61000061035156,92.66999816894533,0.0
2020-10-23,1.3202558059288842e+16,1220.3703812809808,41.77000045776367,42.79999923706055,41.5,42.439998626708984,26207.0,92.7699966430664,93.12999725341795,92.66000366210938,92.93000030517578,0.0
2020-10-26,5600790217195248.0,1313.2130837145442,40.459999084472656,41.630001068115234,40.220001220703125,41.630001068115234,28463.0,93.0500030517578,93.11000061035156,92.73999786376952,92.76000213623048,0.0
2020-10-27,1.1935204940249864e+16,1993.491008861081,41.20000076293945,41.470001220703125,40.400001525878906,40.52000045776367,26720.0,92.94000244140624,93.12999725341795,92.79000091552734,93.06999969482422,0.0
2020-10-28,7486189448326371.0,1998.5780543677029,39.119998931884766,40.709999084472656,38.7400016784668,40.709999084472656,21228.0,93.41000366210938,93.6500015258789,93.0500030517578,93.1500015258789,0.0
2020-10-29,9266378980430420.0,1357.658652212723,37.650001525878906,39.5,36.68000030517578,39.31999969482422,14205.0,93.95999908447266,94.0999984741211,93.33999633789062,93.45999908447266,0.0
2020-10-30,1.9774996440725744e+16,1898.3034244907035,37.459999084472656,38.02000045776367,37.0,37.619998931884766,43651.0,94.04000091552734,94.08000183105467,93.6500015258789,93.91999816894533,0.0
2020-11-02,7133584527263212.0,2649.2310626118365,38.970001220703125,39.34000015258789,35.72999954223633,37.41999816894531,40454.0,94.0500030517578,94.29000091552734,93.88999938964844,93.88999938964844,0.0
2020-11-03,1.854912410894253e+16,2806.15143898388,39.709999084472656,40.439998626708984,38.650001525878906,39.220001220703125,39534.0,93.5500030517578,94.0500030517578,93.29000091552734,94.0500030517578,0.0
2020-11-04,1752400428495049.0,1139.099435323624,41.22999954223633,41.34000015258789,39.40999984741211,40.150001525878906,39329.0,93.41000366210938,94.3000030517578,93.08999633789062,93.08999633789062,0.0
2020-11-05,6453646305943622.0,2903.016133572975,40.93000030517578,41.52000045776367,40.34000015258789,41.16999816894531,30961.0,92.52999877929688,93.5500030517578,92.48999786376952,93.33999633789062,0.0
2020-11-06,1.1290144319442654e+16,1705.7158631116786,39.45000076293945,40.779998779296875,39.33000183105469,40.77000045776367,33078.0,92.2300033569336,92.81999969482422,92.18000030517578,92.56999969482422,0.0
2020-11-09,1474425096491032.0,2369.7512651687525,42.400001525878906,43.4900016784668,39.61000061035156,39.70000076293945,55156.0,92.7300033569336,92.95999908447266,92.12999725341795,92.23999786376952,0.0
2020-11-10,150650990852279.0,1164.7721931599265,43.61000061035156,44.06999969482422,41.54999923706055,42.130001068115234,41973.0,92.75,92.97000122070312,92.5999984741211,92.76000213623048,0.0
2020-11-11,1659079744317285.0,1893.499119678203,43.79999923706055,45.310001373291016,43.61000061035156,43.959999084472656,43047.0,93.04000091552734,93.20999908447266,92.61000061035156,92.6999969482422,0.0
2020-11-12,1856654930368774.0,1602.2349981569305,43.529998779296875,44.47999954223633,43.279998779296875,43.779998779296875,36578.0,92.95999908447266,93.13999938964844,92.77999877929688,93.01000213623048,0.0
2020-11-13,1889357176530675.0,2849.9138872863355,42.779998779296875,43.34000015258789,42.630001068115234,43.33000183105469,34737.0,92.76000213623048,93.01000213623048,92.70999908447266,92.9499969482422,0.0
2020-11-16,1.3425572105466804e+16,2746.5324622091716,43.81999969482422,44.68000030517578,42.63999938964844,42.72999954223633,37770.0,92.56999969482422,92.83999633789062,92.45999908447266,92.72000122070312,0.0
2020-11-17,6182861417007101.0,2431.6331621664053,43.75,44.22999954223633,43.08000183105469,43.900001525878906,27858.0,92.41999816894533,92.61000061035156,92.2699966430664,92.48999786376952,0.0
2020-11-18,1931728271314047.0,1057.174860567466,44.34000015258789,44.880001068115234,43.4900016784668,43.779998779296875,28668.0,92.31999969482422,92.51000213623048,92.20999908447266,92.44000244140624,0.0
2020-11-19,1.6591170262236228e+16,2044.4691893433449,44.20000076293945,44.58000183105469,43.790000915527344,44.15999984741211,25836.0,92.29000091552734,92.72000122070312,92.23999786376952,92.55999755859376,0.0
2020-11-20,1.009296483381422e+16,1994.0061488670312,44.959999084472656,45.189998626708984,44.0,44.220001220703125,24489.0,92.38999938964844,92.43000030517578,92.20999908447266,92.33999633789062,0.0
2020-11-23,1366467198450463.0,2365.8046704620633,46.060001373291016,46.119998931884766,44.900001525878906,45.130001068115234,35378.0,92.51000213623048,92.8000030517578,92.0199966430664,92.4000015258789,0.0
2020-11-24,1305062455658965.0,1503.4408694359329,47.86000061035156,48.029998779296875,45.84000015258789,45.84000015258789,31692.0,92.2300033569336,92.55999755859376,92.12999725341795,92.52999877929688,0.0
2020-11-25,1.2852894980464316e+16,2432.626260233654,48.61000061035156,49.04999923706055,47.599998474121094,47.86000061035156,24897.0,91.98999786376952,92.26000213623048,91.93000030517578,92.11000061035156,0.0
2020-11-26,1.881500584917003e+16,2078.543379672868,48.61000061035156,49.04999923706055,47.599998474121094,47.86000061035156,24897.0,91.98999786376952,92.26000213623048,91.93000030517578,92.11000061035156,0.0
2020-11-27,1320550705256399.0,2603.2178765143826,48.18000030517578,49.06999969482422,47.36000061035156,48.900001525878906,12454.0,91.79000091552734,92.0500030517578,91.76000213623048,92.0199966430664,0.0
2020-11-30,123492162883007.0,2917.9952597336146,47.59000015258789,47.95000076293945,46.849998474121094,47.75,37651.0,91.87000274658205,92.0500030517578,91.51000213623048,91.77999877929688,0.0
2020-12-01,6641211681439878.0,2743.3084481057786,47.41999816894531,48.29999923706055,46.88999938964844,47.70000076293945,31987.0,91.30999755859376,91.9499969482422,91.16000366210938,91.9499969482422,0.0
2020-12-02,7983698368027817.0,2842.696410808736,48.25,48.75,46.77000045776367,47.13999938964844,35514.0,91.12000274658205,91.5,90.98999786376952,91.19000244140624,0.0
2020-12-03,7953688177575866.0,1243.4701169987322,48.709999084472656,48.93000030517578,47.68000030517578,48.08000183105469,36526.0,90.70999908447266,91.08999633789062,90.51000213623048,91.05999755859376,0.0
2020-12-04,1.1140468354405228e+16,1710.990034495314,49.25,49.86000061035156,48.77000045776367,48.81999969482422,31658.0,90.6999969482422,90.87000274658205,90.4800033569336,90.70999908447266,0.0
2020-12-07,1.1162980358289274e+16,2703.1123144149756,48.790000915527344,49.43000030517578,48.38999938964844,49.22999954223633,23896.0,90.79000091552734,91.23999786376952,90.62000274658205,90.80999755859376,0.0
2020-12-08,1.5532864332952164e+16,1169.005176512315,48.84000015258789,49.0,48.11000061035156,48.68000030517578,27102.0,90.97000122070312,91.0199966430664,90.75,90.9000015258789,0.0
2020-12-09,711383539305975.0,1875.974861264152,48.86000061035156,49.540000915527344,48.380001068115234,48.83000183105469,36534.0,91.08999633789062,91.1999969482422,90.69000244140624,90.91999816894533,0.0
2020-12-10,1.0356978536509392e+16,1599.7323750451258,50.25,51.06999969482422,48.86000061035156,48.97999954223633,30919.0,90.79000091552734,91.1500015258789,90.66999816894533,91.05999755859376,0.0
2020-12-11,8292642411222544.0,1326.2031120624165,49.970001220703125,50.7400016784668,49.75,50.34000015258789,25222.0,90.9800033569336,91.04000091552734,90.62000274658205,90.73999786376952,0.0
2020-12-14,1.6958706926752472e+16,2088.8559533936564,50.290000915527344,50.79999923706055,49.18000030517578,50.060001373291016,28782.0,90.70999908447266,90.9800033569336,90.41999816894533,90.9800033569336,0.0
2020-12-15,6946857736570632.0,2252.452093175295,50.7599983215332,50.880001068115234,49.790000915527344,50.33000183105469,24071.0,90.47000122070312,90.81999969482422,90.41999816894533,90.69000244140624,0.0
2020-12-16,1.6340026924103816e+16,1484.5021101051964,51.08000183105469,51.20000076293945,50.36000061035156,50.720001220703125,25996.0,90.4499969482422,90.6999969482422,90.12999725341795,90.48999786376952,0.0
2020-12-17,9568707204369384.0,2702.7840964833845,51.5,51.880001068115234,51.0099983215332,51.08000183105469,24947.0,89.81999969482422,90.2699966430664,89.7300033569336,90.2699966430664,0.0
2020-12-18,5578759446054538.0,2250.788834747935,52.2599983215332,52.470001220703125,51.13999938964844,51.45000076293945,24749.0,90.0199966430664,90.12999725341795,89.83000183105469,89.83000183105469,0.0
2020-12-21,1.4167634389000112e+16,2556.0143347537564,50.90999984741211,52.34000015258789,49.209999084472656,52.310001373291016,33507.0,90.04000091552734,91.0199966430664,89.91999816894531,89.91999816894531,0.0
2020-12-22,9059541518551540.0,2179.952294308488,50.08000183105469,50.93000030517578,49.560001373291016,50.900001525878906,22381.0,90.6500015258789,90.72000122070312,90.05999755859375,90.08999633789062,0.0
2020-12-23,7129554324466014.0,1785.5208511642174,51.20000076293945,51.59000015258789,49.18000030517578,49.79999923706055,18879.0,90.41000366210938,90.66999816894533,90.16000366210938,90.5199966430664,0.0
2020-12-24,1.3208351516941966e+16,1084.4656285352437,51.290000915527344,51.7599983215332,50.63999938964844,51.099998474121094,11666.0,90.33000183105467,90.37999725341795,90.1500015258789,90.27999877929688,0.0
2020-12-25,6184526023705583.0,1409.540603286589,51.290000915527344,51.7599983215332,50.63999938964844,51.099998474121094,11666.0,90.33000183105467,90.37999725341795,90.1500015258789,90.27999877929688,0.0
2020-12-28,1.3046652922791408e+16,2053.1540488464793,50.86000061035156,52.02000045776367,50.52000045776367,51.20000076293945,9704.0,90.33999633789062,90.37999725341795,89.9800033569336,90.22000122070312,0.0
2020-12-29,1.6505432669385284e+16,1087.3274261731233,51.09000015258789,51.630001068115234,50.869998931884766,51.060001373291016,5788.0,90.01000213623047,90.2300033569336,89.8499984741211,90.20999908447266,0.0
2020-12-30,1.7788555402522264e+16,1366.2077986690142,51.34000015258789,51.52000045776367,51.04999923706055,51.04999923706055,23958.0,89.62999725341797,89.9800033569336,89.55999755859375,89.9800033569336,0.0
2020-12-31,1.9254820612480096e+16,2202.545855458838,51.79999923706055,51.90999984741211,50.900001525878906,51.5099983215332,18326.0,89.94000244140625,89.9800033569336,89.5199966430664,89.61000061035156,0.0
2021-01-01,1.4420054263696576e+16,2787.9844029781293,51.79999923706055,51.90999984741211,50.900001525878906,51.5099983215332,18326.0,89.94000244140625,89.9800033569336,89.5199966430664,89.61000061035156,0.0
2021-01-04,1.6927933774660858e+16,2810.3299982235817,51.09000015258789,53.31999969482422,50.58000183105469,51.65999984741211,50232.0,89.87999725341797,89.94000244140625,89.41999816894531,89.93000030517578,0.0
2021-01-05,5599795183617075.0,2156.43984022833,53.599998474121094,53.880001068115234,50.619998931884766,50.7400016784668,62791.0,89.44000244140625,89.9000015258789,89.43000030517578,89.9000015258789,0.0
2021-01-06,6259303783629776.0,1842.01464283385,54.29999923706055,54.720001220703125,53.150001525878906,53.59000015258789,49186.0,89.52999877929688,89.80000305175781,89.20999908447266,89.4800033569336,0.0
2021-01-07,1.9375248794398224e+16,2057.9531680305313,54.380001068115234,54.900001525878906,53.939998626708984,54.13999938964844,30800.0,89.83000183105469,89.97000122070312,89.31999969482422,89.31999969482422,0.0
2021-01-08,1.3574732641503194e+16,2257.3427946021147,55.9900016784668,56.29999923706055,54.36000061035156,54.459999084472656,37597.0,90.0999984741211,90.25,89.66000366210938,89.83000183105469,0.0
2021-01-11,9908085174931138.0,2987.245583690635,55.65999984741211,56.279998779296875,54.97999954223633,56.209999084472656,33199.0,90.54000091552734,90.7300033569336,90.02999877929688,90.06999969482422,0.0
2021-01-12,1648820961577474.0,1102.4519864082663,56.58000183105469,56.779998779296875,55.529998779296875,55.560001373291016,27874.0,90.05000305175781,90.62000274658205,90.02999877929688,90.5199966430664,0.0
2021-01-13,1.2027523560244664e+16,1199.3547317386635,56.060001373291016,57.41999816894531,55.779998779296875,56.72999954223633,32953.0,90.31999969482422,90.4499969482422,89.91999816894531,90.0,0.0
2021-01-14,1.7744658455963572e+16,1902.5840766570457,56.41999816894531,56.540000915527344,55.2400016784668,55.939998626708984,33446.0,90.23999786376952,90.58000183105467,90.08000183105467,90.27999877929688,0.0
2021-01-15,1.4841704576299674e+16,1742.9592801819197,55.099998474121094,56.63999938964844,54.650001525878906,56.43000030517578,30604.0,90.77999877929688,90.8000030517578,90.22000122070312,90.22000122070312,0.0
2021-01-18,770085765434214.0,1842.1930362410517,55.099998474121094,56.63999938964844,54.650001525878906,56.43000030517578,30604.0,90.77999877929688,90.8000030517578,90.22000122070312,90.22000122070312,0.0
2021-01-19,1.1368525162095434e+16,1473.9558314814456,55.900001525878906,56.08000183105469,54.5,54.7400016784668,36910.0,90.5,90.76000213623048,90.4000015258789,90.7300033569336,0.0
2021-01-20,6236919177971926.0,2138.796062037088,56.08000183105469,56.619998931884766,55.650001525878906,55.900001525878906,33793.0,90.47000122070312,90.6999969482422,90.27999877929688,90.41000366210938,0.0
2021-01-21,1309964789017792.0,2888.3748781853915,56.099998474121094,56.2400016784668,55.5099983215332,55.779998779296875,22792.0,90.12999725341795,90.4499969482422,90.05000305175781,90.41999816894533,0.0
2021-01-22,1.7770106648174124e+16,1826.911014850926,55.40999984741211,56.16999816894531,54.4900016784668,56.150001525878906,33071.0,90.23999786376952,90.30999755859376,90.05000305175781,90.05000305175781,0.0
2021-01-25,8913631031057682.0,1812.9345766419576,55.880001068115234,56.02000045776367,55.09000015258789,55.20000076293945,24457.0,90.38999938964844,90.5199966430664,90.08000183105467,90.2300033569336,0.0
2021-01-26,790058752067048.0,2056.2967726445427,55.90999984741211,56.34000015258789,55.400001525878906,55.97999954223633,19102.0,90.16999816894533,90.61000061035156,90.12000274658205,90.38999938964844,0.0
2021-01-27,1.7073544637098708e+16,1286.5275604521323,55.810001373291016,56.47999954223633,55.20000076293945,56.08000183105469,20094.0,90.6500015258789,90.87999725341795,90.1500015258789,90.1500015258789,0.0
2021-01-28,1009950793578606.0,1341.7235550094888,55.529998779296875,56.59000015258789,55.220001220703125,55.66999816894531,6141.0,90.45999908447266,90.86000061035156,90.41000366210938,90.7300033569336,0.0
2021-01-29,1.8088433780723084e+16,1722.0178207911658,55.880001068115234,56.349998474121094,55.43000030517578,55.52000045776367,37454.0,90.58000183105467,90.77999877929688,90.36000061035156,90.55999755859376,0.0
2021-02-01,1.1678353795825108e+16,1593.8474004705467,56.349998474121094,56.529998779296875,54.619998931884766,54.900001525878906,34234.0,91.0199966430664,91.05999755859376,90.5,90.52999877929688,0.0
2021-02-02,1.2937408260634932e+16,2257.5540638763932,57.459999084472656,58.04999923706055,56.220001220703125,56.290000915527344,34815.0,91.1999969482422,91.29000091552734,90.8000030517578,91.0,0.0
2021-02-03,1.271264905631636e+16,2905.432794339924,58.459999084472656,58.939998626708984,57.529998779296875,57.790000915527344,34146.0,91.12000274658205,91.30999755859376,90.98999786376952,91.0500030517578,0.0
2021-02-04,1777872728880028.0,2214.0179765352523,58.84000015258789,59.04999923706055,58.060001373291016,58.66999816894531,24732.0,91.52999877929688,91.58000183105467,91.08999633789062,91.08999633789062,0.0
2021-02-05,1920906566364574.0,1781.4088569514613,59.34000015258789,59.790000915527344,59.08000183105469,59.099998474121094,23510.0,91.04000091552734,91.5999984741211,90.9800033569336,91.48999786376952,0.0
2021-02-08,1569568134110469.0,2157.93199879175,60.560001373291016,60.70000076293945,59.54999923706055,59.560001373291016,21098.0,90.93000030517578,91.23999786376952,90.9000015258789,91.0,0.0
2021-02-09,1.8346194378986708e+16,2155.9345310279223,61.09000015258789,61.27000045776367,60.040000915527344,60.63999938964844,31230.0,90.44000244140624,90.93000030517578,90.43000030517578,90.91000366210938,0.0
2021-02-10,1.7040400346641536e+16,1212.0986478011916,61.470001220703125,61.68000030517578,60.88999938964844,61.22999954223633,28344.0,90.37000274658205,90.52999877929688,90.25,90.48999786376952,0.0
2021-02-11,1.7021812484031972e+16,1114.6086328540416,61.13999938964844,61.5,60.72999954223633,61.209999084472656,26169.0,90.41999816894533,90.47000122070312,90.26000213623048,90.45999908447266,0.0
2021-02-12,1.5931645584435288e+16,2366.481042271273,62.43000030517578,62.83000183105469,60.34000015258789,60.86000061035156,36933.0,90.4800033569336,90.73999786376952,90.37999725341795,90.41000366210938,0.0
2021-02-15,5.005709822885448e+16,2347.062402590366,62.43000030517578,62.83000183105469,60.34000015258789,60.86000061035156,36933.0,90.4800033569336,90.73999786376952,90.37999725341795,90.41000366210938,0.0
2021-02-16,9805771718618948.0,1313.4166085471434,63.349998474121094,63.810001373291016,62.689998626708984,62.77000045776367,65492.0,90.51000213623048,90.63999938964844,90.12000274658205,90.29000091552734,0.0
2021-02-17,8064654865911422.0,2834.7764829736007,64.33999633789062,64.94999694824219,62.75,63.54999923706055,47339.0,90.9499969482422,91.05999755859376,90.62000274658205,90.70999908447266,0.0
2021-02-18,1.4652713497101832e+16,2655.8052161758146,63.93000030517578,65.48999786376953,63.22999954223633,64.87000274658203,43309.0,90.58999633789062,90.9800033569336,90.54000091552734,90.9000015258789,0.0
2021-02-19,1062338638842207.0,1839.2530658197752,62.90999984741211,63.93000030517578,62.11000061035156,63.650001525878906,54254.0,90.36000061035156,90.6500015258789,90.18000030517578,90.56999969482422,0.0
2021-02-22,5585266560845897.0,2308.385826373271,65.23999786376953,65.83999633789062,62.59000015258789,62.72999954223633,32173.0,90.01000213623047,90.58000183105467,90.0,90.33999633789062,0.0
2021-02-23,1.6150797283868126e+16,2239.9298293215716,65.37000274658203,66.79000091552734,64.4800033569336,65.66000366210938,34643.0,90.16999816894533,90.26000213623048,89.94000244140625,90.0199966430664,0.0
2021-02-24,8521181130884553.0,2124.0044169582193,67.04000091552734,67.29000091552734,64.80000305175781,65.2300033569336,27000.0,90.18000030517578,90.43000030517578,89.9800033569336,90.0999984741211,0.0
2021-02-25,1440027986858742.0,1369.2597555347054,66.87999725341797,67.69999694824219,66.48999786376953,67.33999633789062,11746.0,90.12999725341795,90.29000091552734,89.68000030517578,90.06999969482422,0.0
2021-02-26,1.8671344176717804e+16,2725.4184464583127,66.12999725341797,66.87999725341797,65.69999694824219,66.70999908447266,42394.0,90.93000030517578,90.97000122070312,90.12999725341795,90.36000061035156,0.0
2021-03-01,9037684017292642.0,1257.3708416779396,63.689998626708984,65.91000366210938,63.18000030517578,64.70999908447266,33869.0,91.04000091552734,91.13999938964844,90.69000244140624,90.93000030517578,0.0
2021-03-02,1.9133991148464296e+16,1031.501096360542,62.70000076293945,64.12999725341797,62.369998931884766,63.38999938964844,37996.0,90.79000091552734,91.38999938964844,90.7300033569336,91.02999877929688,0.0
2021-03-03,1809352055611081.0,2276.626698738893,64.06999969482422,64.69999694824219,62.34000015258789,62.470001220703125,35401.0,90.9499969482422,91.05999755859376,90.62999725341795,90.79000091552734,0.0
2021-03-04,5731802199582719.0,2135.539934518598,66.73999786376953,67.7300033569336,63.36000061035156,63.939998626708984,67790.0,91.62999725341795,91.66999816894533,90.97000122070312,91.01000213623048,0.0
2021-03-05,9147228785431640.0,2795.712246363642,69.36000061035156,69.69000244140625,66.66000366210938,67.26000213623047,40754.0,91.9800033569336,92.19000244140624,91.62000274658205,91.66000366210938,0.0
2021-03-08,1888698977700314.0,2350.149073415894,68.23999786376953,71.36000061035156,67.80999755859375,69.9000015258789,37511.0,92.30999755859376,92.41999816894533,91.83999633789062,91.98999786376952,0.0
2021-03-09,1865686464516582.0,2881.2064408584533,67.5199966430664,69.31999969482422,67.13999938964844,68.0999984741211,30989.0,91.95999908447266,92.5,91.91000366210938,92.45999908447266,0.0
2021-03-10,1.0847170422148272e+16,2154.431924702751,67.9000015258789,68.43000030517578,66.5199966430664,67.33000183105469,37089.0,91.79000091552734,92.23999786376952,91.7699966430664,92.0500030517578,0.0
2021-03-11,6821499027783751.0,1185.6668424619384,69.62999725341797,69.83000183105469,68.0,68.26000213623047,30629.0,91.41999816894533,91.87999725341795,91.37000274658205,91.79000091552734,0.0
2021-03-12,1.0466970259695848e+16,1910.514137779932,69.22000122070312,69.9000015258789,69.02999877929688,69.58999633789062,27364.0,91.68000030517578,91.95999908447266,91.4000015258789,91.43000030517578,0.0
2021-03-15,1.2807266315680892e+16,1826.228120561122,68.87999725341797,70.0199966430664,67.83000183105469,69.12000274658203,30212.0,91.83000183105467,91.97000122070312,91.54000091552734,91.66000366210938,0.0
2021-03-16,1.3771957276812912e+16,2196.0808607074273,68.38999938964844,68.95999908447266,67.36000061035156,68.86000061035156,27321.0,91.87000274658205,92.02999877929688,91.68000030517578,91.83000183105467,0.0
2021-03-17,1885415207592689.0,2634.702004147161,68.0,68.87999725341797,66.95999908447266,68.38999938964844,37607.0,91.4000015258789,92.0,91.37000274658205,91.86000061035156,0.0
2021-03-18,1.566696479785256e+16,1774.5403989284266,63.279998779296875,68.1500015258789,61.41999816894531,67.93000030517578,61688.0,91.8499984741211,91.9000015258789,91.3000030517578,91.4000015258789,0.0
2021-03-19,1.5770609238462248e+16,2383.6558468982375,64.52999877929688,64.9000015258789,62.08000183105469,62.83000183105469,54241.0,91.91999816894533,92.16999816894533,91.66000366210938,91.83000183105467,0.0
2021-03-22,7866370724894214.0,2795.0141649493885,64.62000274658203,65.06999969482422,63.45000076293945,64.66000366210938,29644.0,91.8000030517578,92.1500015258789,91.70999908447266,91.73999786376952,0.0
2021-03-23,1.9205017170089136e+16,1988.3601241137096,60.790000915527344,64.33999633789062,60.2599983215332,64.30999755859375,43200.0,92.33999633789062,92.4000015258789,91.76000213623048,91.8000030517578,0.0
2021-03-24,1.2056878116115104e+16,1934.413864019602,64.41000366210938,64.55999755859375,60.34000015258789,60.349998474121094,36451.0,92.52999877929688,92.61000061035156,92.33999633789062,92.38999938964844,0.0
2021-03-25,1.5861461505209638e+16,2657.307309382218,61.95000076293945,64.1500015258789,60.97999954223633,64.1500015258789,27894.0,92.87999725341795,92.91999816894533,92.51000213623048,92.5999984741211,0.0
2021-03-26,9439764297177978.0,1856.7300315851303,64.56999969482422,64.87999725341797,61.7400016784668,61.7400016784668,23364.0,92.7699966430664,92.87000274658205,92.6500015258789,92.80999755859376,0.0
2021-03-29,1.8354443588335224e+16,1934.0078142031084,64.9800033569336,65.44999694824219,63.13999938964844,64.04000091552734,18231.0,92.94000244140624,92.95999908447266,92.72000122070312,92.72000122070312,0.0
2021-03-30,6313782656932074.0,2747.1108121255916,64.13999938964844,65.6500015258789,63.63999938964844,65.30999755859375,4695.0,93.3000030517578,93.3499984741211,92.87999725341795,92.91000366210938,0.0
2021-03-31,1.1912942184592512e+16,2546.4858477699686,63.540000915527344,64.69000244140625,63.540000915527344,64.4800033569336,38444.0,93.2300033569336,93.44000244140624,92.98999786376952,93.23999786376952,0.0
2021-04-01,5283510674003353.0,2266.4306376503555,64.86000061035156,65.16000366210938,62.369998931884766,62.9900016784668,66715.0,92.93000030517578,93.33999633789062,92.87999725341795,93.22000122070312,0.0
2021-04-02,9888801637589368.0,1669.4486517688492,64.86000061035156,65.16000366210938,62.369998931884766,62.9900016784668,66715.0,92.93000030517578,93.33999633789062,92.87999725341795,93.22000122070312,0.0
2021-04-05,1.4461641763319084e+16,2707.5904488704828,62.150001525878906,64.80999755859375,61.2400016784668,64.80999755859375,37285.0,92.5999984741211,93.11000061035156,92.54000091552734,93.01000213623048,0.0
2021-04-06,1.5448101196334532e+16,2563.697712188917,62.7400016784668,64.2699966430664,62.08000183105469,62.29999923706055,44319.0,92.33999633789062,92.79000091552734,92.2699966430664,92.56999969482422,0.0
2021-04-07,8670301488054948.0,1665.1045450850777,63.15999984741211,63.52000045776367,61.599998474121094,62.68000030517578,42225.0,92.45999908447266,92.5,92.13999938964844,92.31999969482422,0.0
2021-04-08,8695054268711943.0,1675.1689571524566,63.20000076293945,63.41999816894531,62.380001068115234,62.97999954223633,32283.0,92.05999755859376,92.4800033569336,92.0,92.41999816894533,0.0
2021-04-09,8329380180941899.0,1667.3245230625073,62.95000076293945,63.459999084472656,62.56999969482422,63.290000915527344,29073.0,92.16000366210938,92.41000366210938,92.02999877929688,92.06999969482422,0.0
2021-04-12,1.2767413885813604e+16,1927.4748860711047,63.279998779296875,64.30999755859375,62.40999984741211,63.02000045776367,36366.0,92.13999938964844,92.33000183105467,92.01000213623048,92.18000030517578,0.0
2021-04-13,1.7373565688754972e+16,1095.1524987894595,63.66999816894531,64.18000030517578,63.22999954223633,63.2400016784668,26957.0,91.8499984741211,92.33000183105467,91.79000091552734,92.08000183105467,0.0
2021-04-14,113330497314059.0,2413.504275229696,66.58000183105469,66.9000015258789,63.88999938964844,64.01000213623047,35988.0,91.69000244140624,91.83000183105467,91.56999969482422,91.83000183105467,0.0
2021-04-15,6855759260720198.0,2249.8135250792543,66.94000244140625,67.02999877929688,65.95999908447266,66.3499984741211,23442.0,91.66999816894533,91.75,91.48999786376952,91.62999725341795,0.0
2021-04-16,9468438672003940.0,2144.4582741170307,66.7699966430664,67.37999725341797,66.44999694824219,66.86000061035156,24035.0,91.55999755859376,91.80999755859376,91.48999786376952,91.66000366210938,0.0
2021-04-19,1454892541039042.0,1748.4363540622526,67.05000305175781,67.2300033569336,66.19000244140625,66.69000244140625,19740.0,91.06999969482422,91.75,91.02999877929688,91.54000091552734,0.0
2021-04-20,1.7846548478768176e+16,2454.8608555117876,66.56999969482422,68.08000183105469,65.5,67.12000274658203,40194.0,91.23999786376952,91.27999877929688,90.86000061035156,91.0500030517578,0.0
2021-04-21,9154597903261188.0,1651.3237908044769,65.31999969482422,66.5199966430664,64.95999908447266,66.36000061035156,32764.0,91.16000366210938,91.43000030517578,91.08999633789062,91.20999908447266,0.0
2021-04-22,1913907032694356.0,2360.0614970730717,65.4000015258789,65.83999633789062,64.58000183105469,65.11000061035156,26722.0,91.33000183105467,91.41999816894533,91.0,91.11000061035156,0.0
2021-04-23,5039260696698378.0,2154.0229366396575,66.11000061035156,66.30999755859375,65.16999816894531,65.62000274658203,22397.0,90.86000061035156,91.3000030517578,90.80999755859376,91.29000091552734,0.0
2021-04-26,1.851278610620199e+16,1096.2183122996023,65.6500015258789,66.25,64.56999969482422,66.0199966430664,27250.0,90.80999755859376,90.98999786376952,90.68000030517578,90.83000183105467,0.0
2021-04-27,1.498021413661202e+16,2850.8152957276184,66.41999816894531,66.80000305175781,65.69999694824219,65.7699966430664,33604.0,90.91000366210938,91.06999969482422,90.80999755859376,90.87999725341795,0.0
2021-04-28,1953574380479559.0,1705.0131438913306,67.2699966430664,67.86000061035156,66.16000366210938,66.66000366210938,24119.0,90.61000061035156,91.12999725341795,90.5500030517578,90.9000015258789,0.0
2021-04-29,1.4161053366393336e+16,2445.389347364342,68.55999755859375,68.94999694824219,67.04000091552734,67.04000091552734,10592.0,90.61000061035156,90.79000091552734,90.41999816894533,90.5500030517578,0.0
2021-04-30,1.070859715818316e+16,1339.8949192554858,67.25,68.31999969482422,67.1500015258789,68.31999969482422,31012.0,91.27999877929688,91.31999969482422,90.58999633789062,90.62999725341795,0.0
2021-05-03,6672925033564317.0,1167.1039517836423,67.55999755859375,67.83000183105469,66.08000183105469,66.7699966430664,17852.0,90.9499969482422,91.38999938964844,90.87000274658205,91.3000030517578,0.0
2021-05-04,535031917722669.0,1374.7976093313546,68.87999725341797,69.43000030517578,67.37999725341797,67.6500015258789,27613.0,91.29000091552734,91.4000015258789,90.98999786376952,91.0,0.0
2021-05-05,1.9637882706651744e+16,1469.5165029224693,68.95999908447266,69.95999908447266,68.33999633789062,69.5,32004.0,91.30999755859376,91.44000244140624,91.16999816894533,91.27999877929688,0.0
2021-05-06,6357443877585207.0,1693.97808939807,68.08999633789062,69.37000274658203,67.93000030517578,68.56999969482422,25171.0,90.9499969482422,91.37999725341795,90.87999725341795,91.2699966430664,0.0
2021-05-07,8460371392191984.0,1667.9696411052523,68.27999877929688,68.61000061035156,67.37999725341797,68.29000091552734,29163.0,90.2300033569336,90.95999908447266,90.19000244140624,90.87999725341795,0.0
2021-05-10,1.7680848156468952e+16,2392.3489123671293,68.31999969482422,70.26000213623047,67.41000366210938,68.62000274658203,31833.0,90.20999908447266,90.33999633789062,90.04000091552734,90.2300033569336,0.0
2021-05-11,1.9290995172468396e+16,2162.780569723018,68.55000305175781,68.75,67.12999725341797,68.23999786376953,40504.0,90.13999938964844,90.36000061035156,89.9800033569336,90.23999786376952,0.0
2021-05-12,1.0274557250185326e+16,1906.6261687843,69.31999969482422,69.9000015258789,68.19000244140625,68.72000122070312,31702.0,90.70999908447266,90.8000030517578,90.16000366210938,90.19000244140624,0.0
2021-05-13,1539486191289373.0,2856.265237972366,67.05000305175781,69.0199966430664,66.47000122070312,69.0199966430664,38726.0,90.75,90.91000366210938,90.58999633789062,90.75,0.0
2021-05-14,1471054466051718.0,2618.265823313581,68.70999908447266,68.86000061035156,66.5,67.01000213623047,31042.0,90.31999969482422,90.8000030517578,90.27999877929688,90.76000213623048,0.0
2021-05-17,7415703317744756.0,2592.7442847027446,69.45999908447266,69.62999725341797,68.19999694824219,68.86000061035156,26662.0,90.22000122070312,90.43000030517578,90.1500015258789,90.3000030517578,0.0
2021-05-18,1.9760191891409624e+16,1278.361806597767,68.70999908447266,70.23999786376953,67.27999877929688,69.52999877929688,43138.0,89.75,90.1999969482422,89.69000244140625,90.18000030517578,0.0
2021-05-19,1.6470913831539906e+16,1988.0142871455848,66.66000366210938,68.5999984741211,65.29000091552734,68.58000183105469,42607.0,90.19000244140624,90.29000091552734,89.69000244140625,89.77999877929688,0.0
2021-05-20,1.2460092179975424e+16,1085.326512778185,65.11000061035156,67.1500015258789,64.79000091552734,66.7300033569336,35448.0,89.80999755859375,90.2300033569336,89.76000213623047,90.20999908447266,0.0
2021-05-21,8823091707333349.0,2241.792917197686,66.44000244140625,66.94000244140625,64.55999755859375,65.04000091552734,33829.0,90.0199966430664,90.1500015258789,89.6500015258789,89.77999877929688,0.0
2021-05-24,1846379149918966.0,1454.4651127425557,68.45999908447266,68.63999938964844,66.47000122070312,66.63999938964844,29400.0,89.83000183105469,90.0999984741211,89.76000213623047,90.02999877929688,0.0
2021-05-25,1659429170849865.0,2082.767436078547,68.6500015258789,68.88999938964844,67.83999633789062,68.38999938964844,20377.0,89.63999938964844,89.87000274658203,89.54000091552734,89.8499984741211,0.0
2021-05-26,1.1438447074285388e+16,2302.633998409148,68.87000274658203,69.16000366210938,68.02999877929688,68.62999725341797,21097.0,90.04000091552734,90.11000061035156,89.58999633789062,89.69000244140625,0.0
2021-05-27,1.5921464130828868e+16,2890.7184682191337,69.45999908447266,69.51000213623047,68.11000061035156,68.87999725341797,6546.0,89.97000122070312,90.18000030517578,89.88999938964844,90.08000183105467,0.0
2021-05-28,7569626293012228.0,2291.1357390505373,69.62999725341797,69.83000183105469,69.41999816894531,69.62000274658203,31275.0,90.02999877929688,90.44000244140624,89.9800033569336,90.02999877929688,0.0
2021-05-31,5616473129493256.0,1340.8628999254918,69.62999725341797,69.83000183105469,69.41999816894531,69.62000274658203,31275.0,90.02999877929688,90.44000244140624,89.9800033569336,90.02999877929688,0.0
2021-06-01,1.3686447108436756e+16,1753.9567143900897,70.25,71.3499984741211,68.7699966430664,69.02999877929688,39925.0,89.83000183105469,89.94000244140625,89.66000366210938,89.80999755859375,0.0
2021-06-02,705614781219694.0,1025.6847600716644,71.3499984741211,71.48999786376953,70.37000274658203,70.55999755859375,22202.0,89.9000015258789,90.25,89.86000061035156,89.91999816894531,0.0
2021-06-03,753827905873927.0,2937.5159769432253,71.30999755859375,71.9800033569336,70.66000366210938,71.2699966430664,25178.0,90.5,90.5500030517578,89.88999938964844,89.93000030517578,0.0
2021-06-04,1.0008074897793824e+16,2411.773074297756,71.88999938964844,72.16999816894531,70.76000213623047,71.3499984741211,24006.0,90.13999938964844,90.62999725341795,90.02999877929688,90.47000122070312,0.0
2021-06-07,1255022383246216.0,2657.205411982205,71.48999786376953,72.26000213623047,71.0999984741211,71.69999694824219,21019.0,89.94999694824219,90.3000030517578,89.91000366210938,90.12999725341795,0.0
2021-06-08,1.4912725078144984e+16,1313.9448275466375,72.22000122070312,72.41000366210938,70.72000122070312,71.38999938964844,29742.0,90.08000183105467,90.18000030517578,89.95999908447266,89.98999786376953,0.0
2021-06-09,1.3905142754353408e+16,2090.6855852959857,72.22000122070312,72.87999725341797,71.81999969482422,72.13999938964844,31013.0,90.12000274658205,90.16999816894533,89.83999633789062,90.12999725341795,0.0
2021-06-10,1420729759604546.0,1372.5551052430824,72.5199966430664,72.91999816894531,70.94999694824219,72.08999633789062,37080.0,90.08000183105467,90.30999755859376,89.9800033569336,90.13999938964844,0.0
2021-06-11,1.9007722087891332e+16,1022.5998813295064,72.69000244140625,73.08000183105469,71.87999725341797,72.38999938964844,36538.0,90.55999755859376,90.61000061035156,89.95999908447266,90.06999969482422,0.0
2021-06-14,8656496121439088.0,1984.9975719144468,72.86000061035156,73.63999938964844,72.48999786376953,72.48999786376953,25816.0,90.5199966430664,90.5999984741211,90.41000366210938,90.51000213623048,0.0
2021-06-15,1.3784419727961452e+16,1365.0320357771054,73.98999786376953,74.33000183105469,72.77999877929688,73.0999984741211,32191.0,90.54000091552734,90.68000030517578,90.3499984741211,90.4800033569336,0.0
2021-06-16,1705749900253779.0,2863.271572770265,74.38999938964844,74.95999908447266,73.88999938964844,74.30000305175781,42294.0,91.12999725341795,91.4000015258789,90.44000244140624,90.54000091552734,0.0
2021-06-17,1.4871502057378356e+16,2693.0108370869684,73.08000183105469,74.48999786376953,72.0,73.9800033569336,42085.0,91.88999938964844,92.01000213623048,91.30999755859376,91.43000030517578,0.0
2021-06-18,1.815862757185679e+16,2449.0596403939576,73.51000213623047,73.75,72.18000030517578,73.06999969482422,26417.0,92.2300033569336,92.41000366210938,91.80999755859376,91.87999725341795,0.0
2021-06-21,1495223348449348.0,2999.503657450782,74.9000015258789,74.94999694824219,72.9800033569336,73.33000183105469,38734.0,91.86000061035156,92.37000274658205,91.83000183105467,92.31999969482422,0.0
2021-06-22,1.8327277905455252e+16,2269.368782020812,74.80999755859375,75.29000091552734,74.33999633789062,74.80999755859375,39381.0,91.7300033569336,92.13999938964844,91.6500015258789,91.87999725341795,0.0
2021-06-23,7425054399169273.0,1641.6490602070662,75.19000244140625,76.0,74.7300033569336,74.76000213623047,32883.0,91.8000030517578,91.9000015258789,91.51000213623048,91.7300033569336,0.0
2021-06-24,9350133841725504.0,2643.0568885360663,75.55999755859375,75.7699966430664,74.5199966430664,75.37000274658203,26664.0,91.81999969482422,91.91000366210938,91.66000366210938,91.8000030517578,0.0
2021-06-25,1.1171121853876924e+16,2836.9722391139617,76.18000030517578,76.20999908447266,74.94999694824219,75.61000061035156,31417.0,91.80999755859376,91.87999725341795,91.52999877929688,91.83000183105467,0.0
2021-06-28,1.6972336306477234e+16,2191.231561409805,74.68000030517578,76.58999633789062,74.5199966430664,76.16000366210938,27711.0,91.87999725341795,92.0199966430664,91.6999969482422,91.80999755859376,0.0
2021-06-29,614671017978527.0,2591.283617690803,74.76000213623047,75.51000213623047,73.91000366210938,74.5999984741211,4089.0,92.0500030517578,92.19000244140624,91.86000061035156,91.87999725341795,0.0
2021-06-30,1.1866528160119816e+16,2069.162523566824,75.12999725341797,75.5999984741211,74.54000091552734,75.13999938964844,33596.0,92.44000244140624,92.4499969482422,92.0,92.08000183105467,0.0
2021-07-01,1.8625079349551536e+16,2956.489868841277,75.83999633789062,76.75,74.55000305175781,74.69999694824219,52210.0,92.5999984741211,92.5999984741211,92.26000213623048,92.3499984741211,0.0
2021-07-02,1.6553929566392084e+16,1577.3475936193863,76.16999816894531,76.43000030517578,75.2300033569336,75.58999633789062,31167.0,92.2300033569336,92.73999786376952,92.18000030517578,92.56999969482422,0.0
2021-07-05,8010567136094986.0,2837.8964125236794,76.16999816894531,76.43000030517578,75.2300033569336,75.58999633789062,31167.0,92.2300033569336,92.73999786376952,92.18000030517578,92.56999969482422,0.0
2021-07-06,1.1119445655349852e+16,1549.8437944356308,74.52999877929688,77.83000183105469,74.12000274658203,76.08999633789062,58679.0,92.5500030517578,92.66000366210938,92.0,92.23999786376952,0.0
2021-07-07,1.862307431172413e+16,1148.6084634757551,73.43000030517578,75.98999786376953,72.58999633789062,74.95999908447266,51166.0,92.63999938964844,92.8499984741211,92.43000030517578,92.52999877929688,0.0
2021-07-08,8802184978881817.0,1123.3188126157854,74.12000274658203,74.38999938964844,72.0999984741211,73.47000122070312,42366.0,92.36000061035156,92.79000091552734,92.23999786376952,92.6999969482422,0.0
2021-07-09,1.4424928092893064e+16,2847.5684829570896,75.55000305175781,75.79000091552734,73.81999969482422,74.36000061035156,31967.0,92.12999725341795,92.54000091552734,92.08999633789062,92.36000061035156,0.0
2021-07-12,1.0400940227182748e+16,1726.1905856058509,75.16000366210938,75.83999633789062,74.23999786376953,75.63999938964844,32255.0,92.2300033569336,92.41999816894533,92.08000183105467,92.0999984741211,0.0
2021-07-13,9090805243532502.0,1701.5808071196711,76.48999786376953,76.61000061035156,74.95999908447266,75.2300033569336,32219.0,92.75,92.80999755859376,92.13999938964844,92.2300033569336,0.0
2021-07-14,51484430849409.0,1030.9675855617568,74.76000213623047,76.70999908447266,73.76000213623047,76.4000015258789,49772.0,92.41000366210938,92.83000183105467,92.3499984741211,92.8000030517578,0.0
2021-07-15,9023108523207624.0,2521.96018704396,73.47000122070312,74.63999938964844,73.16000366210938,74.55000305175781,41748.0,92.62000274658205,92.69000244140624,92.2699966430664,92.4000015258789,0.0
2021-07-16,5167412012199889.0,2369.132061077819,73.58999633789062,74.06999969482422,72.33999633789062,73.26000213623047,33536.0,92.69000244140624,92.76000213623048,92.52999877929688,92.58999633789062,0.0
2021-07-19,6476880304811317.0,2000.63233798045,68.62000274658203,73.29000091552734,67.8499984741211,73.0,58659.0,92.88999938964844,93.04000091552734,92.63999938964844,92.70999908447266,0.0
2021-07-20,6801290512180442.0,1316.7452178549388,69.3499984741211,69.7300033569336,67.41999816894531,68.76000213623047,43067.0,92.97000122070312,93.16999816894533,92.8000030517578,92.87999725341795,0.0
2021-07-21,642194758960382.0,2360.811524855642,72.2300033569336,72.36000061035156,68.63999938964844,68.73999786376953,43341.0,92.75,93.19000244140624,92.7300033569336,92.97000122070312,0.0
2021-07-22,1.0765195179119636e+16,2957.093316123184,73.79000091552734,73.9000015258789,71.75,72.0999984741211,34425.0,92.81999969482422,92.91999816894533,92.51000213623048,92.8000030517578,0.0
2021-07-23,1.6267180953649932e+16,1367.0199317620122,74.0999984741211,74.20999908447266,73.33000183105469,73.70999908447266,23724.0,92.91000366210938,93.0199966430664,92.77999877929688,92.80999755859376,0.0
2021-07-26,5013389187062757.0,1082.7633773352225,74.5,74.83000183105469,72.75,74.16999816894531,31628.0,92.6500015258789,92.95999908447266,92.52999877929688,92.91000366210938,0.0
2021-07-27,1.2286670684122268e+16,1245.5712390102904,74.4800033569336,75.05000305175781,74.0199966430664,74.79000091552734,26028.0,92.43000030517578,92.83999633789062,92.31999969482422,92.62999725341795,0.0
2021-07-28,1.7284851161400688e+16,1681.7350632133855,74.73999786376953,75.30999755859375,74.44000244140625,74.66000366210938,20863.0,92.31999969482422,92.75,92.23999786376952,92.45999908447266,0.0
2021-07-29,1.8771561738774456e+16,1977.4399186245464,76.05000305175781,76.13999938964844,74.62999725341797,74.80999755859375,9158.0,91.86000061035156,92.29000091552734,91.86000061035156,92.2699966430664,0.0
2021-07-30,130075342566852.0,2748.2987262595075,76.33000183105469,76.38999938964844,75.51000213623047,75.80000305175781,27919.0,92.16999816894533,92.1999969482422,91.77999877929688,91.8499984741211,0.0
2021-08-02,1034262360668095.0,2776.306812261385,72.88999938964844,75.33000183105469,72.30999755859375,75.18000030517578,38106.0,92.0500030517578,92.16999816894533,91.91000366210938,92.08999633789062,0.0
2021-08-03,1.7488245791763716e+16,1294.4512487470863,72.41000366210938,73.52999877929688,71.04000091552734,73.2300033569336,41458.0,92.08000183105467,92.16000366210938,91.88999938964844,92.05999755859376,0.0
2021-08-04,1.6660171614620522e+16,2644.5057585837967,70.37999725341797,72.81999969482422,70.12000274658203,72.33000183105469,44616.0,92.2699966430664,92.30999755859376,91.81999969482422,92.04000091552734,0.0
2021-08-05,1311242670446567.0,1784.221965014359,71.29000091552734,71.5,69.75,70.25,32444.0,92.23999786376952,92.3499984741211,92.12000274658205,92.27999877929688,0.0
2021-08-06,1.4674500943181896e+16,1242.3782565825584,70.69999694824219,72.43000030517578,70.27999877929688,71.26000213623047,35762.0,92.8000030517578,92.83999633789062,92.26000213623048,92.2699966430664,0.0
2021-08-09,1.0717361758828404e+16,1152.8911342209126,69.04000091552734,70.05999755859375,67.61000061035156,70.05999755859375,42738.0,92.9499969482422,92.98999786376952,92.72000122070312,92.77999877929688,0.0
2021-08-10,1.5808364645958076e+16,2894.916696242291,70.62999725341797,71.2300033569336,68.97000122070312,69.29000091552734,30525.0,93.05999755859376,93.13999938964844,92.94000244140624,92.9800033569336,0.0
2021-08-11,1.5365749555555864e+16,2525.239174248218,71.44000244140625,71.62999725341797,69.06999969482422,70.91000366210938,34214.0,92.91000366210938,93.19000244140624,92.8000030517578,93.06999969482422,0.0
2021-08-12,1.0748163406642956e+16,2914.296596133536,71.30999755859375,71.88999938964844,70.68000030517578,71.58000183105469,22952.0,93.04000091552734,93.04000091552734,92.8499984741211,92.88999938964844,0.0
2021-08-13,1.1518845384028424e+16,1481.8877131007514,70.58999633789062,71.38999938964844,70.0,71.12000274658203,26874.0,92.5199966430664,93.01000213623048,92.47000122070312,92.97000122070312,0.0
2021-08-16,531059336681055.0,1892.4298401482329,69.51000213623047,70.4000015258789,68.13999938964844,70.22000122070312,33537.0,92.62999725341795,92.66000366210938,92.4800033569336,92.5199966430664,0.0
2021-08-17,1.3488546289114948e+16,2190.232007287377,69.02999877929688,70.01000213623047,68.81999969482422,69.6500015258789,29163.0,93.12999725341795,93.16999816894533,92.61000061035156,92.62000274658205,0.0
2021-08-18,1.7212204591038816e+16,1355.8239447754313,68.2300033569336,70.04000091552734,67.22000122070312,69.01000213623047,34264.0,93.13999938964844,93.26000213623048,92.95999908447266,93.13999938964844,0.0
2021-08-19,1471055242345854.0,1712.1658147554774,66.44999694824219,67.6500015258789,65.55999755859375,67.41999816894531,35816.0,93.56999969482422,93.58000183105467,93.13999938964844,93.13999938964844,0.0
2021-08-20,1.854971517848923e+16,2128.9009760569115,65.18000030517578,66.91999816894531,64.80000305175781,66.5999984741211,27104.0,93.5,93.7300033569336,93.43000030517578,93.55999755859376,0.0
2021-08-23,6454092483215666.0,1803.5951020505331,68.75,68.91000366210938,64.83000183105469,65.18000030517578,29582.0,92.95999908447266,93.51000213623048,92.9499969482422,93.45999908447266,0.0
2021-08-24,1.9776777370564904e+16,1447.9294165857452,71.05000305175781,71.30000305175781,68.5199966430664,68.68000030517578,38685.0,92.88999938964844,93.08000183105467,92.80999755859376,92.98999786376952,0.0
2021-08-25,7563033102389226.0,2527.8999063247275,72.25,72.41000366210938,70.51000213623047,71.12999725341797,32345.0,92.83000183105467,93.12999725341795,92.80999755859376,92.87999725341795,0.0
2021-08-26,1.6204729790097096e+16,1931.8080898222472,71.06999969482422,72.12999725341797,70.68000030517578,71.83999633789062,24373.0,93.05999755859376,93.08000183105467,92.80999755859376,92.83000183105467,0.0
2021-08-27,1.2639800680718032e+16,1384.4241047768303,72.69999694824219,72.73999786376953,71.16000366210938,71.41999816894531,13316.0,92.69000244140624,93.18000030517578,92.62999725341795,93.02999877929688,0.0
2021-08-30,1.8051507068451344e+16,2822.628776119804,73.41000366210938,73.69999694824219,71.98999786376953,73.58999633789062,3291.0,92.6500015258789,92.79000091552734,92.5999984741211,92.68000030517578,0.0
2021-08-31,1.0655342900220392e+16,1369.5888638335125,72.98999786376953,73.48999786376953,72.91000366210938,73.02999877929688,28933.0,92.62999725341795,92.75,92.4000015258789,92.70999908447266,0.0
2021-09-01,1.0359243588446434e+16,2861.0599188281267,71.58999633789062,72.37000274658203,70.41000366210938,71.69999694824219,32339.0,92.4499969482422,92.79000091552734,92.37999725341795,92.66000366210938,0.0
2021-09-02,1.4183817649293896e+16,1394.8932080026636,73.02999877929688,73.45999908447266,70.91999816894531,71.23999786376953,30185.0,92.2300033569336,92.54000091552734,92.20999908447266,92.51000213623048,0.0
2021-09-03,8050815978182028.0,2771.570001258935,72.61000061035156,73.69999694824219,72.4000015258789,72.80999755859375,27095.0,92.04000091552734,92.26000213623048,91.9499969482422,92.22000122070312,0.0
2021-09-06,1712993211322025.0,2386.78158641083,72.61000061035156,73.69999694824219,72.4000015258789,72.80999755859375,27095.0,92.04000091552734,92.26000213623048,91.9499969482422,92.22000122070312,0.0
2021-09-07,1.1175365162235188e+16,1938.296503496107,71.69000244140625,72.7699966430664,71.0999984741211,72.69000244140625,35294.0,92.5199966430664,92.56999969482422,92.0999984741211,92.1999969482422,0.0
2021-09-08,1.6638744794847294e+16,1709.5007621143682,72.5999984741211,72.94999694824219,71.55999755859375,71.58000183105469,31671.0,92.6500015258789,92.86000061035156,92.47000122070312,92.54000091552734,0.0
2021-09-09,6008378156943894.0,2946.218644922221,71.44999694824219,73.19000244140625,70.88999938964844,72.62000274658203,35106.0,92.4800033569336,92.76000213623048,92.37999725341795,92.70999908447266,0.0
2021-09-10,1.693976307080348e+16,2302.3237747720364,72.91999816894531,73.13999938964844,70.95999908447266,71.30999755859375,26654.0,92.58000183105467,92.6500015258789,92.33000183105467,92.52999877929688,0.0
2021-09-13,1.9886821957305284e+16,1343.254620618828,73.51000213623047,73.93000030517578,72.69999694824219,73.05000305175781,26510.0,92.62000274658205,92.88999938964844,92.56999969482422,92.61000061035156,0.0
2021-09-14,6688812181540613.0,2738.0656763166967,73.5999984741211,74.2699966430664,73.08000183105469,73.7300033569336,27690.0,92.6500015258789,92.68000030517578,92.31999969482422,92.62000274658205,0.0
2021-09-15,8865156177668154.0,1401.332202743779,75.45999908447266,76.12999725341797,73.77999877929688,73.83999633789062,35197.0,92.48999786376952,92.68000030517578,92.41999816894533,92.68000030517578,0.0
2021-09-16,998487552318818.0,2893.362393054511,75.66999816894531,75.86000061035156,74.4800033569336,75.45999908447266,27363.0,92.86000061035156,92.95999908447266,92.45999908447266,92.45999908447266,0.0
2021-09-17,1.6021497980906828e+16,2985.907845458479,75.33999633789062,75.77999877929688,74.58000183105469,75.01000213623047,26771.0,93.1999969482422,93.25,92.7699966430664,92.87999725341795,0.0
2021-09-20,1543257279491929.0,2385.4121149621024,73.91999816894531,75.38999938964844,73.51000213623047,75.38999938964844,28251.0,93.23999786376952,93.4499969482422,93.19000244140624,93.25,0.0
2021-09-21,1.1353686891590382e+16,1391.106863952266,74.36000061035156,75.16999816894531,73.25,74.2300033569336,25140.0,93.1999969482422,93.29000091552734,93.0500030517578,93.23999786376952,0.0
2021-09-22,1.6503356060416608e+16,1832.0435441284592,76.19000244140625,76.26000213623047,74.51000213623047,74.61000061035156,26605.0,93.45999908447266,93.51000213623048,92.98999786376952,93.2300033569336,0.0
2021-09-23,187504337597745.0,1867.1042382033631,77.25,77.33999633789062,75.5999984741211,75.87000274658203,26832.0,93.0999984741211,93.5199966430664,92.9800033569336,93.4800033569336,0.0
2021-09-24,5602265227223733.0,1686.3271140480838,78.08999633789062,78.25,76.87000274658203,77.18000030517578,20417.0,93.33000183105467,93.41999816894533,93.0500030517578,93.06999969482422,0.0
2021-09-27,1.4198223068996576e+16,2748.024028959946,79.52999877929688,79.87999725341797,78.20999908447266,78.2300033569336,20799.0,93.37999725341795,93.48999786376952,93.20999908447266,93.27999877929688,0.0
2021-09-28,1.2495589037629536e+16,2385.2342443696216,79.08999633789062,80.73999786376953,78.08000183105469,79.41999816894531,21656.0,93.7699966430664,93.80999755859376,93.36000061035156,93.41000366210938,0.0
2021-09-29,1.0992869799507262e+16,1520.305753470911,78.63999938964844,79.41000366210938,77.52999877929688,78.25,8319.0,94.33999633789062,94.43000030517578,93.66999816894533,93.72000122070312,0.0
2021-09-30,1258332831673935.0,1244.801775108776,78.5199966430664,79.16000366210938,77.63999938964844,78.33000183105469,51076.0,94.25,94.5,94.11000061035156,94.3499984741211,0.0
2021-10-01,8994794871085276.0,1140.1270578231397,79.27999877929688,79.41000366210938,77.56999969482422,78.41000366210938,31697.0,94.04000091552734,94.38999938964844,93.98999786376952,94.30999755859376,0.0
2021-10-04,9583802929030248.0,2003.5048235366212,81.26000213623047,82.0,78.76000213623047,79.36000061035156,43286.0,93.80999755859376,94.0999984741211,93.68000030517578,94.06999969482422,0.0
2021-10-05,1608174737918097.0,1708.2540201678353,82.55999755859375,83.11000061035156,81.19999694824219,81.27999877929688,44439.0,93.9800033569336,94.06999969482422,93.80999755859376,93.83000183105467,0.0
2021-10-06,1166386151424164.0,1303.20181328513,81.08000183105469,83.44000244140625,80.58999633789062,82.66000366210938,41389.0,94.2699966430664,94.4499969482422,93.9800033569336,93.98999786376952,0.0
2021-10-07,1281153177359179.0,2770.740785272882,81.94999694824219,82.5,79.08000183105469,80.80000305175781,43830.0,94.22000122070312,94.27999877929688,94.08000183105467,94.2300033569336,0.0
2021-10-08,6200815112761419.0,2172.1857895914222,82.38999938964844,83.43000030517578,81.95999908447266,82.38999938964844,48729.0,94.06999969482422,94.33999633789062,93.94000244140624,94.20999908447266,0.0
2021-10-11,1.4699473413953828e+16,2940.0227682176533,83.6500015258789,84.5999984741211,82.55999755859375,82.58999633789062,46216.0,94.31999969482422,94.4000015258789,94.02999877929688,94.0999984741211,0.0
2021-10-12,1.8744850008684804e+16,1863.8360176072745,83.41999816894531,84.2300033569336,82.72000122070312,83.61000061035156,47351.0,94.5199966430664,94.55999755859376,94.2300033569336,94.37000274658205,0.0
2021-10-13,764663971337095.0,1713.4383023708438,83.18000030517578,83.69000244140625,82.20999908447266,83.16000366210938,39594.0,94.08000183105467,94.52999877929688,94.01000213623048,94.5199966430664,0.0
2021-10-14,1061277631054819.0,1735.240976139475,84.0,84.52999877929688,83.19000244140625,83.3499984741211,37348.0,93.95999908447266,94.08999633789062,93.76000213623048,94.0199966430664,0.0
2021-10-15,1.0687797261188168e+16,2110.8491137717147,84.86000061035156,85.0999984741211,84.16999816894531,84.19999694824219,33044.0,93.94000244140624,94.06999969482422,93.8499984741211,94.02999877929688,0.0
2021-10-18,1.7855360502079592e+16,2110.1511613748044,84.33000183105469,86.02999877929688,83.95999908447266,85.05000305175781,40153.0,93.9499969482422,94.16999816894533,93.87000274658205,93.9499969482422,0.0
2021-10-19,1.6946836780879514e+16,2334.1431078672786,85.08000183105469,85.4000015258789,83.70999908447266,84.11000061035156,45141.0,93.79000091552734,93.9499969482422,93.5,93.9499969482422,0.0
2021-10-20,8709808743069214.0,1585.7205431758582,85.81999969482422,85.88999938964844,83.62999725341797,85.0999984741211,43107.0,93.55999755859376,93.87999725341795,93.54000091552734,93.80999755859376,0.0
2021-10-21,1.3803599628731296e+16,2336.1623112954944,84.61000061035156,86.12000274658203,83.36000061035156,85.87999725341797,49004.0,93.7699966430664,93.79000091552734,93.5,93.58000183105467,0.0
2021-10-22,1.8427910785238264e+16,2056.761190249721,85.52999877929688,85.94000244140625,83.83000183105469,84.6500015258789,41174.0,93.61000061035156,93.79000091552734,93.54000091552734,93.75,0.0
2021-10-25,1.2956282174474986e+16,2983.35019089355,85.98999786376953,86.72000122070312,85.44000244140625,85.70999908447266,43061.0,93.80999755859376,93.95999908447266,93.4800033569336,93.66000366210938,0.0
2021-10-26,5416668974920836.0,1763.7629952718733,86.4000015258789,86.52999877929688,85.27999877929688,86.02999877929688,32042.0,93.9499969482422,94.0199966430664,93.70999908447266,93.83999633789062,0.0
2021-10-27,1.1055019096575112e+16,1455.9974209288998,84.58000183105469,86.2699966430664,84.05000305175781,86.12999725341797,25643.0,93.86000061035156,94.01000213623048,93.69000244140624,93.97000122070312,0.0
2021-10-28,1169226748728263.0,2543.229604922737,84.31999969482422,84.56999969482422,82.30999755859375,84.18000030517578,10576.0,93.3499984741211,93.97000122070312,93.27999877929688,93.87999725341795,0.0
2021-10-29,1.2430058231910092e+16,2241.186239340716,84.37999725341797,84.55999755859375,84.05999755859375,84.19000244140625,35155.0,94.12000274658205,94.3000030517578,93.31999969482422,93.36000061035156,0.0
2021-11-01,824105156891093.0,2931.2425665838996,84.70999908447266,85.11000061035156,83.02999877929688,83.7300033569336,36245.0,93.87999725341795,94.30999755859376,93.86000061035156,94.12999725341795,0.0
2021-11-02,5190821931174145.0,2798.059865333557,84.72000122070312,85.22000122070312,83.76000213623047,84.41999816894531,40105.0,94.08999633789062,94.12999725341795,93.81999969482422,93.93000030517578,0.0
2021-11-03,6919084344026854.0,1697.2348994978904,81.98999786376953,84.18000030517578,81.08000183105469,84.04000091552734,50062.0,93.86000061035156,94.20999908447266,93.81999969482422,94.12000274658205,0.0
2021-11-04,7941012473583942.0,1254.928280053265,80.54000091552734,84.5,80.19000244140625,81.31999969482422,72626.0,94.3499984741211,94.47000122070312,93.83000183105467,93.86000061035156,0.0
2021-11-05,1.8156356806846816e+16,2142.6998689432226,82.73999786376953,83.1500015258789,80.2699966430664,81.0,43130.0,94.31999969482422,94.62000274658205,94.19000244140624,94.33999633789062,0.0
2021-11-08,9491675615869588.0,1610.803656153589,83.43000030517578,83.98999786376953,82.5,82.56999969482422,27655.0,94.0500030517578,94.37999725341795,93.98999786376952,94.25,0.0
2021-11-09,6938007078794104.0,2025.215902052544,84.77999877929688,85.13999938964844,83.18000030517578,83.58999633789062,34996.0,93.95999908447266,94.1500015258789,93.87999725341795,94.08999633789062,0.0
2021-11-10,1.8747941123093612e+16,2910.5217584661123,82.63999938964844,85.5,82.08999633789062,85.16000366210938,36273.0,94.8499984741211,94.9000015258789,93.97000122070312,93.9800033569336,0.0
2021-11-11,1.0347601582738082e+16,2606.463971397284,82.87000274658203,83.43000030517578,81.66000366210938,82.63999938964844,31162.0,95.18000030517578,95.1999969482422,94.83999633789062,94.83999633789062,0.0
2021-11-12,1.5517712750434924e+16,1779.427746811642,82.16999816894531,82.87000274658203,81.26000213623047,82.66999816894531,27167.0,95.12999725341795,95.2699966430664,95.0,95.18000030517578,0.0
2021-11-15,1.3549996334576506e+16,1578.7472205336574,82.05000305175781,82.48999786376953,80.68000030517578,81.91999816894531,32804.0,95.41000366210938,95.5999984741211,94.97000122070312,95.12000274658205,0.0
2021-11-16,59737231883619.0,2496.4922043111715,82.43000030517578,83.13999938964844,81.55000305175781,82.11000061035156,25767.0,95.91999816894533,95.9800033569336,95.4000015258789,95.47000122070312,0.0
2021-11-17,9990325898121196.0,1435.0260814348358,80.27999877929688,82.36000061035156,79.7699966430664,82.33000183105469,38038.0,95.83000183105467,96.23999786376952,95.7300033569336,95.94000244140624,0.0
2021-11-18,1.1073593548594112e+16,2169.302762984672,81.23999786376953,81.41999816894531,79.2699966430664,80.27999877929688,30490.0,95.54000091552734,95.83999633789062,95.5199966430664,95.8000030517578,0.0
2021-11-19,1.1020214414753798e+16,1959.2181447707776,78.88999938964844,82.2300033569336,78.05000305175781,81.01000213623047,44180.0,96.06999969482422,96.23999786376952,95.58000183105467,95.58999633789062,0.0
2021-11-22,1.0548556455046262e+16,1910.0699938279456,79.69999694824219,80.08999633789062,77.54000091552734,78.66999816894531,39085.0,96.5,96.5500030517578,96.04000091552734,96.06999969482422,0.0
2021-11-23,1.5838382046054236e+16,1968.7869224206004,82.30999755859375,82.58999633789062,78.56999969482422,79.41999816894531,41865.0,96.48999786376952,96.61000061035156,96.30999755859376,96.45999908447266,0.0
2021-11-24,1.1918292100199276e+16,2620.0799488347748,82.25,83.0,81.63999938964844,82.19999694824219,30734.0,96.83999633789062,96.94000244140624,96.44000244140624,96.52999877929688,0.0
2021-11-25,1.2041660136475336e+16,2525.394272096869,82.25,83.0,81.63999938964844,82.19999694824219,30734.0,96.83999633789062,96.94000244140624,96.44000244140624,96.52999877929688,0.0
2021-11-26,1.6940933445131686e+16,2504.2115263308724,72.72000122070312,82.55999755859375,72.11000061035156,82.2699966430664,29171.0,96.08999633789062,96.7699966430664,95.75,96.72000122070312,0.0
2021-11-29,9292779095858968.0,2509.256985205147,73.44000244140625,77.0,72.63999938964844,73.58999633789062,12507.0,96.33999633789062,96.4499969482422,96.13999938964844,96.13999938964844,0.0
2021-11-30,9050612970498038.0,1680.6203744985664,70.56999969482422,74.56999969482422,70.22000122070312,74.56999969482422,77840.0,95.98999786376952,96.63999938964844,95.5199966430664,96.22000122070312,0.0
2021-12-01,9085743575278460.0,1655.6008791506065,68.87000274658203,72.86000061035156,68.1500015258789,70.13999938964844,56808.0,96.0500030517578,96.13999938964844,95.66999816894533,95.94000244140624,0.0
2021-12-02,1.7676314164587856e+16,2495.886712848127,69.66999816894531,70.70999908447266,65.7699966430664,68.80999755859375,81072.0,96.12999725341795,96.18000030517578,95.83000183105467,96.06999969482422,0.0
2021-12-03,1.1524883026925172e+16,1951.089383954227,69.87999725341797,72.5999984741211,69.2300033569336,70.5,43639.0,96.12000274658205,96.4499969482422,95.97000122070312,96.12000274658205,0.0
2021-12-06,1409482432650674.0,2812.8023538962257,73.08000183105469,73.77999877929688,70.29000091552734,70.30000305175781,32294.0,96.29000091552734,96.43000030517578,96.12999725341795,96.1500015258789,0.0
2021-12-07,1.2023288424296296e+16,1553.9472097401488,75.44000244140625,76.26000213623047,73.2300033569336,73.54000091552734,34533.0,96.37000274658205,96.58999633789062,96.16999816894533,96.3000030517578,0.0
2021-12-08,1.6626519577852996e+16,2839.5226990654096,75.81999969482422,76.37000274658203,74.4000015258789,75.2699966430664,31080.0,95.88999938964844,96.37999725341795,95.8499984741211,96.26000213623048,0.0
2021-12-09,1.6727769978193076e+16,1777.9550885772646,74.41999816894531,76.69999694824219,73.83000183105469,76.0199966430664,27715.0,96.2699966430664,96.33999633789062,95.95999908447266,95.95999908447266,0.0
2021-12-10,1.5118184524193298e+16,2277.6137203771705,75.1500015258789,75.69999694824219,73.80000305175781,74.0999984741211,24682.0,96.0500030517578,96.43000030517578,95.9800033569336,96.22000122070312,0.0
2021-12-13,1.547590327056654e+16,2101.2654608856483,74.38999938964844,76.38999938964844,74.19000244140625,75.54000091552734,27562.0,96.31999969482422,96.4499969482422,96.0500030517578,96.0500030517578,0.0
2021-12-14,1840524940900434.0,1470.2738517822784,73.69999694824219,75.1500015258789,72.56999969482422,74.30000305175781,31237.0,96.56999969482422,96.58999633789062,96.0999984741211,96.3499984741211,0.0
2021-12-15,1.1806826265871848e+16,1459.493835051328,73.87999725341797,74.56999969482422,72.4800033569336,73.26000213623047,29294.0,96.51000213623048,96.91000366210938,96.3000030517578,96.5500030517578,0.0
2021-12-16,1728683914397745.0,1215.440233683585,75.0199966430664,75.58999633789062,74.0,74.56999969482422,26965.0,96.04000091552734,96.4499969482422,95.8499984741211,96.43000030517578,0.0
2021-12-17,1.6995649446281998e+16,2426.242587711439,73.5199966430664,74.95999908447266,72.62000274658203,74.51000213623047,26087.0,96.56999969482422,96.69000244140624,95.87999725341795,96.0,0.0
2021-12-20,1.484657243939654e+16,1440.748404745319,71.5199966430664,73.06999969482422,69.26000213623047,73.05999755859375,36842.0,96.5500030517578,96.69000244140624,96.33999633789062,96.66999816894533,0.0
2021-12-21,6611091204787372.0,2501.2300306228262,73.9800033569336,74.26000213623047,71.23999786376953,72.0999984741211,27386.0,96.48999786376952,96.63999938964844,96.33999633789062,96.54000091552734,0.0
2021-12-22,1.6416526849170032e+16,1405.641390889862,75.29000091552734,75.69000244140625,73.58999633789062,74.04000091552734,28541.0,96.08000183105467,96.5999984741211,96.0199966430664,96.47000122070312,0.0
2021-12-23,1.4335666492192506e+16,2798.284473352414,76.8499984741211,76.9800033569336,74.79000091552734,75.66999816894531,27624.0,96.0199966430664,96.27999877929688,95.98999786376952,96.02999877929688,0.0
2021-12-24,1.3502487995608288e+16,1092.0099351309802,76.8499984741211,76.9800033569336,74.79000091552734,75.66999816894531,27624.0,96.0199966430664,96.27999877929688,95.98999786376952,96.02999877929688,0.0
2021-12-27,1.7516686423170544e+16,1032.4176957556383,78.5999984741211,79.05999755859375,75.76000213623047,76.30000305175781,15723.0,96.08999633789062,96.26000213623048,96.0500030517578,96.1500015258789,0.0
2021-12-28,6912063730478277.0,1438.8963806002284,78.94000244140625,79.8499984741211,78.47000122070312,78.87000274658203,8523.0,96.1999969482422,96.27999877929688,96.0,96.06999969482422,0.0
2021-12-29,1.4559888411479906e+16,2016.0988569338704,79.2300033569336,80.16000366210938,78.13999938964844,79.0,7057.0,95.93000030517578,96.4000015258789,95.76000213623048,96.1500015258789,0.0
2021-12-30,1.7224630137373484e+16,1318.8156764087514,79.31999969482422,79.62000274658203,78.66000366210938,79.25,24512.0,95.97000122070312,96.22000122070312,95.86000061035156,95.88999938964844,0.0
2021-12-31,1.9008203992889264e+16,1139.9014382546386,77.77999877929688,79.68000030517578,77.13999938964844,79.1500015258789,21740.0,95.66999816894533,96.11000061035156,95.56999969482422,95.98999786376952,0.0
2022-01-03,6109453562428567.0,1315.216981976216,78.9800033569336,79.27999877929688,77.04000091552734,77.94000244140625,27224.0,96.23999786376952,96.33000183105467,95.62999725341795,95.66999816894533,0.0
2022-01-04,1.5067724595137006e+16,2612.0243486762047,80.0,80.55000305175781,78.5999984741211,78.94999694824219,31321.0,96.29000091552734,96.45999908447266,96.02999877929688,96.19000244140624,0.0
2022-01-05,7539048743518516.0,1634.721856601437,80.80000305175781,81.48999786376953,79.55000305175781,80.08000183105469,35152.0,96.19000244140624,96.33000183105467,95.88999938964844,96.30999755859376,0.0
2022-01-06,61155354112874.0,1251.0250707065577,81.98999786376953,82.83999633789062,79.62999725341797,80.1500015258789,41582.0,96.25,96.38999938964844,96.04000091552734,96.1999969482422,0.0
2022-01-07,1.032933933195888e+16,2481.372190445905,81.75,82.98999786376953,81.44000244140625,82.05999755859375,29501.0,95.73999786376952,96.3000030517578,95.70999908447266,96.26000213623048,0.0
2022-01-10,5473525638696009.0,1233.3393615009063,80.87000274658203,82.2699966430664,80.48999786376953,81.79000091552734,30035.0,95.98999786376952,96.2300033569336,95.73999786376952,95.73999786376952,0.0
2022-01-11,9010475881893948.0,2278.3348189778476,83.72000122070312,83.97000122070312,80.87999725341797,80.95999908447266,37934.0,95.62000274658205,96.06999969482422,95.58000183105467,95.93000030517578,0.0
2022-01-12,8294715865481327.0,2699.5231182838434,84.66999816894531,85.19999694824219,83.51000213623047,83.69000244140625,32298.0,95.0,95.69000244140624,94.91000366210938,95.58000183105467,0.0
2022-01-13,1.284742183072406e+16,2726.1573510497988,84.47000122070312,85.08999633789062,83.79000091552734,84.77999877929688,27107.0,94.79000091552734,95.0199966430664,94.66000366210938,94.98999786376952,0.0
2022-01-14,1.2045325073494498e+16,1502.8028327170127,86.05999755859375,86.5,84.02999877929688,84.12999725341797,31970.0,95.16999816894533,95.2699966430664,94.62999725341795,94.87000274658205,0.0
2022-01-17,1040241505517222.0,2923.724353442857,86.05999755859375,86.5,84.02999877929688,84.12999725341797,31970.0,95.16999816894533,95.2699966430664,94.62999725341795,94.87000274658205,0.0
2022-01-18,1.1391731764846348e+16,2588.2684556888703,87.51000213623047,88.55000305175781,85.55000305175781,86.5,45875.0,95.7300033569336,95.83000183105467,95.12999725341795,95.22000122070312,0.0
2022-01-19,8198212876055486.0,2745.960971397337,88.44000244140625,89.16999816894531,87.62999725341797,88.44999694824219,37483.0,95.51000213623048,95.79000091552734,95.48999786376952,95.7699966430664,0.0
2022-01-20,1.3888828812900188e+16,1831.8697365490711,88.37999725341797,89.51000213623047,87.02999877929688,87.7300033569336,30524.0,95.73999786376952,95.86000061035156,95.41999816894533,95.58999633789062,0.0
2022-01-21,1.9362574000506668e+16,2755.677562047282,87.88999938964844,88.22000122070312,85.70999908447266,87.3499984741211,29566.0,95.63999938964844,95.83999633789062,95.5,95.80999755859376,0.0
2022-01-24,1.2516229574802204e+16,2834.5919743901213,86.2699966430664,88.87999725341797,85.0199966430664,87.6500015258789,34253.0,95.91999816894533,96.12999725341795,95.62999725341795,95.63999938964844,0.0
2022-01-25,1.0440772080665356e+16,1025.7614613403218,88.19999694824219,88.36000061035156,86.19000244140625,87.16999816894531,29496.0,95.9499969482422,96.2699966430664,95.9000015258789,95.93000030517578,0.0
2022-01-26,1.4002443563940204e+16,2462.8058302003074,89.95999908447266,90.4800033569336,87.80000305175781,88.0199966430664,29805.0,96.48999786376952,96.54000091552734,95.91000366210938,95.95999908447266,0.0
2022-01-27,1.8091064031929704e+16,1823.917912619842,89.33999633789062,91.04000091552734,88.9800033569336,89.77999877929688,15201.0,97.26000213623048,97.29000091552734,96.52999877929688,96.5500030517578,0.0
2022-01-28,8143304337838902.0,1181.484759025629,90.02999877929688,91.69000244140624,89.41000366210938,89.88999938964844,10824.0,97.2699966430664,97.44000244140624,97.05999755859376,97.25,0.0
2022-01-31,1.7138939132034084e+16,1497.6028837531924,91.20999908447266,91.3000030517578,90.75,90.8000030517578,33664.0,96.54000091552734,97.3000030517578,96.5199966430664,97.22000122070312,0.0
2022-02-01,1.088866318606414e+16,2342.0243522023693,89.16000366210938,89.95999908447266,87.72000122070312,89.37999725341797,36248.0,96.38999938964844,96.72000122070312,96.23999786376952,96.6999969482422,0.0
2022-02-02,1.1244998369992704e+16,1586.4709046833102,89.47000122070312,90.51000213623048,88.27999877929688,89.29000091552734,38172.0,95.94000244140624,96.3000030517578,95.80999755859376,96.2699966430664,0.0
2022-02-03,1.2630745286514666e+16,1930.681407107915,91.11000061035156,91.29000091552734,88.01000213623047,89.05999755859375,33059.0,95.37999725341795,96.25,95.23999786376952,96.0199966430664,0.0
2022-02-04,6958606893931304.0,1458.169225060101,93.2699966430664,93.6999969482422,90.88999938964844,91.04000091552734,33357.0,95.4800033569336,95.6999969482422,95.13999938964844,95.30999755859376,0.0
2022-02-07,8039757072327901.0,2471.3775714475464,92.69000244140624,93.98999786376952,92.1500015258789,92.7300033569336,37016.0,95.4000015258789,95.62999725341795,95.3499984741211,95.4800033569336,0.0
2022-02-08,1839612760495842.0,2405.872409053929,90.77999877929688,93.01000213623048,89.93000030517578,93.01000213623048,39288.0,95.63999938964844,95.75,95.4000015258789,95.43000030517578,0.0
2022-02-09,1148473378121005.0,2887.2450056681805,91.5500030517578,92.05999755859376,90.05999755859375,91.2699966430664,34759.0,95.48999786376952,95.66999816894533,95.37999725341795,95.58999633789062,0.0
2022-02-10,1950672742309446.0,2167.346956623284,91.41000366210938,93.08999633789062,90.9000015258789,91.72000122070312,43235.0,95.5500030517578,96.0,95.16999816894533,95.56999969482422,0.0
2022-02-11,1.7182197375076804e+16,2705.1826434849177,94.44000244140624,95.63999938964844,90.5199966430664,91.26000213623048,53045.0,96.08000183105467,96.11000061035156,95.63999938964844,95.94000244140624,0.0
2022-02-14,1579510617093982.0,2397.16444255777,96.4800033569336,96.77999877929688,93.45999908447266,95.30999755859376,48449.0,96.37000274658205,96.44000244140624,95.91000366210938,96.02999877929688,0.0
2022-02-15,1.9305705259290024e+16,1240.056731562153,93.27999877929688,96.23999786376952,92.05999755859376,95.76000213623048,45181.0,95.98999786376952,96.29000091552734,95.95999908447266,96.23999786376952,0.0
2022-02-16,6409783495040654.0,2121.507456430462,94.80999755859376,96.06999969482422,91.13999938964844,93.58999633789062,45148.0,95.6999969482422,96.05999755859376,95.68000030517578,96.01000213623048,0.0
2022-02-17,1.4615646291004704e+16,1178.6798235924457,92.97000122070312,94.51000213623048,91.81999969482422,92.08999633789062,38045.0,95.8000030517578,96.11000061035156,95.70999908447266,95.7699966430664,0.0
2022-02-18,1.5415787036135876e+16,1243.0760220258376,93.54000091552734,94.1500015258789,90.26000213623048,92.9800033569336,42436.0,96.04000091552734,96.16999816894533,95.7300033569336,95.83000183105467,0.0
2022-02-21,1.0820241675686832e+16,2051.9632216443265,93.54000091552734,94.1500015258789,90.26000213623048,92.9800033569336,42436.0,96.04000091552734,96.16999816894533,95.7300033569336,95.83000183105467,0.0
2022-02-22,1.9303384061009176e+16,1227.181211421154,96.83999633789062,99.44000244140624,92.55999755859376,94.27999877929688,59945.0,96.02999877929688,96.26000213623048,95.83999633789062,96.08000183105467,0.0
2022-02-23,1.6923261401610808e+16,1537.6766668758287,96.83999633789062,98.6999969482422,95.8000030517578,96.62999725341795,33549.0,96.19000244140624,96.23999786376952,95.8499984741211,96.04000091552734,0.0
2022-02-24,1.0396664003349154e+16,2315.7850595442555,99.08000183105467,105.75,97.48999786376952,97.55999755859376,21282.0,97.13999938964844,97.73999786376952,96.22000122070312,96.22000122070312,0.0
2022-02-25,1.3470827201953228e+16,1639.2151391957404,97.93000030517578,101.98999786376952,96.0,99.6500015258789,7025.0,96.62000274658205,97.22000122070312,96.5199966430664,97.0,0.0
2022-02-28,1470876839146473.0,1828.861031854296,100.98999786376952,104.4800033569336,99.9000015258789,100.4800033569336,38241.0,96.70999908447266,97.41999816894533,96.54000091552734,96.54000091552734,0.0
2022-03-01,1.0768961985086908e+16,2177.271259439606,104.97000122070312,107.5999984741211,97.69000244140624,98.11000061035156,56428.0,97.41000366210938,97.58000183105467,96.62999725341795,96.7699966430664,0.0
2022-03-02,183162129221044.0,1193.8967099870656,112.93000030517578,115.0500030517578,106.48999786376952,107.54000091552734,59273.0,97.38999938964844,97.83000183105467,97.29000091552734,97.37000274658205,0.0
2022-03-03,1.0017572396049956e+16,2086.4999904363094,110.45999908447266,119.7699966430664,109.41999816894533,114.25,37420.0,97.79000091552734,97.9499969482422,97.43000030517578,97.47000122070312,0.0
2022-03-04,1.9739968188310212e+16,1824.1452835886328,118.11000061035156,118.97000122070312,109.61000061035156,110.58000183105467,34984.0,98.6500015258789,98.91999816894533,97.83999633789062,98.04000091552734,0.0
2022-03-07,1933101480992666.0,2039.603280948628,123.20999908447266,137.0,119.06999969482422,121.23999786376952,29504.0,99.29000091552734,99.41999816894533,98.56999969482422,98.56999969482422,0.0
2022-03-08,1697746125611555.0,2416.4518924203994,127.9800033569336,133.1300048828125,121.37000274658205,124.25,38358.0,99.05999755859376,99.31999969482422,98.70999908447266,99.23999786376952,0.0
2022-03-09,1.758164123290028e+16,1125.5484671876127,111.13999938964844,131.6300048828125,108.0,129.57000732421875,42740.0,97.97000122070312,99.12000274658205,97.8499984741211,99.12000274658205,0.0
2022-03-10,7442031526828619.0,2802.816195610094,109.33000183105467,118.33000183105467,108.9499969482422,112.73999786376952,30414.0,98.51000213623048,98.5999984741211,97.70999908447266,98.05999755859376,0.0
2022-03-11,1.082424208013016e+16,2511.6117005172923,112.66999816894533,113.87999725341795,107.12999725341795,109.72000122070312,18819.0,99.12000274658205,99.16000366210938,98.2699966430664,98.36000061035156,0.0
2022-03-14,1.1039022638236596e+16,2905.1775759625534,106.9000015258789,113.04000091552734,103.4499969482422,112.9000015258789,19364.0,99.05999755859376,99.29000091552734,98.68000030517578,99.12999725341795,0.0
2022-03-15,1.8568147357380864e+16,2459.31613317901,99.91000366210938,106.45999908447266,97.5,106.0,26067.0,99.06999969482422,99.1999969482422,98.63999938964844,99.12999725341795,0.0
2022-03-16,1046680257947051.0,2358.5426067621843,98.0199966430664,103.68000030517578,96.9499969482422,99.04000091552734,18514.0,98.37999725341795,99.08000183105467,98.3000030517578,98.88999938964844,0.0
2022-03-17,5180670178824671.0,2527.7073916629765,106.63999938964844,107.56999969482422,97.87999725341795,98.0999984741211,15091.0,98.01000213623048,98.51000213623048,97.7300033569336,98.5,0.0
2022-03-18,867338027510544.0,1155.0608912284265,107.93000030517578,109.56999969482422,105.8000030517578,107.23999786376952,10489.0,98.2300033569336,98.62000274658205,97.83999633789062,98.0,0.0
2022-03-21,1.5333010509464604e+16,2864.966752560075,115.62000274658205,116.7300033569336,107.08999633789062,107.37000274658205,11620.0,98.5,98.52999877929688,98.16000366210938,98.23999786376952,0.0
2022-03-22,1.1256569965909736e+16,1757.0042655925693,115.4800033569336,119.41999816894533,112.7699966430664,116.8499984741211,14222.0,98.48999786376952,98.97000122070312,98.31999969482422,98.48999786376952,0.0
2022-03-23,1.954660367829971e+16,1544.5925835301284,121.5999984741211,122.29000091552734,114.41999816894533,114.73999786376952,14286.0,98.62000274658205,98.87999725341795,98.38999938964844,98.4800033569336,0.0
2022-03-24,1856041229605306.0,2331.994514877294,119.02999877929688,123.6999969482422,116.9499969482422,121.2699966430664,12778.0,98.79000091552734,98.95999908447266,98.5999984741211,98.63999938964844,0.0
2022-03-25,9359111318209300.0,2729.5255349042836,120.6500015258789,120.87000274658205,115.20999908447266,118.27999877929688,14026.0,98.80999755859376,98.83000183105467,98.4000015258789,98.75,0.0
2022-03-28,7067083331029118.0,2900.2953999659007,112.4800033569336,120.30999755859376,109.05999755859376,120.30999755859376,15212.0,99.08999633789062,99.37000274658205,98.8000030517578,98.80999755859376,0.0
2022-03-29,7031027116149193.0,1740.2489768947553,110.2300033569336,114.70999908447266,104.9800033569336,109.7300033569336,7152.0,98.4000015258789,99.3000030517578,98.04000091552734,99.08000183105467,0.0
2022-03-30,1.1667479268036886e+16,2250.6216272184706,113.4499969482422,114.6500015258789,110.9000015258789,111.0,4472.0,97.79000091552734,98.43000030517578,97.69000244140624,98.37000274658205,0.0
2022-03-31,1374634164219873.0,2064.249282353604,107.91000366210938,109.36000061035156,107.37000274658205,108.70999908447266,22850.0,98.30999755859376,98.4000015258789,97.69000244140624,97.83000183105467,0.0
2022-04-01,1599852486802828.0,1527.1630271729832,104.38999938964844,106.1999969482422,102.37000274658205,105.98999786376952,17144.0,98.62999725341795,98.73999786376952,98.30999755859376,98.33999633789062,0.0
2022-04-04,1.5470307943109704e+16,1422.1891638828367,107.52999877929688,108.5500030517578,102.91000366210938,104.25,18406.0,98.98999786376952,99.08000183105467,98.5199966430664,98.56999969482422,0.0
2022-04-05,1669583065756016.0,2185.6881332662765,106.63999938964844,109.8499984741211,104.55999755859376,108.23999786376952,15613.0,99.47000122070312,99.5199966430664,98.83999633789062,99.0,0.0
2022-04-06,1349436073443601.0,2701.494720953263,101.06999969482422,108.66000366210938,100.54000091552734,105.79000091552734,20212.0,99.5999984741211,99.7699966430664,99.30999755859376,99.47000122070312,0.0
2022-04-07,1.7761932700907416e+16,2888.5018112697835,100.58000183105467,103.5,98.4499969482422,102.1500015258789,19577.0,99.75,99.83000183105467,99.4000015258789,99.6500015258789,0.0
2022-04-08,1.3500410007403618e+16,2979.868431538023,102.77999877929688,103.25,99.70999908447266,101.69000244140624,16735.0,99.8000030517578,100.19000244140624,99.73999786376952,99.81999969482422,0.0
2022-04-11,1485375067879214.0,1659.5571755231367,98.4800033569336,103.08999633789062,97.62000274658205,103.06999969482422,23852.0,99.93000030517578,100.0500030517578,99.62000274658205,99.83999633789062,0.0
2022-04-12,1.6967709557288248e+16,2582.115954759286,104.63999938964844,105.5999984741211,98.9800033569336,99.25,22697.0,100.29000091552734,100.33000183105467,99.73999786376952,100.04000091552734,0.0
2022-04-13,1.6366671524066488e+16,1096.8937705486214,108.77999877929688,109.0,104.06999969482422,104.9800033569336,22260.0,99.87999725341795,100.5199966430664,99.83000183105467,100.33999633789062,0.0
2022-04-14,108469719222086.0,2429.680702816695,111.6999969482422,112.38999938964844,106.63999938964844,108.37000274658205,17418.0,100.31999969482422,100.76000213623048,99.56999969482422,99.79000091552734,0.0
2022-04-15,5383196331358444.0,2844.741064555785,111.6999969482422,112.38999938964844,106.63999938964844,108.37000274658205,17418.0,100.31999969482422,100.76000213623048,99.56999969482422,99.79000091552734,0.0
2022-04-18,1.598332692670412e+16,1872.1226003676877,113.16000366210938,114.81999969482422,110.72000122070312,111.88999938964844,13187.0,100.77999877929688,100.86000061035156,100.45999908447266,100.5,0.0
2022-04-19,5751743495597367.0,1187.5818836290612,107.25,114.0500030517578,106.7699966430664,112.6500015258789,18972.0,100.95999908447266,101.02999877929688,100.6999969482422,100.83000183105467,0.0
2022-04-20,1.0632463282013352e+16,1602.9056507015505,106.8000030517578,108.9800033569336,104.66999816894533,107.72000122070312,15985.0,100.38999938964844,101.04000091552734,100.22000122070312,100.9800033569336,0.0
2022-04-21,1.3711062054357284e+16,1292.8298255398136,108.33000183105467,109.79000091552734,106.77999877929688,107.01000213623048,13203.0,100.58000183105467,100.63999938964844,99.81999969482422,100.3499984741211,0.0
2022-04-22,1.0733731149364884e+16,2778.759687315217,106.6500015258789,108.7300033569336,105.52999877929688,108.63999938964844,11040.0,101.22000122070312,101.33000183105467,100.47000122070312,100.62000274658205,0.0
2022-04-25,1536770790955309.0,1173.0555614766822,102.31999969482422,105.9499969482422,99.47000122070312,105.73999786376952,15464.0,101.75,101.86000061035156,101.04000091552734,101.12000274658205,0.0
2022-04-26,1.5185938240768368e+16,2138.774157102102,104.98999786376952,106.1500015258789,101.12000274658205,102.56999969482422,13279.0,102.3000030517578,102.36000061035156,101.51000213623048,101.7300033569336,0.0
2022-04-27,1203988473227771.0,2940.6439952904852,105.31999969482422,106.3499984741211,103.2699966430664,105.37000274658205,8064.0,102.9499969482422,103.27999877929688,102.22000122070312,102.27999877929688,0.0
2022-04-28,505584594535257.0,2011.108476865905,107.58999633789062,107.93000030517578,103.3000030517578,104.76000213623048,8567.0,103.62000274658205,103.93000030517578,102.9800033569336,103.04000091552734,0.0
2022-04-29,1.8092935227807e+16,2221.2287920650165,109.33999633789062,109.7699966430664,107.6500015258789,107.6500015258789,32573.0,102.95999908447266,103.66999816894533,102.81999969482422,103.66999816894533,0.0
2022-05-02,1.5673568225125344e+16,2133.3872512201697,107.58000183105467,108.41000366210938,103.12999725341795,106.1999969482422,23606.0,103.73999786376952,103.75,103.11000061035156,103.20999908447266,0.0
2022-05-03,1.356166117889214e+16,1747.9283732926442,104.97000122070312,108.3000030517578,104.62000274658205,107.37000274658205,23410.0,103.47000122070312,103.66999816894533,103.02999877929688,103.5999984741211,0.0
2022-05-04,7120524352001232.0,1261.3604681792472,110.13999938964844,111.0,105.5,106.0999984741211,21158.0,102.58999633789062,103.62000274658205,102.45999908447266,103.45999908447266,0.0
2022-05-05,1.1675471605927324e+16,1296.9345481327894,110.9000015258789,113.98999786376952,109.2300033569336,110.13999938964844,26443.0,103.75,103.94000244140624,102.3499984741211,102.68000030517578,0.0
2022-05-06,1.4112680773075668e+16,1004.6396836350442,112.38999938964844,113.5199966430664,109.87999725341795,111.1500015258789,23902.0,103.66000366210938,104.05999755859376,103.19000244140624,103.55999755859376,0.0
2022-05-09,1.2920884089815416e+16,2683.7485603076607,105.94000244140624,113.22000122070312,104.9499969482422,113.0500030517578,28134.0,103.6500015258789,104.19000244140624,103.38999938964844,103.66000366210938,0.0
2022-05-10,1.9737189231797316e+16,2627.569681303042,102.45999908447266,106.91000366210938,101.6999969482422,105.55999755859376,25904.0,103.91999816894533,103.9800033569336,103.5,103.7300033569336,0.0
2022-05-11,1.8970957623202892e+16,2500.864209353318,107.51000213623048,108.26000213623048,100.93000030517578,101.6999969482422,31560.0,103.8499984741211,104.11000061035156,103.37000274658205,103.9000015258789,0.0
2022-05-12,9009121163307382.0,2244.4527428070382,107.4499969482422,108.69000244140624,104.69000244140624,107.55999755859376,27037.0,104.8499984741211,104.93000030517578,103.87999725341795,104.01000213623048,0.0
2022-05-13,7107958491900099.0,2261.510720060812,111.5500030517578,111.69000244140624,107.80999755859376,108.0,25050.0,104.55999755859376,105.01000213623048,104.47000122070312,104.7699966430664,0.0
2022-05-16,6014249886486465.0,2554.5602991994324,114.23999786376952,114.77999877929688,109.04000091552734,111.41000366210938,20871.0,104.19000244140624,104.63999938964844,104.13999938964844,104.47000122070312,0.0
2022-05-17,1.6320553827354624e+16,2726.7524400687685,111.93000030517578,115.66000366210938,111.12000274658205,114.29000091552734,23254.0,103.36000061035156,104.2300033569336,103.2300033569336,104.16999816894533,0.0
2022-05-18,7299577023739803.0,1373.8087158216815,109.11000061035156,114.12999725341795,108.3499984741211,112.88999938964844,21217.0,103.80999755859376,103.93000030517578,103.19000244140624,103.33999633789062,0.0
2022-05-19,1406772805302515.0,2145.734130900916,112.04000091552734,112.2699966430664,105.6999969482422,109.3000030517578,26098.0,102.72000122070312,103.87999725341795,102.66000366210938,103.83000183105467,0.0
2022-05-20,1264380316983004.0,1770.8001961608484,112.5500030517578,113.22000122070312,110.54000091552734,111.5,16942.0,103.1500015258789,103.26000213623048,102.7699966430664,102.9000015258789,0.0
2022-05-23,1.3955720042947492e+16,1693.3828192240524,113.41999816894533,114.36000061035156,111.86000061035156,112.73999786376952,20660.0,102.08000183105467,103.0500030517578,102.04000091552734,103.02999877929688,0.0
2022-05-24,7467399517061525.0,2838.808970810273,113.55999755859376,114.62999725341795,111.72000122070312,113.36000061035156,20941.0,101.86000061035156,102.31999969482422,101.6500015258789,102.11000061035156,0.0
2022-05-25,1525990930714559.0,2575.6507717944237,114.02999877929688,115.31999969482422,113.04000091552734,113.91999816894533,12885.0,102.05999755859376,102.4499969482422,101.7300033569336,101.7699966430664,0.0
2022-05-26,1.5151760110051952e+16,2131.9893340622975,117.4000015258789,118.0,113.83999633789062,114.4499969482422,11590.0,101.83000183105467,102.2699966430664,101.73999786376952,102.0199966430664,0.0
2022-05-27,1.7407568858344996e+16,1003.1599640435902,119.43000030517578,119.7300033569336,116.68000030517578,117.54000091552734,4384.0,101.66999816894533,101.94000244140624,101.43000030517578,101.72000122070312,0.0
2022-05-30,9428022113000018.0,1941.1192529202704,119.43000030517578,119.7300033569336,116.68000030517578,117.54000091552734,4384.0,101.66999816894533,101.94000244140624,101.43000030517578,101.72000122070312,0.0
2022-05-31,1.0431835447306156e+16,1383.030282624721,122.83999633789062,124.12999725341795,119.36000061035156,119.47000122070312,41020.0,101.75,102.16999816894533,101.41000366210938,101.44000244140624,0.0
2022-06-01,1.3009896125346916e+16,1885.4244058583008,116.29000091552734,118.58000183105467,115.43000030517578,116.62999725341795,21546.0,102.5500030517578,102.7300033569336,101.73999786376952,101.76000213623048,0.0
2022-06-02,1.4702797853388516e+16,2402.474215319479,117.61000061035156,118.44000244140624,112.4800033569336,115.81999969482422,22117.0,101.7699966430664,102.62000274658205,101.73999786376952,102.5500030517578,0.0
2022-06-03,1.91410154572892e+16,2674.5701938842744,119.72000122070312,121.44000244140624,116.08000183105467,118.26000213623048,11028.0,102.13999938964844,102.2300033569336,101.63999938964844,101.75,0.0
2022-06-06,9457690655774728.0,2920.0370831002933,119.51000213623048,121.88999938964844,118.76000213623048,121.3499984741211,16523.0,102.44000244140624,102.47000122070312,101.8499984741211,102.16999816894533,0.0
2022-06-07,1.4189567793359922e+16,1873.0519822478875,120.56999969482422,121.37999725341795,118.55999755859376,120.08000183105467,20488.0,102.31999969482422,102.83999633789062,102.26000213623048,102.48999786376952,0.0
2022-06-08,1.7039775955969872e+16,1567.8641708466212,123.58000183105467,124.41000366210938,120.45999908447266,121.02999877929688,21778.0,102.54000091552734,102.77999877929688,102.2699966430664,102.38999938964844,0.0
2022-06-09,5569676752734327.0,2571.639600762961,123.06999969482422,124.33000183105467,122.5,123.88999938964844,21008.0,103.22000122070312,103.37000274658205,102.1500015258789,102.55999755859376,0.0
2022-06-10,8467418296549606.0,2912.709241760013,122.01000213623048,124.33000183105467,119.87000274658205,122.94000244140624,26036.0,104.1500015258789,104.2300033569336,103.0500030517578,103.33999633789062,0.0
2022-06-13,172101555245421.0,2873.9361834837387,122.2699966430664,123.61000061035156,118.9499969482422,121.69000244140624,21136.0,105.08000183105467,105.29000091552734,104.20999908447266,104.20999908447266,0.0
2022-06-14,1.8865789216485264e+16,1564.9363375833996,121.16999816894533,125.18000030517578,118.94000244140624,122.5,27702.0,105.5199966430664,105.6500015258789,104.62000274658205,105.19000244140624,0.0
2022-06-15,1.9571332006752556e+16,1592.8225032467835,118.51000213623048,121.8499984741211,117.75,121.0,22360.0,105.16000366210938,105.79000091552734,104.66000366210938,105.3499984741211,0.0
2022-06-16,1.4825516635384612e+16,1370.5819283954995,119.80999755859376,120.27999877929688,115.58000183105467,119.12000274658205,24329.0,103.62999725341795,105.48999786376952,103.41999816894533,104.9000015258789,0.0
2022-06-17,1.0068134768801818e+16,1442.5438160050317,113.12000274658205,121.25,111.72000122070312,119.33999633789062,26686.0,104.6999969482422,105.08999633789062,103.83000183105467,103.87999725341795,0.0
2022-06-20,1.373525146763512e+16,1329.637428234364,113.12000274658205,121.25,111.72000122070312,119.33999633789062,26686.0,104.6999969482422,105.08999633789062,103.83000183105467,103.87999725341795,0.0
2022-06-21,1.2222068570326468e+16,1881.6265437535503,114.6500015258789,116.25,111.56999969482422,113.8000030517578,22868.0,104.44000244140624,104.54000091552734,103.94000244140624,104.44000244140624,0.0
2022-06-22,1.1397948541114384e+16,2346.3006971703257,111.73999786376952,114.56999969482422,107.02999877929688,114.56999969482422,33112.0,104.1999969482422,104.9499969482422,103.86000061035156,104.43000030517578,0.0
2022-06-23,7410493086801251.0,2832.770540793786,110.0500030517578,112.69000244140624,108.11000061035156,110.22000122070312,21806.0,104.43000030517578,104.7699966430664,104.05999755859376,104.20999908447266,0.0
2022-06-24,7848446216045472.0,1357.088095748489,113.12000274658205,113.98999786376952,109.2699966430664,109.80999755859376,13431.0,104.19000244140624,104.51000213623048,103.9499969482422,104.37999725341795,0.0
2022-06-27,166760917853766.0,2428.3433909224605,115.08999633789062,116.04000091552734,111.25,112.45999908447266,11252.0,103.94000244140624,104.20999908447266,103.66999816894533,104.12000274658205,0.0
2022-06-28,1312315290914806.0,2203.609558017442,117.9800033569336,118.23999786376952,115.4000015258789,115.83999633789062,6673.0,104.51000213623048,104.61000061035156,103.7699966430664,103.97000122070312,0.0
2022-06-29,7928141464905718.0,2277.3425851264883,116.26000213623048,120.37999725341795,115.41000366210938,117.95999908447266,4346.0,105.11000061035156,105.1500015258789,104.36000061035156,104.45999908447266,0.0
2022-06-30,8515055440893964.0,1649.967691904949,114.80999755859376,116.33000183105467,114.80999755859376,116.04000091552734,24733.0,104.69000244140624,105.54000091552734,104.6500015258789,105.05999755859376,0.0
2022-07-01,7058326251148527.0,1444.3962361596127,111.62999725341795,112.41999816894533,108.01000213623048,109.45999908447266,17090.0,105.13999938964844,105.63999938964844,104.73999786376952,104.77999877929688,0.0
2022-07-04,8461101903060469.0,2680.7656268648225,111.62999725341795,112.41999816894533,108.01000213623048,109.45999908447266,17090.0,105.13999938964844,105.63999938964844,104.73999786376952,104.77999877929688,0.0
2022-07-05,1.7105703222921876e+16,2396.7911831336296,102.7699966430664,114.69000244140624,101.11000061035156,111.61000061035156,43356.0,106.5,106.79000091552734,105.0500030517578,105.13999938964844,0.0
2022-07-06,1295055320049924.0,1718.320419794693,100.69000244140624,105.8000030517578,98.51000213623048,104.0,28820.0,107.0999984741211,107.26000213623048,106.36000061035156,106.48999786376952,0.0
2022-07-07,9972982727594566.0,1337.1563786380457,104.6500015258789,106.3499984741211,98.47000122070312,99.95999908447266,22837.0,107.12999725341795,107.23999786376952,106.70999908447266,107.06999969482422,0.0
2022-07-08,1.2578891376532832e+16,2591.7025864801376,107.0199966430664,107.4499969482422,103.75,104.48999786376952,20610.0,107.01000213623048,107.79000091552734,106.80999755859376,107.04000091552734,0.0
2022-07-11,8101514051553557.0,2031.2208283637713,107.0999984741211,107.66000366210938,103.66000366210938,106.76000213623048,17691.0,108.0199966430664,108.2699966430664,106.91999816894533,106.91999816894533,0.0
2022-07-12,8028036221349405.0,2476.358521326635,99.48999786376952,106.51000213623048,98.91000366210938,106.2300033569336,22827.0,108.06999969482422,108.55999755859376,107.83999633789062,108.18000030517578,0.0
2022-07-13,7340236497900667.0,1438.426357880572,99.56999969482422,101.1999969482422,97.3000030517578,99.30999755859376,22358.0,107.95999908447266,108.58000183105467,107.4800033569336,108.19000244140624,0.0
2022-07-14,5328906207679787.0,1884.8249765427051,99.0999984741211,100.37000274658205,94.5,99.8499984741211,27515.0,108.54000091552734,109.29000091552734,108.1999969482422,108.1999969482422,0.0
2022-07-15,5137913691345432.0,1069.4047496270482,101.16000366210938,102.62000274658205,98.20999908447266,99.5999984741211,19146.0,108.05999755859376,108.70999908447266,107.91000366210938,108.66999816894533,0.0
2022-07-18,1727128530081697.0,1085.0657359459944,106.2699966430664,106.47000122070312,99.4800033569336,100.91999816894533,20217.0,107.37000274658205,108.04000091552734,106.88999938964844,107.9800033569336,0.0
2022-07-19,1.1809675231812756e+16,2366.275769806663,107.3499984741211,107.5999984741211,103.58999633789062,105.58999633789062,21900.0,106.68000030517578,107.62999725341795,106.4000015258789,107.48999786376952,0.0
2022-07-20,5917829593700559.0,2019.9330155501432,106.91999816894533,107.43000030517578,105.08999633789062,107.1500015258789,23989.0,107.08000183105467,107.26000213623048,106.38999938964844,106.66999816894533,0.0
2022-07-21,1584628463813734.0,2049.4445605414644,103.86000061035156,106.8000030517578,101.5199966430664,106.79000091552734,26598.0,106.91000366210938,107.31999969482422,106.41999816894533,107.08999633789062,0.0
2022-07-22,1166235919318978.0,2429.580109642802,103.1999969482422,105.68000030517578,101.91000366210938,104.25,17586.0,106.7300033569336,107.36000061035156,106.11000061035156,106.58999633789062,0.0
2022-07-25,1338367221390001.0,2508.3197057981456,105.1500015258789,105.3499984741211,101.66999816894533,103.44000244140624,14999.0,106.4800033569336,106.87999725341795,106.19000244140624,106.5500030517578,0.0
2022-07-26,1.6489517786694114e+16,2984.205911248181,104.4000015258789,107.3499984741211,103.9800033569336,104.80999755859376,20242.0,107.19000244140624,107.27999877929688,106.1999969482422,106.4499969482422,0.0
2022-07-27,1936387853621928.0,1824.31777923067,106.62000274658205,107.8000030517578,103.72000122070312,104.77999877929688,11024.0,106.4499969482422,107.43000030517578,106.26000213623048,107.12999725341795,0.0
2022-07-28,1.2118958174538304e+16,2570.841169086998,107.13999938964844,108.9800033569336,105.95999908447266,107.48999786376952,6831.0,106.3499984741211,106.9800033569336,106.05999755859376,106.37000274658205,0.0
2022-07-29,5585384974041732.0,2665.8526795264256,110.01000213623048,110.43000030517578,108.02999877929688,108.0500030517578,24476.0,105.9000015258789,106.66000366210938,105.54000091552734,106.20999908447266,0.0
2022-08-01,1.0664500614550008e+16,1140.388393510661,100.02999877929688,104.37000274658205,99.0999984741211,103.87000274658205,25670.0,105.4499969482422,106.02999877929688,105.23999786376952,105.83000183105467,0.0
2022-08-02,1.5799621463820304e+16,2216.396049175776,100.54000091552734,102.41000366210938,98.47000122070312,100.0,17357.0,106.23999786376952,106.33999633789062,105.0500030517578,105.36000061035156,0.0
2022-08-03,1407443341113484.0,2569.2834888776883,96.77999877929688,102.37000274658205,96.4800033569336,99.63999938964844,22263.0,106.51000213623048,106.81999969482422,105.97000122070312,106.43000030517578,0.0
2022-08-04,6897953457141931.0,2622.0742008420707,94.12000274658205,97.62999725341795,93.1500015258789,97.01000213623048,21011.0,105.69000244140624,106.51000213623048,105.66999816894533,106.4800033569336,0.0
2022-08-05,1.1214008833510354e+16,1563.658683926971,94.91999816894533,96.4000015258789,92.75,93.58999633789062,16576.0,106.62000274658205,106.93000030517578,105.69000244140624,105.72000122070312,0.0
2022-08-08,580372643340418.0,1506.053061381019,96.6500015258789,96.7300033569336,92.98999786376952,94.2699966430664,17288.0,106.44000244140624,106.8000030517578,106.08999633789062,106.58000183105467,0.0
2022-08-09,1.5919021617776276e+16,2080.6954499932335,96.30999755859376,98.38999938964844,94.91000366210938,96.54000091552734,20553.0,106.37000274658205,106.41000366210938,105.97000122070312,106.33999633789062,0.0
2022-08-10,7409685595849833.0,2121.0030207586924,97.4000015258789,97.9800033569336,93.61000061035156,96.45999908447266,29520.0,105.1999969482422,106.4000015258789,104.63999938964844,106.33999633789062,0.0
2022-08-11,7390905423903263.0,2291.511761529629,99.5999984741211,100.16000366210938,96.6500015258789,97.2699966430664,20958.0,105.08999633789062,105.45999908447266,104.6500015258789,105.20999908447266,0.0
2022-08-12,1690039411973669.0,2704.3250125570826,98.1500015258789,100.3499984741211,96.94000244140624,99.29000091552734,20095.0,105.62999725341795,105.87999725341795,105.08999633789062,105.16000366210938,0.0
2022-08-15,1.6560198911818636e+16,2831.742981469673,95.0999984741211,98.04000091552734,92.72000122070312,97.76000213623048,20714.0,106.5500030517578,106.5500030517578,105.5500030517578,105.66999816894533,0.0
2022-08-16,1.0679709534310794e+16,2945.4496709029936,92.33999633789062,95.9499969482422,91.72000122070312,93.63999938964844,22549.0,106.5,106.94000244140624,106.31999969482422,106.4800033569336,0.0
2022-08-17,1504325751722783.0,2532.031592197841,93.6500015258789,94.45999908447266,91.5199966430664,92.7699966430664,21011.0,106.56999969482422,106.88999938964844,106.30999755859376,106.4499969482422,0.0
2022-08-18,1.5605068677025032e+16,2763.99720617254,96.58999633789062,97.41000366210938,93.0500030517578,93.18000030517578,21327.0,107.4800033569336,107.55999755859376,106.51000213623048,106.68000030517578,0.0
2022-08-19,1.1522144980242292e+16,1354.9301161678443,96.72000122070312,97.87000274658205,94.25,96.62999725341795,22212.0,108.16999816894533,108.22000122070312,107.47000122070312,107.5,0.0
2022-08-22,8041723211717342.0,1267.1305746315406,96.4800033569336,97.25,92.36000061035156,95.66000366210938,26974.0,109.0500030517578,109.0999984741211,108.08000183105467,108.0999984741211,0.0
2022-08-23,1.9453380237709788e+16,1324.092041746258,100.22000122070312,100.4499969482422,96.51000213623048,96.58000183105467,22624.0,108.62000274658205,109.2699966430664,108.08000183105467,109.0,0.0
2022-08-24,1.1373369766464256e+16,1459.0082085701351,101.22000122070312,102.0,99.06999969482422,100.16000366210938,24490.0,108.68000030517578,109.11000061035156,108.36000061035156,108.5199966430664,0.0
2022-08-25,1.2254321396511416e+16,1415.5264852589994,99.33999633789062,102.47000122070312,99.12000274658205,101.5999984741211,20704.0,108.47000122070312,108.69000244140624,107.98999786376952,108.62999725341795,0.0
2022-08-26,1.6079747933611864e+16,1478.2178893128223,100.98999786376952,101.16999816894533,98.13999938964844,99.87999725341795,14241.0,108.8000030517578,108.87000274658205,107.58999633789062,108.47000122070312,0.0
2022-08-29,1258994526611864.0,2530.006996393282,105.08999633789062,105.4800033569336,100.29000091552734,100.83000183105467,6048.0,108.83999633789062,109.4800033569336,108.48999786376952,108.83999633789062,0.0
2022-08-30,9842366763189192.0,2480.188998456535,99.30999755859376,105.37000274658205,97.66999816894533,105.0,7116.0,108.7699966430664,109.11000061035156,108.29000091552734,108.6999969482422,0.0
2022-08-31,6815189848798606.0,2436.235158458027,96.48999786376952,100.3000030517578,95.76000213623048,99.70999908447266,24672.0,108.6999969482422,109.1999969482422,108.37999725341795,108.75,0.0
2022-09-01,1.8256640588160332e+16,2850.3887507527397,92.36000061035156,95.66000366210938,91.80999755859376,94.77999877929688,22870.0,109.69000244140624,109.9800033569336,108.7699966430664,108.83999633789062,0.0
2022-09-02,597069695713064.0,1025.949549800604,93.0199966430664,95.31999969482422,92.0,92.0,22869.0,109.52999877929688,109.72000122070312,108.93000030517578,109.63999938964844,0.0
2022-09-05,9931637427223384.0,2354.2959447123835,93.0199966430664,95.31999969482422,92.0,92.0,22869.0,109.52999877929688,109.72000122070312,108.93000030517578,109.63999938964844,0.0
2022-09-06,9956323753544080.0,2574.1173975185225,92.83000183105467,96.98999786376952,92.27999877929688,93.08999633789062,34757.0,110.20999908447266,110.5500030517578,109.37999725341795,109.5999984741211,0.0
2022-09-07,1.8529774188021548e+16,2210.631582148977,88.0,93.79000091552734,87.4000015258789,92.8000030517578,28966.0,109.83999633789062,110.79000091552734,109.54000091552734,110.31999969482422,0.0
2022-09-08,1.524684452213122e+16,1564.6054124616082,89.1500015258789,89.83000183105469,87.2300033569336,87.63999938964844,21562.0,109.70999908447266,110.23999786376952,109.33000183105467,109.66999816894533,0.0
2022-09-09,1056215416049871.0,2244.181824713104,92.83999633789062,93.0999984741211,88.31999969482422,88.45999908447266,22448.0,109.0,109.54000091552734,108.36000061035156,109.54000091552734,0.0
2022-09-12,5767629513712467.0,2937.7743596364544,94.0,95.16999816894533,91.20999908447266,92.3000030517578,22758.0,108.33000183105467,108.86000061035156,107.80999755859376,108.5999984741211,0.0
2022-09-13,1112245082950755.0,1861.1189931149688,93.16999816894533,95.51000213623048,91.06999969482422,94.20999908447266,27762.0,109.81999969482422,109.95999908447266,107.68000030517578,108.2300033569336,0.0
2022-09-14,1768798155350995.0,1933.5474199545563,94.0999984741211,95.80999755859376,91.9499969482422,93.48999786376952,30880.0,109.66000366210938,109.93000030517578,109.27999877929688,109.93000030517578,0.0
2022-09-15,5385252639650155.0,1955.2972691584723,90.83999633789062,94.6500015258789,90.05000305175781,94.43000030517578,29483.0,109.73999786376952,109.91999816894533,109.41999816894533,109.61000061035156,0.0
2022-09-16,9239078783469198.0,2550.3564610088156,91.3499984741211,92.63999938964844,90.22000122070312,90.6500015258789,20652.0,109.76000213623048,110.26000213623048,109.4800033569336,109.8000030517578,0.0
2022-09-19,1.988965363714469e+16,2418.5747834928125,92.0,92.58000183105467,88.4800033569336,91.6500015258789,17627.0,109.73999786376952,110.18000030517578,109.48999786376952,109.63999938964844,0.0
2022-09-20,1.9220794115357456e+16,1645.3438590773508,90.62000274658205,93.0199966430664,89.80000305175781,91.97000122070312,24688.0,110.22000122070312,110.29000091552734,109.36000061035156,109.58000183105467,0.0
2022-09-21,1.2377887840697784e+16,2428.4619883137034,89.83000183105469,93.51000213623048,89.30000305175781,90.69000244140624,27621.0,110.63999938964844,111.58000183105467,110.12999725341795,110.16000366210938,0.0
2022-09-22,1.1662941652779098e+16,2544.005696325049,90.45999908447266,92.8000030517578,89.29000091552734,89.91999816894531,22375.0,111.3499984741211,111.80999755859376,110.45999908447266,111.4800033569336,0.0
2022-09-23,9685240147753784.0,2296.9196900212487,86.1500015258789,90.70999908447266,85.45999908447266,90.3499984741211,18951.0,113.19000244140624,113.2300033569336,111.08000183105467,111.23999786376952,0.0
2022-09-26,1.6905301953873372e+16,1140.4683271376323,84.05999755859375,87.66000366210938,83.62999725341797,86.72000122070312,14034.0,114.0999984741211,114.52999877929688,112.94000244140624,113.0199966430664,0.0
2022-09-27,1.7629096937078044e+16,2926.2720954025094,86.2699966430664,87.12999725341797,83.91000366210938,83.91000366210938,10008.0,114.11000061035156,114.47000122070312,113.33000183105467,114.0199966430664,0.0
2022-09-28,1.3158032575196088e+16,2930.6859432775605,89.31999969482422,89.48999786376953,84.2699966430664,85.83000183105469,9937.0,112.5999984741211,114.77999877929688,112.55999755859376,114.19000244140624,0.0
2022-09-29,1212623610452892.0,1677.202894747653,88.48999786376953,90.0999984741211,87.44999694824219,88.94999694824219,7456.0,112.25,113.79000091552734,111.91999816894533,113.01000213623048,0.0
2022-09-30,1.3877629535640308e+16,1365.0989741023488,87.95999908447266,89.5199966430664,87.8499984741211,88.55999755859375,33026.0,112.12000274658205,112.66999816894533,111.58000183105467,111.75,0.0
2022-10-03,8528145991395253.0,2321.0382385941075,88.86000061035156,89.83000183105469,86.51000213623047,86.51000213623047,38251.0,111.75,112.54000091552734,111.47000122070312,112.16999816894533,0.0
2022-10-04,9382060730438684.0,2825.3755869844267,91.8000030517578,92.38999938964844,88.69000244140625,88.88999938964844,38971.0,110.06999969482422,111.88999938964844,110.05999755859376,111.58999633789062,0.0
2022-10-05,1.1309695867060056e+16,1440.6800379099764,93.37000274658205,93.97000122070312,90.9000015258789,91.6500015258789,39563.0,111.06999969482422,111.73999786376952,110.08999633789062,110.2300033569336,0.0
2022-10-06,1530158425934735.0,1144.4911313953849,94.41999816894533,95.01000213623048,92.7300033569336,93.83000183105467,26200.0,112.26000213623048,112.30999755859376,110.77999877929688,111.0199966430664,0.0
2022-10-07,1.3409509413725602e+16,2607.946216002075,97.91999816894533,98.58999633789062,93.93000030517578,94.98999786376952,36871.0,112.8000030517578,112.87999725341795,111.9499969482422,112.25,0.0
2022-10-10,1.7311562829395366e+16,2410.4754503241666,96.19000244140624,98.76000213623048,95.62000274658205,98.6999969482422,24699.0,113.13999938964844,113.33000183105467,112.62000274658205,112.75,0.0
2022-10-11,1.1451267760569056e+16,1037.0734984561157,94.29000091552734,96.4499969482422,93.11000061035156,96.1500015258789,31431.0,113.22000122070312,113.5,112.41000366210938,113.08000183105467,0.0
2022-10-12,1.5334998002809818e+16,1229.647885629238,92.4499969482422,95.16999816894533,91.58000183105467,93.69000244140624,29821.0,113.31999969482422,113.58999633789062,113.0500030517578,113.30999755859376,0.0
2022-10-13,1.5990736872156268e+16,2073.1071238183936,94.56999969482422,94.9000015258789,91.08999633789062,92.47000122070312,32826.0,112.36000061035156,113.91999816894533,112.1500015258789,113.23999786376952,0.0
2022-10-14,1.2542371811030708e+16,2061.510486081438,91.62999725341795,95.11000061035156,91.2699966430664,94.75,29344.0,113.30999755859376,113.41999816894533,112.16000366210938,112.47000122070312,0.0
2022-10-17,1.1724621250214936e+16,2937.842505237106,91.62000274658205,93.2300033569336,90.83999633789062,91.70999908447266,23783.0,112.04000091552734,113.22000122070312,111.91999816894533,113.22000122070312,0.0
2022-10-18,1.7095835379289508e+16,2648.0802607353457,90.02999877929688,92.6500015258789,88.7699966430664,92.0199966430664,40941.0,112.12999725341795,112.45999908447266,111.7699966430664,112.06999969482422,0.0
2022-10-19,9998886235704124.0,2211.3853003190425,92.41000366210938,92.83999633789062,89.37999725341797,90.79000091552734,43364.0,112.9800033569336,113.0999984741211,111.91999816894533,111.91999816894533,0.0
2022-10-20,1206256443291322.0,1425.614227059919,92.37999725341795,94.7699966430664,91.91999816894533,92.51000213623048,40748.0,112.87999725341795,113.08999633789062,112.16999816894533,112.98999786376952,0.0
2022-10-21,1.3454188994775886e+16,2042.1210155789224,93.5,93.8000030517578,91.0199966430664,92.79000091552734,26861.0,112.01000213623048,113.94000244140624,111.6999969482422,112.94000244140624,0.0
2022-10-24,9093060982333536.0,1225.4261650580452,93.26000213623048,94.44000244140624,91.20999908447266,93.61000061035156,28074.0,111.98999786376952,112.52999877929688,111.47000122070312,111.87999725341795,0.0
2022-10-25,6813510636574791.0,2506.9945262532365,93.5199966430664,94.37000274658205,91.62999725341795,93.55999755859376,22553.0,110.9499969482422,112.12999725341795,110.76000213623048,111.81999969482422,0.0
2022-10-26,1.2492368262223564e+16,2171.9111391487622,95.69000244140624,96.19000244140624,92.04000091552734,93.25,15637.0,109.6999969482422,111.13999938964844,109.62999725341795,110.95999908447266,0.0
2022-10-27,1.7554771189732726e+16,1131.5549258183378,96.95999908447266,97.27999877929688,95.08000183105467,96.16000366210938,14677.0,110.58999633789062,110.62000274658205,109.54000091552734,109.62000274658205,0.0
2022-10-28,1.4765960853132684e+16,2299.7531155312295,95.7699966430664,96.88999938964844,95.0,96.77999877929688,12135.0,110.66999816894533,111.04000091552734,110.29000091552734,110.5,0.0
2022-10-31,600872788396748.0,2909.894625793979,94.83000183105467,96.0,94.31999969482422,96.0,23096.0,111.52999877929688,111.66999816894533,110.66999816894533,110.66999816894533,0.0
2022-11-01,1.9202652387439424e+16,1203.5027037282975,94.6500015258789,95.5500030517578,92.36000061035156,92.8000030517578,21355.0,111.4800033569336,111.77999877929688,110.72000122070312,111.5199966430664,0.0
2022-11-02,794027890059804.0,2832.3476107905876,96.16000366210938,96.47000122070312,93.98999786376952,94.66999816894533,28689.0,111.3499984741211,112.1500015258789,110.43000030517578,111.54000091552734,0.0
2022-11-03,1.1385662184166504e+16,1470.1767140099737,94.66999816894533,95.94000244140624,94.16000366210938,95.66000366210938,21292.0,112.93000030517578,113.1500015258789,111.81999969482422,112.16999816894533,0.0
2022-11-04,1.0033306650292494e+16,1324.3883796908085,98.56999969482422,98.81999969482422,94.33999633789062,94.4800033569336,31256.0,110.87999725341795,112.98999786376952,110.72000122070312,112.97000122070312,0.0
2022-11-07,860356240750948.0,1514.505543963106,97.91999816894533,99.55999755859376,96.6999969482422,97.77999877929688,22568.0,110.12000274658205,111.2699966430664,110.0500030517578,110.79000091552734,0.0
2022-11-08,1.1659088123731784e+16,1615.9075642984378,95.36000061035156,98.2699966430664,94.9800033569336,98.0,28901.0,109.62000274658205,110.61000061035156,109.37000274658205,110.05999755859376,0.0
2022-11-09,1.9456047397348736e+16,2453.4653708818346,92.6500015258789,95.69000244140624,92.3000030517578,95.01000213623048,26729.0,110.5500030517578,110.63999938964844,109.4499969482422,109.6500015258789,0.0
2022-11-10,1.0953165589510644e+16,1199.9535009338113,93.66999816894533,94.30999755859376,91.69000244140624,92.54000091552734,31486.0,108.20999908447266,110.98999786376952,107.70999908447266,110.3000030517578,0.0
2022-11-11,729910051756454.0,2007.735650875684,95.98999786376952,96.91999816894533,93.2699966430664,93.2699966430664,23629.0,106.29000091552734,108.44000244140624,106.27999877929688,108.23999786376952,0.0
2022-11-14,1.890520162565074e+16,2322.42488372293,93.13999938964844,96.91999816894533,92.48999786376952,95.97000122070312,22959.0,106.66000366210938,107.2699966430664,106.4800033569336,106.4800033569336,0.0
2022-11-15,1.1784459687084136e+16,1063.5658793278774,93.86000061035156,95.75,91.52999877929688,92.52999877929688,30904.0,106.4000015258789,107.0999984741211,105.33999633789062,107.0,0.0
2022-11-16,6047896981465998.0,2936.7115126633566,92.86000061035156,94.77999877929688,91.68000030517578,93.76000213623048,22376.0,106.27999877929688,106.77999877929688,105.86000061035156,106.58000183105467,0.0
2022-11-17,1.0319415915875836e+16,1872.8299722313295,89.77999877929688,92.87999725341795,89.54000091552734,92.8000030517578,29012.0,106.69000244140624,107.23999786376952,106.0999984741211,106.2699966430664,0.0
2022-11-18,6352875007864592.0,2199.4832446493247,87.62000274658203,90.61000061035156,85.79000091552734,89.9800033569336,34614.0,106.93000030517578,107.04000091552734,106.33999633789062,106.69000244140624,0.0
2022-11-21,1.1239975964042112e+16,1916.8475805413368,87.44999694824219,88.04000091552734,82.31999969482422,87.80000305175781,39835.0,107.83999633789062,107.98999786376952,106.88999938964844,106.97000122070312,0.0
2022-11-22,1.3592651603401364e+16,2674.495859657079,88.36000061035156,89.87999725341797,87.37000274658203,87.6500015258789,23782.0,107.22000122070312,107.75,107.12000274658205,107.6999969482422,0.0
2022-11-23,1951460768737028.0,2755.120811149731,85.41000366210938,89.54000091552734,84.12000274658203,88.41000366210938,27071.0,106.08000183105467,107.22000122070312,106.02999877929688,107.08000183105467,0.0
2022-11-24,1449017194585748.0,1713.289492047819,85.41000366210938,89.54000091552734,84.12000274658203,88.41000366210938,27071.0,106.08000183105467,107.22000122070312,106.02999877929688,107.08000183105467,0.0
2022-11-25,1357980333773878.0,1599.5504979279794,83.62999725341797,86.9000015258789,83.55999755859375,84.94000244140625,12021.0,105.95999908447266,106.41999816894533,105.69000244140624,105.95999908447266,0.0
2022-11-28,1.2066872356239926e+16,2246.0111292245974,83.19000244140625,84.05000305175781,80.63999938964844,83.80000305175781,12583.0,106.68000030517578,106.75,105.31999969482422,106.05999755859376,0.0
2022-11-29,1.5293865879197636e+16,2339.1446554103063,83.02999877929688,86.0,82.19000244140625,82.33000183105469,12182.0,106.81999969482422,106.87999725341795,106.05999755859376,106.56999969482422,0.0
2022-11-30,8025360195431477.0,1001.6645670502808,85.43000030517578,85.81999969482422,83.51000213623047,83.58000183105469,23710.0,105.9499969482422,107.1999969482422,105.77999877929688,106.72000122070312,0.0
2022-12-01,9904150097765820.0,1497.3319222613982,86.87999725341797,89.41000366210938,86.25,86.5999984741211,23123.0,104.7300033569336,105.9000015258789,104.66000366210938,105.6999969482422,0.0
2022-12-02,9968710212448288.0,1978.358100120042,85.56999969482422,87.88999938964844,85.19000244140625,87.12999725341797,23562.0,104.5500030517578,105.58999633789062,104.37999725341795,104.81999969482422,0.0
2022-12-05,1.7528207256325334e+16,2538.6911001130707,82.68000030517578,88.43000030517578,82.54000091552734,85.5199966430664,25039.0,105.29000091552734,105.4000015258789,104.11000061035156,104.51000213623048,0.0
2022-12-06,1.2901123076963054e+16,2126.525285512398,79.3499984741211,83.66999816894531,78.70999908447266,83.08999633789062,26680.0,105.58000183105467,105.62999725341795,104.88999938964844,105.16000366210938,0.0
2022-12-07,795729743711224.0,1591.3174899638357,77.16999816894531,80.4800033569336,76.94000244140625,79.79000091552734,26919.0,105.0999984741211,105.81999969482422,104.87999725341795,105.62999725341795,0.0
2022-12-08,1.7497173236045404e+16,2328.4933804731495,76.1500015258789,79.18000030517578,75.76000213623047,77.48999786376953,33131.0,104.7699966430664,105.43000030517578,104.72000122070312,105.1999969482422,0.0
2022-12-09,1.650854002987766e+16,1142.546718846398,76.0999984741211,77.47000122070312,75.11000061035156,76.7300033569336,24479.0,104.80999755859376,105.13999938964844,104.4800033569336,104.86000061035156,0.0
2022-12-12,1.1535376445440188e+16,2680.2583687697816,77.98999786376953,78.58000183105469,75.26000213623047,76.66999816894531,23020.0,105.12999725341795,105.25,104.66999816894533,104.93000030517578,0.0
2022-12-13,8558812367648122.0,2061.887540738626,80.68000030517578,81.27999877929688,78.04000091552734,78.19000244140625,30052.0,103.9800033569336,105.0999984741211,103.58999633789062,104.98999786376952,0.0
2022-12-14,9111377618157152.0,2625.96464758358,82.69999694824219,83.13999938964844,80.12999725341797,80.33999633789062,27330.0,103.7699966430664,104.16000366210938,103.4499969482422,104.06999969482422,0.0
2022-12-15,565760990193706.0,1581.5321128396604,81.20999908447266,83.19000244140625,80.83000183105469,82.83999633789062,26470.0,104.55999755859376,104.87999725341795,103.54000091552734,103.66999816894533,0.0
2022-12-16,6146446715264866.0,2722.36173356705,79.04000091552734,81.76000213623047,78.27999877929688,81.33999633789062,24439.0,104.6999969482422,104.83999633789062,104.20999908447266,104.4499969482422,0.0
2022-12-19,1.3060905851221164e+16,1837.7107999334544,79.80000305175781,80.88999938964844,78.62999725341797,79.08999633789062,19676.0,104.72000122070312,104.93000030517578,104.12999725341795,104.83999633789062,0.0
2022-12-20,1.7846131613032072e+16,2163.04573722084,79.98999786376953,80.9000015258789,78.30000305175781,80.27999877929688,19646.0,103.97000122070312,104.79000091552734,103.77999877929688,104.7300033569336,0.0
2022-12-21,1.3477616550784976e+16,2370.7541794823605,82.19999694824219,82.54000091552734,79.5999984741211,79.94999694824219,17234.0,104.16000366210938,104.37999725341795,103.8499984741211,103.9499969482422,0.0
2022-12-22,5652705930990602.0,2895.2323164868403,80.9800033569336,83.86000061035156,80.68000030517578,82.37000274658203,16647.0,104.43000030517578,104.5999984741211,103.75,104.22000122070312,0.0
2022-12-23,1915066731767779.0,1120.3966089288876,83.91999816894531,84.37000274658203,81.33999633789062,81.7300033569336,8621.0,104.30999755859376,104.54000091552734,104.12000274658205,104.38999938964844,0.0
2022-12-26,1866740803262594.0,2485.600794221191,83.91999816894531,84.37000274658203,81.33999633789062,81.7300033569336,8621.0,104.30999755859376,104.54000091552734,104.12000274658205,104.38999938964844,0.0
2022-12-27,1.0647420736747084e+16,2983.342543454733,84.33000183105469,85.66999816894531,83.66000366210938,84.45999908447266,7512.0,104.18000030517578,104.4000015258789,103.88999938964844,104.12000274658205,0.0
2022-12-28,1.7227536716995056e+16,2774.114434947595,83.26000213623047,84.63999938964844,81.94999694824219,84.5999984741211,5384.0,104.45999908447266,104.55999755859376,103.8499984741211,104.33000183105467,0.0
2022-12-29,1.1282930672134196e+16,1938.8109445091595,82.26000213623047,82.91000366210938,81.30000305175781,82.86000061035156,20599.0,103.83999633789062,104.4499969482422,103.77999877929688,104.37000274658205,0.0
2022-12-30,1.7655653653520716e+16,2324.926177920683,85.91000366210938,86.27999877929688,82.87999725341797,83.66000366210938,19375.0,103.5199966430664,104.0999984741211,103.38999938964844,103.9499969482422,0.0
2023-01-02,1.9016507741839972e+16,1440.8364552591042,85.91000366210938,86.27999877929688,82.87999725341797,83.66000366210938,19375.0,103.5199966430664,104.0999984741211,103.38999938964844,103.9499969482422,0.0
2023-01-03,1447805737183902.0,2277.3838645056385,82.0999984741211,87.0199966430664,81.7699966430664,86.04000091552734,27559.0,104.5199966430664,104.86000061035156,103.47000122070312,103.66000366210938,0.0
2023-01-04,1842098228017034.0,1686.9851970820464,77.83999633789062,82.66999816894531,77.72000122070312,82.2300033569336,24772.0,104.25,104.5999984741211,103.83000183105467,104.58000183105467,0.0
2023-01-05,1.5766884972781504e+16,2022.0642163774944,78.69000244140625,79.95999908447266,77.61000061035156,78.08999633789062,28051.0,105.04000091552734,105.2699966430664,103.98999786376952,104.06999969482422,0.0
2023-01-06,7662305656064786.0,1949.5345746124824,78.56999969482422,80.56999969482422,78.05000305175781,78.80999755859375,23767.0,103.87999725341795,105.62999725341795,103.87000274658205,105.0500030517578,0.0
2023-01-09,1.1874931589774536e+16,2791.9221672281014,79.6500015258789,81.37000274658203,78.33999633789062,78.4800033569336,29985.0,103.0,103.94000244140624,102.94000244140624,103.91000366210938,0.0
2023-01-10,1.3256261392952884e+16,1562.7966523502637,80.0999984741211,80.87999725341797,78.80999755859375,79.70999908447266,21541.0,103.23999786376952,103.48999786376952,103.02999877929688,103.29000091552734,0.0
2023-01-11,1.2034862066619092e+16,1948.1340381736725,82.66999816894531,82.97000122070312,79.30000305175781,79.58999633789062,29995.0,103.19000244140624,103.4800033569336,103.11000061035156,103.22000122070312,0.0
2023-01-12,1.1760159723462424e+16,2847.9225531621023,84.02999877929688,84.61000061035156,82.37999725341797,82.86000061035156,29360.0,102.25,103.29000091552734,102.08000183105467,103.05999755859376,0.0
2023-01-13,1.0438514217128928e+16,2592.5806450745313,85.27999877929688,85.48999786376953,83.48999786376953,83.94999694824219,17857.0,102.1999969482422,102.6500015258789,101.98999786376952,102.20999908447266,0.0
2023-01-16,9397539955182086.0,2714.1034493273505,85.27999877929688,85.48999786376953,83.48999786376953,83.94999694824219,17857.0,102.1999969482422,102.6500015258789,101.98999786376952,102.20999908447266,0.0
2023-01-17,1.9340755945321988e+16,2638.404319912178,85.91999816894531,86.81999969482422,83.86000061035156,85.44000244140625,36658.0,102.38999938964844,102.55999755859376,101.94000244140624,102.31999969482422,0.0
2023-01-18,5900705290953086.0,1040.2614897064734,84.9800033569336,87.83999633789062,84.4000015258789,86.72000122070312,26461.0,102.36000061035156,102.9000015258789,101.52999877929688,102.47000122070312,0.0
2023-01-19,8605381450397365.0,1739.3948157282657,86.16000366210938,86.8499984741211,83.73999786376953,84.58999633789062,28822.0,102.05999755859376,102.4800033569336,101.98999786376952,102.37999725341795,0.0
2023-01-20,1.7360740960659812e+16,2862.1085411454455,87.62999725341797,87.7699966430664,85.58000183105469,86.36000061035156,24374.0,102.01000213623048,102.5500030517578,101.94000244140624,102.08000183105467,0.0
2023-01-23,808221617314868.0,1598.9238978475048,88.19000244140625,89.0999984741211,86.93000030517578,87.80999755859375,21194.0,102.13999938964844,102.27999877929688,101.58999633789062,101.98999786376952,0.0
2023-01-24,1.833454104750881e+16,1295.4495772935927,86.12999725341797,88.70999908447266,85.80999755859375,88.02999877929688,26572.0,101.91999816894533,102.43000030517578,101.72000122070312,101.98999786376952,0.0
2023-01-25,1.3127621804377344e+16,2463.168085409393,86.12000274658203,87.01000213623047,85.41000366210938,86.30000305175781,19993.0,101.63999938964844,102.12000274658205,101.58000183105467,102.01000213623048,0.0
2023-01-26,1348344197306543.0,2377.8477283017046,87.47000122070312,88.01000213623047,85.77999877929688,86.12999725341797,14187.0,101.83999633789062,102.18000030517578,101.5,101.58000183105467,0.0
2023-01-27,1.0019045963363258e+16,1532.2568097259225,86.66000366210938,88.91000366210938,85.68000030517578,87.5999984741211,10012.0,101.93000030517578,102.19000244140624,101.68000030517578,101.72000122070312,0.0
2023-01-30,1.0617363203119542e+16,1785.2255490574112,84.9000015258789,87.37000274658203,84.75,86.80000305175781,5879.0,102.27999877929688,102.30999755859376,101.66000366210938,101.91999816894533,0.0
2023-01-31,1.831951340178277e+16,2765.097212500863,84.48999786376953,85.16000366210938,83.69000244140625,85.16000366210938,30498.0,102.0999984741211,102.61000061035156,102.01000213623048,102.19000244140624,0.0
2023-02-01,1.8746421156773816e+16,1078.6654182160753,82.83999633789062,86.19999694824219,82.37000274658203,85.5199966430664,28085.0,101.22000122070312,102.19000244140624,101.04000091552734,102.0999984741211,0.0
2023-02-02,680070233436225.0,2194.047036046914,82.16999816894531,83.5999984741211,81.23999786376953,83.08999633789062,24611.0,101.75,101.91000366210938,100.81999969482422,100.8499984741211,0.0
2023-02-03,1.972878120062334e+16,2064.8836412199366,79.94000244140625,84.19000244140625,79.62000274658203,82.1500015258789,24743.0,102.91999816894533,103.01000213623048,101.5500030517578,101.83000183105467,0.0
2023-02-06,1.9345263695240284e+16,1904.856811900682,80.98999786376953,81.4000015258789,79.08999633789062,79.75,31365.0,103.62000274658205,103.7699966430664,103.01000213623048,103.01000213623048,0.0
2023-02-07,1.824397723138719e+16,2003.895513296647,83.69000244140625,84.0999984741211,81.18000030517578,81.4000015258789,24432.0,103.43000030517578,103.95999908447266,103.0,103.54000091552734,0.0
2023-02-08,5277916528718187.0,1627.4489666536492,85.08999633789062,85.16000366210938,83.5,84.02999877929688,29853.0,103.41000366210938,103.5199966430664,103.0,103.2699966430664,0.0
2023-02-09,1.4599373140763352e+16,1858.0722124024833,84.5,85.5,83.05999755859375,85.06999969482422,30520.0,103.22000122070312,103.5500030517578,102.63999938964844,103.43000030517578,0.0
2023-02-10,6568357546683849.0,2365.2485290611457,86.38999938964844,86.91000366210938,83.94000244140625,84.2300033569336,30882.0,103.62999725341795,103.68000030517578,102.9000015258789,103.26000213623048,0.0
2023-02-13,9848114842440872.0,2424.637083253528,86.61000061035156,86.94999694824219,85.08999633789062,86.5999984741211,19426.0,103.3499984741211,103.83999633789062,103.23999786376952,103.58000183105467,0.0
2023-02-14,1.8685651455722996e+16,1379.1612140309871,85.58000183105469,86.4000015258789,84.12000274658203,85.75,19585.0,103.2300033569336,103.5199966430664,102.58999633789062,103.22000122070312,0.0
2023-02-15,1.3859371623022246e+16,2962.506858055229,85.37999725341797,85.8499984741211,83.9000015258789,85.29000091552734,21161.0,103.91999816894533,104.11000061035156,103.16000366210938,103.20999908447266,0.0
2023-02-16,1143965778589103.0,2311.154683060142,85.13999938964844,86.19999694824219,84.5999984741211,85.13999938964844,20089.0,103.86000061035156,104.2300033569336,103.52999877929688,103.87999725341795,0.0
2023-02-17,1.5260534039687888e+16,2951.457518217644,83.0,84.8499984741211,81.79000091552734,84.66999816894531,27191.0,103.86000061035156,104.66999816894533,103.83999633789062,104.1999969482422,0.0
2023-02-20,1.4866141460171612e+16,1335.2316027171528,83.0,84.8499984741211,81.79000091552734,84.66999816894531,27191.0,103.86000061035156,104.66999816894533,103.83999633789062,104.1999969482422,0.0
2023-02-21,6484682526704404.0,2092.178972872377,83.05000305175781,84.29000091552734,82.54000091552734,83.01000213623047,31936.0,104.18000030517578,104.26000213623048,103.7699966430664,103.91000366210938,0.0
2023-02-22,1.9147597893967068e+16,1052.3856282646805,80.5999984741211,83.2300033569336,80.4000015258789,82.73999786376953,20309.0,104.58999633789062,104.5999984741211,104.01000213623048,104.12999725341795,0.0
2023-02-23,919843956523641.0,2982.016036817917,82.20999908447266,82.75,80.33999633789062,80.47000122070312,14474.0,104.5999984741211,104.77999877929688,104.30999755859376,104.5,0.0
2023-02-24,1.3135306850759304e+16,2385.9237016231514,83.16000366210938,83.37999725341797,81.06999969482422,82.3499984741211,13365.0,105.20999908447266,105.31999969482422,104.41999816894533,104.55999755859376,0.0
2023-02-27,5144418797477563.0,1270.333955900324,82.44999694824219,83.62999725341797,81.73999786376953,83.12000274658203,5691.0,104.66999816894533,105.36000061035156,104.5500030517578,105.26000213623048,0.0
2023-02-28,1.3795376153755264e+16,2157.762551440191,83.88999938964844,84.12000274658203,82.61000061035156,82.63999938964844,24882.0,104.87000274658205,105.0,104.41999816894533,104.62999725341795,0.0
2023-03-01,1.5335464426084166e+16,1903.958847576944,84.30999755859375,84.48999786376953,82.61000061035156,83.0999984741211,26723.0,104.4800033569336,105.08999633789062,104.08999633789062,105.04000091552734,0.0
2023-03-02,1.2948610043853824e+16,2844.2274173035426,84.75,85.08999633789062,83.83999633789062,84.30999755859375,17997.0,105.02999877929688,105.18000030517578,104.38999938964844,104.38999938964844,0.0
2023-03-03,9388675508848056.0,1226.4547124682415,85.83000183105469,86.0,82.36000061035156,84.41000366210938,27594.0,104.5199966430664,105.0,104.48999786376952,104.94000244140624,0.0
2023-03-06,1.0463464475794608e+16,1685.7071489852283,86.18000030517578,86.36000061035156,84.3499984741211,85.93000030517578,24587.0,104.3499984741211,104.69000244140624,104.16000366210938,104.52999877929688,0.0
2023-03-07,1.1086146846327264e+16,1653.5489417830604,83.29000091552734,86.76000213623047,82.6500015258789,86.2300033569336,26092.0,105.62000274658205,105.6500015258789,104.12000274658205,104.3000030517578,0.0
2023-03-08,593471214797422.0,2635.5794135235965,82.66000366210938,83.58999633789062,82.05000305175781,82.9800033569336,23661.0,105.66000366210938,105.87999725341795,105.37000274658205,105.66999816894533,0.0
2023-03-09,8026068817064187.0,1092.246009696216,81.58999633789062,84.01000213623047,81.41000366210938,82.62000274658203,25018.0,105.30999755859376,105.7300033569336,105.1500015258789,105.62000274658205,0.0
2023-03-10,7862328183223769.0,1647.062368608663,82.77999877929688,83.08000183105469,80.7300033569336,81.47000122070312,26753.0,104.58000183105467,105.3499984741211,104.04000091552734,105.12999725341795,0.0
2023-03-13,1.6069312307598076e+16,2427.462828128418,80.7699966430664,83.47000122070312,78.33999633789062,82.54000091552734,38195.0,103.5999984741211,104.38999938964844,103.4800033569336,104.38999938964844,0.0
2023-03-14,6519098877683698.0,1481.7418620649669,77.44999694824219,80.87999725341797,76.87999725341797,80.69000244140625,33198.0,103.5999984741211,104.0500030517578,103.5,103.66999816894533,0.0
2023-03-15,7701557598799083.0,2571.3080712559463,73.69000244140625,78.70999908447266,71.62999725341797,77.56999969482422,46598.0,104.6500015258789,105.0999984741211,103.44000244140624,103.73999786376952,0.0
2023-03-16,1.8136281384378996e+16,2087.111954552718,74.69999694824219,75.5199966430664,71.86000061035156,74.3499984741211,29873.0,104.41999816894533,104.73999786376952,104.1999969482422,104.62000274658205,0.0
2023-03-17,1280910682450308.0,2494.6532839955858,72.97000122070312,75.9000015258789,71.3499984741211,74.55000305175781,34734.0,103.70999908447266,104.4499969482422,103.69000244140624,104.41000366210938,0.0
2023-03-20,12077047633185.0,2232.859517732253,73.79000091552734,73.8499984741211,70.12999725341797,72.88999938964844,22185.0,103.27999877929688,103.95999908447266,103.27999877929688,103.86000061035156,0.0
2023-03-21,1322686511824152.0,1567.8785438151187,75.31999969482422,75.4000015258789,72.80999755859375,73.73999786376953,18784.0,103.26000213623048,103.5199966430664,103.0,103.30999755859376,0.0
2023-03-22,7226168188006791.0,2447.691109998245,76.69000244140625,77.08999633789062,74.5199966430664,75.08999633789062,19933.0,102.3499984741211,103.2699966430664,102.06999969482422,103.1999969482422,0.0
2023-03-23,9145971534837124.0,1803.5455544094116,75.91000366210938,77.43000030517578,75.12000274658203,75.73999786376953,18685.0,102.52999877929688,102.63999938964844,101.91999816894533,102.5,0.0
2023-03-24,8815338076298162.0,1361.8332201533033,74.98999786376953,76.27999877929688,72.69000244140625,75.41999816894531,18941.0,103.12000274658205,103.36000061035156,102.5,102.5999984741211,0.0
2023-03-27,1.1848627932827374e+16,2125.5407039239153,78.12000274658203,78.43000030517578,74.80000305175781,75.23999786376953,13874.0,102.86000061035156,103.2300033569336,102.83000183105467,103.12000274658205,0.0
2023-03-28,1.4034347058990892e+16,1028.6887436975785,78.6500015258789,79.20999908447266,77.55000305175781,78.18000030517578,17782.0,102.43000030517578,102.76000213623048,102.37999725341795,102.75,0.0
2023-03-29,9202692391378804.0,1252.6938865415818,78.27999877929688,79.69999694824219,77.94999694824219,79.0199966430664,11027.0,102.63999938964844,102.79000091552734,102.37000274658205,102.48999786376952,0.0
2023-03-30,1.6691648295689784e+16,1739.8080472022864,79.2699966430664,79.55000305175781,77.8499984741211,78.22000122070312,6818.0,102.13999938964844,102.77999877929688,102.06999969482422,102.62000274658205,0.0
2023-03-31,1.7474332432718538e+16,2433.0089968775223,79.7699966430664,79.7699966430664,79.06999969482422,79.27999877929688,38477.0,102.51000213623048,102.62999725341795,102.0500030517578,102.1999969482422,0.0
2023-04-03,1.2471453473219588e+16,1589.1837931401344,84.93000030517578,86.23999786376953,83.29000091552734,83.29000091552734,37587.0,102.08999633789062,103.05999755859376,101.9800033569336,102.58999633789062,0.0
2023-04-04,883272738513927.0,2577.6801753595355,84.94000244140625,86.05000305175781,83.87000274658203,84.77999877929688,32987.0,101.58999633789062,102.27999877929688,101.45999908447266,102.01000213623048,0.0
2023-04-05,1.891694276539282e+16,1959.5002607317208,84.98999786376953,85.55000305175781,84.01000213623047,85.0999984741211,28362.0,101.8499984741211,101.98999786376952,101.41999816894533,101.5199966430664,0.0
2023-04-06,1.7092224680980396e+16,1383.8021992812785,85.12000274658203,85.44000244140625,84.05000305175781,84.83000183105469,0.0,101.81999969482422,102.13999938964844,101.76000213623048,101.83000183105467,0.0
2023-04-07,8286348951636088.0,2510.193336185122,85.12000274658203,85.44000244140625,84.05000305175781,84.83000183105469,0.0,101.81999969482422,102.13999938964844,101.76000213623048,101.83000183105467,0.0
2023-04-10,1.3791670765193778e+16,2517.629661940054,84.18000030517578,85.63999938964844,84.08000183105469,84.94999694824219,14242.0,102.58000183105467,102.80999755859376,101.98999786376952,102.0999984741211,0.0
2023-04-11,8919942400457315.0,1859.94158252865,85.61000061035156,85.68000030517578,83.75,84.27999877929688,28189.0,102.1999969482422,102.5199966430664,102.01000213623048,102.5199966430664,0.0
2023-04-12,1.6041343972704328e+16,1337.2843355370892,87.33000183105469,87.48999786376953,85.41000366210938,85.55000305175781,36337.0,101.5,102.16000366210938,101.4499969482422,102.12999725341795,0.0
2023-04-13,1650961260596002.0,1831.3064978778823,86.08999633789062,87.47000122070312,86.05999755859375,87.1500015258789,26363.0,101.01000213623048,101.5999984741211,100.8499984741211,101.47000122070312,0.0
2023-04-14,1.8302870172856824e+16,2495.2326060664845,86.30999755859375,86.86000061035156,85.54000091552734,86.33999633789062,28360.0,101.5500030517578,101.75,100.79000091552734,101.0,0.0
2023-04-17,1.3655070482555876e+16,1407.0494714941196,84.76000213623047,86.51000213623047,84.3499984741211,86.2699966430664,30271.0,102.0999984741211,102.2300033569336,101.52999877929688,101.58000183105467,0.0
2023-04-18,1.0004118203413948e+16,1913.8493975926704,84.7699966430664,85.4000015258789,83.81999969482422,84.81999969482422,27241.0,101.75,102.13999938964844,101.63999938964844,102.0999984741211,0.0
2023-04-19,1.6182084695565884e+16,2129.1434240057283,83.12000274658203,85.1500015258789,82.41000366210938,84.86000061035156,30732.0,101.97000122070312,102.2300033569336,101.66000366210938,101.70999908447266,0.0
2023-04-20,9373853303236160.0,2724.4552778664342,81.0999984741211,83.04000091552734,80.7699966430664,83.0,26114.0,101.83999633789062,102.12999725341795,101.62999725341795,101.98999786376952,0.0
2023-04-21,5846599692549612.0,2695.4211217315055,81.66000366210938,82.04000091552734,80.44999694824219,80.83000183105469,17805.0,101.81999969482422,102.12000274658205,101.6500015258789,101.8000030517578,0.0
2023-04-24,1446792232658789.0,1944.2217398502,82.7300033569336,82.98999786376953,80.48999786376953,81.5999984741211,16684.0,101.3499984741211,101.91000366210938,101.33000183105467,101.72000122070312,0.0
2023-04-25,1.415359534668402e+16,1749.156237513492,80.7699966430664,83.05000305175781,80.3499984741211,82.58000183105469,17134.0,101.86000061035156,101.9499969482422,101.1999969482422,101.26000213623048,0.0
2023-04-26,1.1800965138874928e+16,2896.8284601879427,77.69000244140625,81.47000122070312,77.4800033569336,81.0,15436.0,101.47000122070312,101.88999938964844,101.01000213623048,101.81999969482422,0.0
2023-04-27,1.6516834788077836e+16,1816.526108160089,78.37000274658203,78.62999725341797,77.38999938964844,77.87000274658203,8926.0,101.5,101.8000030517578,101.27999877929688,101.4000015258789,0.0
2023-04-28,8410170740235881.0,2002.4567767697763,79.54000091552734,79.5999984741211,77.97000122070312,78.30999755859375,26788.0,101.66999816894533,102.16999816894533,101.41999816894533,101.47000122070312,0.0
2023-05-01,1.5251242898913168e+16,1530.5423252613225,79.30999755859375,80.19000244140625,78.12999725341797,80.18000030517578,12551.0,102.1500015258789,102.19000244140624,101.62000274658205,101.66999816894533,0.0
2023-05-02,6969100372345949.0,1045.603827372447,75.31999969482422,79.77999877929688,75.08999633789062,79.26000213623047,35700.0,101.95999908447266,102.4000015258789,101.87999725341795,102.1500015258789,0.0
2023-05-03,1.7350185092245016e+16,2807.2034007137663,72.33000183105469,75.55000305175781,71.68000030517578,75.2699966430664,34878.0,101.33999633789062,101.91999816894533,101.06999969482422,101.86000061035156,0.0
2023-05-04,9388339244085968.0,1297.6229701907266,72.5,73.7300033569336,68.19999694824219,71.88999938964844,30132.0,101.4000015258789,101.63999938964844,101.02999877929688,101.1999969482422,0.0
2023-05-05,7471692700794378.0,1825.5213022199623,75.30000305175781,75.7300033569336,72.41000366210938,72.6500015258789,20363.0,101.20999908447266,101.77999877929688,101.12000274658205,101.33999633789062,0.0
2023-05-08,1.6393157479527516e+16,2938.940819202782,77.01000213623047,77.41999816894531,74.95999908447266,75.41000366210938,17211.0,101.37000274658205,101.41999816894533,101.04000091552734,101.27999877929688,0.0
2023-05-09,1876330846845313.0,1129.0481080657755,77.44000244140625,77.48999786376953,75.06999969482422,76.8499984741211,24836.0,101.63999938964844,101.83999633789062,101.36000061035156,101.4000015258789,0.0
2023-05-10,1.1029849985074648e+16,1451.7718852558355,76.41000366210938,77.5999984741211,75.68000030517578,77.25,30289.0,101.4800033569336,101.80999755859376,101.22000122070312,101.62000274658205,0.0
2023-05-11,1.848086915256521e+16,2155.789560855146,74.9800033569336,77.4000015258789,74.62000274658203,76.63999938964844,32136.0,102.05999755859376,102.1500015258789,101.3000030517578,101.41000366210938,0.0
2023-05-12,7289264019368114.0,1039.595012450916,74.16999816894531,75.83999633789062,74.02999877929688,75.45999908447266,26553.0,102.68000030517578,102.70999908447266,101.94000244140624,102.0999984741211,0.0
2023-05-15,760206383592705.0,2763.8060027828083,75.2300033569336,75.75,73.48999786376953,74.25,24312.0,102.43000030517578,102.75,102.37999725341795,102.70999908447266,0.0
2023-05-16,1.4328743030926932e+16,2377.761640510183,74.91000366210938,75.94999694824219,74.5,75.44999694824219,23070.0,102.55999755859376,102.69000244140624,102.1999969482422,102.43000030517578,0.0
2023-05-17,1316529819750612.0,1378.4275255297598,76.95999908447266,77.30999755859375,74.08999633789062,74.68000030517578,31285.0,102.87999725341795,103.11000061035156,102.54000091552734,102.61000061035156,0.0
2023-05-18,1.1326453822839548e+16,1798.202870260288,75.86000061035156,76.9800033569336,75.4800033569336,76.79000091552734,20152.0,103.58000183105467,103.62000274658205,102.8000030517578,102.91000366210938,0.0
2023-05-19,6584895152439503.0,1025.56868500598,75.58000183105469,77.5,75.0999984741211,75.9000015258789,22388.0,103.1999969482422,103.62000274658205,103.0,103.51000213623048,0.0
2023-05-22,1.1184619753147058e+16,2418.247580773235,75.98999786376953,76.45999908447266,74.55000305175781,75.73999786376953,22801.0,103.1999969482422,103.37000274658205,102.95999908447266,103.19000244140624,0.0
2023-05-23,5976308567570319.0,2105.3667793559325,76.83999633789062,77.73999786376953,75.6500015258789,75.97000122070312,30676.0,103.48999786376952,103.6500015258789,103.16000366210938,103.2699966430664,0.0
2023-05-24,1127751164866568.0,2783.3689598178153,78.36000061035156,78.66000366210938,77.04000091552734,77.58999633789062,33849.0,103.88999938964844,103.91000366210938,103.3499984741211,103.54000091552734,0.0
2023-05-25,1.903130642148945e+16,1892.527361660208,76.26000213623047,78.5,75.12000274658203,78.26000213623047,36272.0,104.20999908447266,104.30999755859376,103.83999633789062,103.86000061035156,0.0
2023-05-26,1792076387334688.0,1102.4867524601127,76.94999694824219,77.3499984741211,75.72000122070312,76.12000274658203,15522.0,104.20999908447266,104.41999816894533,103.8499984741211,104.2300033569336,0.0
2023-05-29,1431070755975944.0,2826.2879336075544,76.94999694824219,77.3499984741211,75.72000122070312,76.12000274658203,15522.0,104.20999908447266,104.41999816894533,103.8499984741211,104.2300033569336,0.0
2023-05-30,1.83043185642271e+16,2019.4775115031885,73.54000091552734,77.73999786376953,73.16000366210938,77.37000274658203,13840.0,104.16999816894533,104.52999877929688,103.87999725341795,104.3000030517578,0.0
2023-05-31,1612456122115135.0,2370.81883242245,72.66000366210938,73.7699966430664,71.55000305175781,73.6500015258789,34611.0,104.31999969482422,104.6999969482422,104.01000213623048,104.0500030517578,0.0
2023-06-01,1.9731333395198412e+16,1302.893289240193,74.27999877929688,75.25,72.01000213623047,72.08999633789062,31338.0,103.55999755859376,104.5,103.5,104.1500015258789,0.0
2023-06-02,1.3472766235280848e+16,1622.8886313917828,76.12999725341797,76.48999786376953,74.18000030517578,74.41000366210938,26080.0,104.0199966430664,104.08999633789062,103.37999725341795,103.55999755859376,0.0
2023-06-05,8119871744724181.0,2524.168168170871,76.70999908447266,78.72000122070312,76.30000305175781,77.5,34658.0,104.0,104.4000015258789,103.93000030517578,104.04000091552734,0.0
2023-06-06,1.7985876085886214e+16,1305.1218664325504,76.29000091552734,76.76000213623047,74.7300033569336,76.47000122070312,27997.0,104.12999725341795,104.37000274658205,103.81999969482422,104.01000213623048,0.0
2023-06-07,1.4462393937297096e+16,1891.1419205117832,76.94999694824219,77.62000274658203,75.51000213623047,76.06999969482422,35446.0,104.0999984741211,104.3000030517578,103.66000366210938,104.12000274658205,0.0
2023-06-08,1.7217292842218694e+16,2065.5907186214104,75.95999908447266,77.66000366210938,73.56999969482422,76.80000305175781,45284.0,103.33999633789062,104.06999969482422,103.3000030517578,104.06999969482422,0.0
2023-06-09,7464401127913682.0,1336.5881926594752,74.79000091552734,76.55000305175781,74.72000122070312,75.52999877929688,25616.0,103.55999755859376,103.61000061035156,103.3000030517578,103.3000030517578,0.0
2023-06-12,6424894065665347.0,1096.509560973197,71.83999633789062,74.87999725341797,71.56999969482422,74.87999725341797,33191.0,103.62999725341795,103.76000213623048,103.23999786376952,103.5500030517578,0.0
2023-06-13,1472830302453849.0,1821.917257078198,74.29000091552734,74.6500015258789,71.94999694824219,72.0,28142.0,103.33999633789062,103.62000274658205,103.0500030517578,103.58000183105467,0.0
2023-06-14,5082825669403739.0,2415.436554384225,73.19999694824219,75.4800033569336,73.02999877929688,74.06999969482422,26201.0,103.01000213623048,103.4000015258789,102.66000366210938,103.31999969482422,0.0
2023-06-15,7349420530862509.0,1335.074393284946,75.66999816894531,75.95999908447266,72.91000366210938,73.47000122070312,21211.0,102.12000274658205,103.37999725341795,102.08999633789062,102.95999908447266,0.0
2023-06-16,1.5678242251554844e+16,1995.0184003830373,76.61000061035156,76.73999786376953,75.08000183105469,75.58000183105469,20871.0,102.3000030517578,102.43000030517578,102.01000213623048,102.12000274658205,0.0
2023-06-19,1.8049239702828716e+16,1473.4403550956174,76.61000061035156,76.73999786376953,75.08000183105469,75.58000183105469,20871.0,102.3000030517578,102.43000030517578,102.01000213623048,102.12000274658205,0.0
2023-06-20,9309665300504324.0,1237.2830131675942,75.9000015258789,77.1500015258789,74.5199966430664,76.2300033569336,34421.0,102.54000091552734,102.79000091552734,102.31999969482422,102.4800033569336,0.0
2023-06-21,1.9998159786482936e+16,2168.097644370809,77.12000274658203,77.23999786376953,75.37999725341797,75.5,22470.0,102.06999969482422,102.70999908447266,102.0199966430664,102.5,0.0
2023-06-22,1.979833692350564e+16,1049.2208499727367,74.13999938964844,77.19000244140625,73.58000183105469,76.95999908447266,30975.0,102.38999938964844,102.47000122070312,101.91999816894533,102.02999877929688,0.0
2023-06-23,1.3247466519977724e+16,2394.499749918708,73.8499984741211,74.37000274658203,72.0999984741211,74.1500015258789,15800.0,102.9000015258789,103.16999816894533,102.37999725341795,102.37999725341795,0.0
2023-06-26,1.1971519378144822e+16,1495.9844135184317,74.18000030517578,74.83000183105469,73.43000030517578,74.44999694824219,20960.0,102.69000244140624,102.83000183105467,102.61000061035156,102.83000183105467,0.0
2023-06-27,6791624019386976.0,2032.094075492986,72.26000213623047,74.88999938964844,72.08999633789062,74.2300033569336,15262.0,102.48999786376952,102.8000030517578,102.31999969482422,102.73999786376952,0.0
2023-06-28,9528746098170076.0,1888.2433207188076,74.02999877929688,74.20999908447266,71.58000183105469,72.55999755859375,12437.0,102.91000366210938,103.1500015258789,102.47000122070312,102.51000213623048,0.0
2023-06-29,1.896795171663688e+16,1148.3625674712646,74.33999633789062,74.97000122070312,73.41000366210938,73.75,6372.0,103.33999633789062,103.44000244140624,102.77999877929688,102.95999908447266,0.0
2023-06-30,1.2591204193723032e+16,1765.4113803485686,74.9000015258789,75.12999725341797,74.25,74.25,29055.0,102.91000366210938,103.54000091552734,102.75,103.3499984741211,0.0
2023-07-03,1.7885197836849164e+16,2125.9832687116123,74.6500015258789,76.58000183105469,74.58000183105469,75.12999725341797,24066.0,102.98999786376952,103.2699966430664,102.75,102.91999816894533,0.0
2023-07-04,1.1468580523588684e+16,1862.7337129185037,74.6500015258789,76.58000183105469,74.58000183105469,75.12999725341797,24066.0,102.98999786376952,103.2699966430664,102.75,102.91999816894533,0.0
2023-07-05,7703314935470886.0,2259.972665989005,76.6500015258789,76.94000244140625,74.77999877929688,74.94000244140625,35538.0,103.37000274658205,103.38999938964844,102.95999908447266,103.08000183105467,0.0
2023-07-06,1.2462199051462924e+16,2919.9076713169475,76.5199966430664,77.08000183105469,75.01000213623047,76.54000091552734,29695.0,103.16999816894533,103.56999969482422,102.91999816894533,103.3499984741211,0.0
2023-07-07,1.6808569241960952e+16,2055.0673658534056,78.47000122070312,78.52999877929688,76.0199966430664,76.4800033569336,26656.0,102.2699966430664,103.19000244140624,102.2300033569336,103.08000183105467,0.0
2023-07-10,1.9735597862575636e+16,1509.33352816283,77.69000244140625,78.77999877929688,77.33999633789062,78.48999786376953,21082.0,101.97000122070312,102.55999755859376,101.9499969482422,102.29000091552734,0.0
2023-07-11,1776934978753682.0,1072.9649039659178,79.4000015258789,79.5,77.63999938964844,77.86000061035156,22736.0,101.7300033569336,101.97000122070312,101.6500015258789,101.94000244140624,0.0
2023-07-12,5921013331149793.0,2781.711651406823,80.11000061035156,80.56999969482422,79.22000122070312,79.27999877929688,25367.0,100.5199966430664,101.61000061035156,100.51000213623048,101.58999633789062,0.0
2023-07-13,117927059505951.0,1463.972053963156,81.36000061035156,81.75,79.87000274658203,80.1500015258789,28794.0,99.7699966430664,100.61000061035156,99.73999786376952,100.5199966430664,0.0
2023-07-14,5807863912410728.0,1409.7730622503414,79.87000274658203,81.69000244140625,79.56999969482422,81.61000061035156,23286.0,99.91000366210938,100.0199966430664,99.58000183105467,99.75,0.0
2023-07-17,6785409899219288.0,2934.602090683992,78.5,80.62000274658203,78.26000213623047,79.44999694824219,29152.0,99.83999633789062,100.18000030517578,99.75,99.95999908447266,0.0
2023-07-18,1259049727057163.0,1190.3979315017457,79.62999725341797,80.01000213623047,78.19999694824219,78.52999877929688,30304.0,99.94000244140624,100.11000061035156,99.58999633789062,99.88999938964844,0.0
2023-07-19,1.4812911607886716e+16,2926.838728147575,79.45999908447266,80.94999694824219,79.18000030517578,79.80000305175781,33372.0,100.27999877929688,100.54000091552734,99.93000030517578,99.9800033569336,0.0
2023-07-20,1.9465299229462784e+16,2717.9816363161253,79.63999938964844,80.2699966430664,78.66999816894531,79.5,24867.0,100.87999725341795,100.97000122070312,100.0199966430664,100.27999877929688,0.0
2023-07-21,7993208581641011.0,2119.680794772875,81.06999969482422,81.23999786376953,79.66000366210938,79.66000366210938,23563.0,101.06999969482422,101.19000244140624,100.72000122070312,100.77999877929688,0.0
2023-07-24,1.9553265356870092e+16,1952.7360041826712,82.73999786376953,83.16000366210938,80.41999816894531,80.98999786376953,28032.0,101.3499984741211,101.43000030517578,100.88999938964844,101.08999633789062,0.0
2023-07-25,1.7151818687744828e+16,1290.594106513856,83.63999938964844,83.87999725341797,82.23999786376953,82.83000183105469,22083.0,101.3499984741211,101.6500015258789,101.19000244140624,101.41999816894533,0.0
2023-07-26,5023621542418164.0,1262.7231562993063,82.91999816894531,83.86000061035156,82.5999984741211,83.2699966430664,19315.0,100.88999938964844,101.44000244140624,100.86000061035156,101.31999969482422,0.0
2023-07-27,1884485400378232.0,2380.8179397162717,84.23999786376953,84.51000213623047,82.98999786376953,83.02999877929688,18467.0,101.7699966430664,101.83999633789062,100.5500030517578,101.11000061035156,0.0
2023-07-28,1.2315447325455834e+16,1778.373516513022,84.98999786376953,85.0999984741211,83.22000122070312,84.05000305175781,11121.0,101.62000274658205,102.04000091552734,101.36000061035156,101.69000244140624,0.0
2023-07-31,1.6928560357729776e+16,2772.446121197241,85.55999755859375,85.66000366210938,84.5199966430664,84.87999725341797,23446.0,101.86000061035156,101.91000366210938,101.52999877929688,101.6999969482422,0.0
2023-08-01,1.1450411831646424e+16,1149.1806579481786,84.91000366210938,85.79000091552734,84.26000213623047,85.3499984741211,27179.0,102.3000030517578,102.43000030517578,101.8499984741211,101.87000274658205,0.0
2023-08-02,9820130536608600.0,2029.4780796395005,83.19999694824219,85.9800033569336,82.75,85.7300033569336,32246.0,102.58999633789062,102.77999877929688,101.95999908447266,101.95999908447266,0.0
2023-08-03,1483461407427954.0,1969.3680512147632,85.13999938964844,85.41999816894531,82.37000274658203,83.44000244140625,30333.0,102.54000091552734,102.83999633789062,102.37000274658205,102.58999633789062,0.0
2023-08-04,7159072402651407.0,2053.530855160219,86.23999786376953,86.6500015258789,85.11000061035156,85.31999969482422,22130.0,102.0199966430664,102.62000274658205,101.73999786376952,102.4499969482422,0.0
2023-08-07,7365318466838906.0,2727.5045240973004,85.33999633789062,86.70999908447266,85.04000091552734,86.13999938964844,19591.0,102.0500030517578,102.37999725341795,101.97000122070312,102.01000213623048,0.0
2023-08-08,1.3432960253949686e+16,2419.774379060578,86.16999816894531,86.3499984741211,83.31999969482422,85.83999633789062,26377.0,102.52999877929688,102.8000030517578,102.06999969482422,102.06999969482422,0.0
2023-08-09,1.2270611910713592e+16,2223.1839953463195,87.55000305175781,87.66000366210938,85.94000244140625,86.01000213623047,29154.0,102.48999786376952,102.58000183105467,102.29000091552734,102.5500030517578,0.0
2023-08-10,6354094684010477.0,2522.623699059464,86.4000015258789,88.0999984741211,86.1500015258789,87.37000274658203,28721.0,102.5199966430664,102.6500015258789,101.77999877929688,102.4800033569336,0.0
2023-08-11,967363980494191.0,2925.5020615832327,86.80999755859375,87.3499984741211,85.8499984741211,86.38999938964844,33204.0,102.83999633789062,102.91000366210938,102.41999816894533,102.62000274658205,0.0
2023-08-14,557361366012703.0,1395.131504380797,86.20999908447266,86.69999694824219,85.5,86.63999938964844,24768.0,103.19000244140624,103.45999908447266,102.7699966430664,102.8499984741211,0.0
2023-08-15,1.0776066815795856e+16,1660.320901825154,84.88999938964844,86.66999816894531,84.29000091552734,86.30000305175781,29945.0,103.20999908447266,103.2699966430664,102.81999969482422,103.1500015258789,0.0
2023-08-16,8054327590956987.0,2401.200452421722,83.44999694824219,85.36000061035156,83.12000274658203,85.12000274658203,31925.0,103.41999816894533,103.52999877929688,102.94000244140624,103.20999908447266,0.0
2023-08-17,1.2103585824647936e+16,1765.682701368725,84.12000274658203,84.88999938964844,83.05000305175781,83.3499984741211,33977.0,103.44000244140624,103.5999984741211,103.05999755859376,103.4800033569336,0.0
2023-08-18,1.3154201801773544e+16,1735.701515229697,84.80000305175781,85.06999969482422,83.31999969482422,83.83000183105469,26072.0,103.37999725341795,103.68000030517578,103.2300033569336,103.4000015258789,0.0
2023-08-21,1.3373430128399464e+16,1588.24815606685,84.45999908447266,85.87000274658203,84.30999755859375,85.05999755859375,27958.0,103.33000183105467,103.5,103.13999938964844,103.43000030517578,0.0
2023-08-22,1.6335157196701446e+16,1833.4825993746103,84.02999877929688,84.6500015258789,83.83999633789062,84.38999938964844,27081.0,103.55999755859376,103.72000122070312,103.01000213623048,103.33000183105467,0.0
2023-08-23,551397555953087.0,2522.931218865905,83.20999908447266,84.23999786376953,81.97000122070312,83.9800033569336,35103.0,103.36000061035156,103.9800033569336,103.3000030517578,103.58000183105467,0.0
2023-08-24,1198415414607846.0,1205.4626939687184,83.36000061035156,83.61000061035156,81.97000122070312,82.98999786376953,27997.0,103.9800033569336,104.02999877929688,103.2699966430664,103.36000061035156,0.0
2023-08-25,1.1832402838568692e+16,1212.031482418524,84.4800033569336,84.97000122070312,82.69000244140625,83.19999694824219,20715.0,104.08000183105467,104.4499969482422,103.73999786376952,104.0999984741211,0.0
2023-08-28,1.0581745742711656e+16,1027.7150846640252,84.41999816894531,85.22000122070312,84.11000061035156,84.87000274658203,14607.0,104.05999755859376,104.20999908447266,103.9800033569336,104.19000244140624,0.0
2023-08-29,1.2722022437351138e+16,2610.359161978932,85.48999786376953,85.6500015258789,83.77999877929688,84.37999725341797,14579.0,103.5500030517578,104.36000061035156,103.37000274658205,103.91999816894533,0.0
2023-08-30,1683821806331655.0,2483.83488326984,85.86000061035156,86.20999908447266,85.12999725341797,85.62999725341797,12280.0,103.16000366210938,103.6999969482422,102.94000244140624,103.44000244140624,0.0
2023-08-31,1.7769719835363042e+16,2618.0221049432944,86.86000061035156,86.9000015258789,85.8499984741211,85.8499984741211,33559.0,103.62000274658205,103.73999786376952,103.01000213623048,103.0999984741211,0.0
2023-09-01,9977860397447356.0,2393.244529965728,88.55000305175781,88.95999908447266,86.73999786376953,86.81999969482422,33224.0,104.23999786376952,104.29000091552734,103.2699966430664,103.62000274658205,0.0
2023-09-04,1.5917163397549156e+16,1936.826886250112,88.55000305175781,88.95999908447266,86.73999786376953,86.81999969482422,33224.0,104.23999786376952,104.29000091552734,103.2699966430664,103.62000274658205,0.0
2023-09-05,7693412206100145.0,1823.178323691919,90.04000091552734,91.18000030517578,88.06999969482422,88.69999694824219,46893.0,104.80999755859376,104.91000366210938,104.11000061035156,104.12999725341795,0.0
2023-09-06,1408438498456626.0,1857.2920207866744,90.5999984741211,91.11000061035156,89.25,89.9800033569336,25396.0,104.86000061035156,105.0199966430664,104.58999633789062,104.75,0.0
2023-09-07,1.876552767990931e+16,2923.0443273264095,89.91999816894531,90.86000061035156,89.47000122070312,90.61000061035156,22300.0,105.05999755859376,105.16000366210938,104.8000030517578,104.86000061035156,0.0
2023-09-08,1.3303674705844912e+16,1400.2521715616583,90.6500015258789,91.0199966430664,89.30000305175781,89.80000305175781,27150.0,105.08999633789062,105.0999984741211,104.66000366210938,105.05999755859376,0.0
2023-09-11,8566698351033945.0,2870.150406884345,90.63999938964844,91.4499969482422,90.12000274658205,90.66000366210938,29901.0,104.56999969482422,104.94000244140624,104.41999816894533,104.94000244140624,0.0
2023-09-12,8886969687693625.0,2992.937643075069,92.05999755859376,92.41999816894533,90.54000091552734,90.55999755859376,31070.0,104.70999908447266,104.91999816894533,104.45999908447266,104.55999755859376,0.0
2023-09-13,7825341902237357.0,2373.4942658164714,91.87999725341795,92.83000183105467,91.62999725341795,91.93000030517578,31803.0,104.7699966430664,104.97000122070312,104.51000213623048,104.58000183105467,0.0
2023-09-14,1529374740878812.0,1128.733371101954,93.6999969482422,94.20999908447266,92.02999877929688,92.1999969482422,36699.0,105.41000366210938,105.44000244140624,104.55999755859376,104.73999786376952,0.0
2023-09-15,9485069085885792.0,2611.1436398003466,93.93000030517578,94.61000061035156,92.66999816894533,94.12999725341795,35162.0,105.31999969482422,105.41000366210938,105.08000183105467,105.37999725341795,0.0
2023-09-18,1.0733093240520118e+16,2020.2724873949865,94.43000030517578,94.9499969482422,93.77999877929688,94.1999969482422,33918.0,105.1999969482422,105.36000061035156,105.0199966430664,105.3000030517578,0.0
2023-09-19,1464651073716389.0,1953.657590113071,94.33999633789062,95.9499969482422,94.16999816894533,94.62999725341795,43614.0,105.1999969482422,105.20999908447266,104.81999969482422,105.08000183105467,0.0
2023-09-20,1.7150096431799224e+16,1930.1506143022,93.52999877929688,94.7300033569336,92.76000213623048,94.4800033569336,43515.0,105.16000366210938,105.44000244140624,104.66999816894533,105.11000061035156,0.0
2023-09-21,1.63233592100265e+16,1964.5662812329415,93.3000030517578,94.5999984741211,92.1999969482422,93.22000122070312,38711.0,105.36000061035156,105.73999786376952,105.27999877929688,105.44000244140624,0.0
2023-09-22,8872724575368243.0,1427.0500509759122,93.2699966430664,94.62999725341795,92.8000030517578,93.31999969482422,31511.0,105.58000183105467,105.77999877929688,105.31999969482422,105.37999725341795,0.0
2023-09-25,7310145304521284.0,1201.1886581886445,93.29000091552734,94.25,92.54000091552734,93.75,18626.0,106.0,106.0999984741211,105.5199966430664,105.56999969482422,0.0
2023-09-26,1.6562062445050156e+16,2358.772272431469,93.95999908447266,94.20999908447266,91.8000030517578,93.26000213623048,18509.0,106.2300033569336,106.26000213623048,105.86000061035156,105.94000244140624,0.0
2023-09-27,8299529290228047.0,1574.587052435743,96.5500030517578,97.04000091552734,94.1500015258789,94.16000366210938,23665.0,106.66999816894533,106.83999633789062,106.16999816894533,106.22000122070312,0.0
2023-09-28,1.0693513982877978e+16,2257.16005124124,95.37999725341795,97.62999725341795,94.75,96.62000274658205,9192.0,106.22000122070312,106.76000213623048,106.0199966430664,106.68000030517578,0.0
2023-09-29,1.8069601789526224e+16,1067.893194047792,95.30999755859376,96.23999786376952,94.95999908447266,95.0999984741211,47666.0,106.16999816894533,106.23999786376952,105.66000366210938,106.1500015258789,0.0
2023-10-02,1.339572758083906e+16,1962.2099323088232,90.70999908447266,93.31999969482422,90.3499984741211,92.19000244140624,38153.0,106.9000015258789,107.02999877929688,106.04000091552734,106.16999816894533,0.0
2023-10-03,1230750821959232.0,1159.652744496403,90.91999816894533,91.55999755859376,89.5199966430664,90.44000244140624,50094.0,107.0,107.3499984741211,106.91000366210938,107.02999877929688,0.0
2023-10-04,1433331969414362.0,2978.651998585207,85.80999755859375,91.19000244140624,85.7300033569336,90.95999908447266,49185.0,106.8000030517578,107.23999786376952,106.51000213623048,107.05999755859376,0.0
2023-10-05,1.6321075437934164e+16,1699.5014489517737,84.06999969482422,86.51000213623047,83.83999633789062,86.02999877929688,44895.0,106.33000183105467,106.86000061035156,106.31999969482422,106.7699966430664,0.0
2023-10-06,1.1134421587140076e+16,1340.0541779067723,84.58000183105469,84.95999908447266,83.44999694824219,84.22000122070312,41254.0,106.04000091552734,106.97000122070312,105.9499969482422,106.36000061035156,0.0
2023-10-09,6494163316840567.0,1243.7989670433833,88.1500015258789,89.0,86.06999969482422,86.3499984741211,37096.0,106.08000183105467,106.5999984741211,106.0199966430664,106.0999984741211,0.0
2023-10-10,1.7413181896698028e+16,1055.0962853992028,87.6500015258789,88.47000122070312,86.91999816894531,88.11000061035156,29704.0,105.83000183105467,106.25,105.66000366210938,106.02999877929688,0.0
2023-10-11,9517191436296528.0,1446.8452360795875,85.81999969482422,88.25,85.22000122070312,87.75,37902.0,105.81999969482422,106.01000213623048,105.55999755859376,105.7300033569336,0.0
2023-10-12,1.0824296575506252e+16,1040.2990380721124,86.0,87.63999938964844,85.18000030517578,85.5999984741211,40488.0,106.56999969482422,106.5999984741211,105.54000091552734,105.66999816894533,0.0
2023-10-13,1755382086467748.0,2755.6681874622973,90.88999938964844,90.98999786376952,86.27999877929688,86.41000366210938,44455.0,106.6500015258789,106.79000091552734,106.29000091552734,106.5199966430664,0.0
2023-10-16,1.1886426859974456e+16,2866.0760737748205,89.6500015258789,91.38999938964844,89.48999786376953,90.91999816894533,28811.0,106.23999786376952,106.62999725341795,106.18000030517578,106.58000183105467,0.0
2023-10-17,1.4239260228797412e+16,2149.1760597657026,89.9000015258789,90.91999816894533,88.87000274658203,90.05999755859375,27054.0,106.25,106.52999877929688,106.0199966430664,106.26000213623048,0.0
2023-10-18,1.4195834618842732e+16,2057.0259571319693,91.5,92.97000122070312,90.5999984741211,90.9000015258789,35456.0,106.56999969482422,106.63999938964844,106.01000213623048,106.22000122070312,0.0
2023-10-19,1.2578914442403872e+16,2819.2799742345624,92.37999725341795,93.47000122070312,89.52999877929688,91.33999633789062,34880.0,106.25,106.66999816894533,105.9800033569336,106.54000091552734,0.0
2023-10-20,5180933839705456.0,2472.048536308558,92.16000366210938,93.79000091552734,91.68000030517578,92.8499984741211,30081.0,106.16000366210938,106.41999816894533,106.06999969482422,106.26000213623048,0.0
2023-10-23,1.1374077392688214e+16,2584.1106045743204,89.83000183105469,92.43000030517578,89.62000274658203,92.12999725341795,36158.0,105.54000091552734,106.33000183105467,105.5199966430664,106.16000366210938,0.0
2023-10-24,1.1741957231642782e+16,2767.689610113987,88.06999969482422,90.66999816894533,87.3499984741211,90.3499984741211,42436.0,106.2699966430664,106.31999969482422,105.36000061035156,105.61000061035156,0.0
2023-10-25,1606236115691659.0,1235.2036357161037,90.12999725341795,90.33999633789062,86.66999816894531,88.13999938964844,47506.0,106.52999877929688,106.56999969482422,106.13999938964844,106.25,0.0
2023-10-26,1.0229075511376926e+16,1149.7348392710162,87.93000030517578,90.36000061035156,87.55000305175781,90.04000091552734,22662.0,106.5999984741211,106.88999938964844,106.52999877929688,106.58000183105467,0.0
2023-10-27,1.2878422164725928e+16,2247.8590604665565,90.4800033569336,90.73999786376952,87.83999633789062,88.26000213623047,21249.0,106.55999755859376,106.8000030517578,106.31999969482422,106.58999633789062,0.0
2023-10-30,7723689596896135.0,1539.6763844511788,87.44999694824219,90.3000030517578,87.22000122070312,90.3000030517578,15413.0,106.12000274658205,106.6999969482422,106.05999755859376,106.58000183105467,0.0
2023-10-31,1.0281422419120216e+16,1194.3394778294662,87.41000366210938,88.52999877929688,87.41000366210938,87.80999755859375,35673.0,106.66000366210938,106.86000061035156,105.91000366210938,106.16000366210938,0.0
2023-11-01,1.4489861416685144e+16,1935.9329001190408,84.62999725341797,87.22000122070312,84.55999755859375,85.44999694824219,36235.0,106.87999725341795,107.11000061035156,106.61000061035156,106.66999816894533,0.0
2023-11-02,1.0163974144223512e+16,2020.9239069995651,86.8499984741211,87.02999877929688,84.61000061035156,84.94000244140625,31512.0,106.12000274658205,106.51000213623048,105.80999755859376,106.5,0.0
2023-11-03,8623503143934845.0,1474.6850138750071,84.88999938964844,87.77999877929688,84.55000305175781,86.86000061035156,36172.0,105.0199966430664,106.22000122070312,104.94000244140624,106.1999969482422,0.0
2023-11-06,1.1583955746516524e+16,1271.7335952261903,85.18000030517578,86.44999694824219,84.91000366210938,85.38999938964844,26524.0,105.22000122070312,105.29000091552734,104.8499984741211,105.06999969482422,0.0
2023-11-07,7463132927068094.0,2514.2108917877026,81.61000061035156,85.31999969482422,81.41999816894531,85.2300033569336,38007.0,105.54000091552734,105.77999877929688,105.2699966430664,105.2699966430664,0.0
2023-11-08,1.9086629168104216e+16,1789.4959167448917,79.54000091552734,81.93000030517578,79.16000366210938,81.47000122070312,36137.0,105.58999633789062,105.87000274658205,105.4499969482422,105.54000091552734,0.0
2023-11-09,1.0058175532157838e+16,2903.8786037130453,80.01000213623047,81.4800033569336,79.44000244140625,79.77999877929688,32592.0,105.91000366210938,105.97000122070312,105.37999725341795,105.52999877929688,0.0
2023-11-10,1.8224922675821444e+16,1903.4041788964096,81.43000030517578,82.05000305175781,79.61000061035156,79.69999694824219,20653.0,105.86000061035156,106.01000213623048,105.73999786376952,105.93000030517578,0.0
2023-11-13,1.2346823997932704e+16,2617.497533790584,82.5199966430664,82.81999969482422,80.41000366210938,81.44999694824219,22380.0,105.66000366210938,105.95999908447266,105.58999633789062,105.8000030517578,0.0
2023-11-14,1935409406854305.0,2858.0177710549533,82.47000122070312,83.97000122070312,82.05000305175781,82.75,25753.0,104.11000061035156,105.7300033569336,103.98999786376952,105.6500015258789,0.0
2023-11-15,7668810970579107.0,2535.203435815563,81.18000030517578,83.01000213623047,80.80000305175781,82.37999725341797,32261.0,104.38999938964844,104.51000213623048,103.9800033569336,104.37999725341795,0.0
2023-11-16,1.545363879758958e+16,2048.9734140625937,77.41999816894531,81.16000366210938,76.5999984741211,80.94000244140625,37692.0,104.37000274658205,104.55999755859376,104.01000213623048,104.36000061035156,0.0
2023-11-17,1.2955117464546574e+16,2274.591418703877,80.61000061035156,80.80000305175781,77.27999877929688,77.52999877929688,35037.0,103.81999969482422,104.5500030517578,103.80999755859376,104.4000015258789,0.0
2023-11-20,1278993140899089.0,2383.3016488694157,82.31999969482422,82.93000030517578,79.97000122070312,80.47000122070312,24121.0,103.47000122070312,103.97000122070312,103.37999725341795,103.81999969482422,0.0
2023-11-21,1955231279701325.0,1630.234072733098,82.44999694824219,82.52999877929688,81.41000366210938,82.12999725341797,22699.0,103.58999633789062,103.70999908447266,103.18000030517578,103.47000122070312,0.0
2023-11-22,5676558097052026.0,2433.2891777210775,81.95999908447266,82.62999725341797,78.41000366210938,82.4000015258789,40651.0,103.91999816894533,104.20999908447266,103.4800033569336,103.5500030517578,0.0
2023-11-23,1.4721452175589154e+16,1038.4031145961833,81.37000274658203,81.62999725341797,80.18000030517578,81.62999725341797,40651.0,103.91999816894533,104.20999908447266,103.4800033569336,103.5500030517578,0.0
2023-11-24,1.6723488227672916e+16,1278.7928226905967,80.58000183105469,82.19999694824219,80.18000030517578,81.62999725341797,19356.0,103.4000015258789,103.83999633789062,103.36000061035156,103.75,0.0
2023-11-27,1905985161970642.0,1134.7164073462015,79.9800033569336,81.18000030517578,79.12999725341797,80.33999633789062,15161.0,103.1999969482422,103.52999877929688,103.19000244140624,103.41999816894533,0.0
2023-11-28,1.2299686530924404e+16,2900.835705126182,81.68000030517578,82.18000030517578,79.83000183105469,80.13999938964844,15095.0,102.75,103.31999969482422,102.61000061035156,103.12999725341795,0.0
2023-11-29,1.8028430636422944e+16,1219.324274588937,83.0999984741211,83.23999786376953,80.95999908447266,81.93000030517578,8045.0,102.7699966430664,103.01000213623048,102.47000122070312,102.6500015258789,0.0
2023-11-30,1.6460274718512156e+16,2017.481098702936,82.83000183105469,84.70999908447266,82.66999816894531,82.87000274658203,59320.0,103.5,103.58999633789062,102.72000122070312,102.83000183105467,0.0
2023-12-01,1.7527809541215744e+16,1861.0474138288591,78.87999725341797,81.5199966430664,78.75,80.47000122070312,29551.0,103.2699966430664,103.72000122070312,103.12000274658205,103.36000061035156,0.0
2023-12-04,1775157690751513.0,2640.5386649116235,78.02999877929688,79.66000366210938,77.5199966430664,79.43000030517578,32582.0,103.63999938964844,103.8499984741211,103.05999755859376,103.19000244140624,0.0
2023-12-05,1349505244102312.0,1635.8342078510032,77.19999694824219,79.06999969482422,76.9800033569336,78.19999694824219,30931.0,104.0500030517578,104.08999633789062,103.5500030517578,103.55999755859376,0.0
2023-12-06,1.6792281230354116e+16,2604.2047303431327,74.30000305175781,77.62999725341797,74.11000061035156,77.05999755859375,34004.0,104.1500015258789,104.2300033569336,103.87000274658205,103.98999786376952,0.0
2023-12-07,1.2579098599602214e+16,2569.3922398792083,74.05000305175781,75.4800033569336,73.61000061035156,74.30000305175781,26600.0,103.54000091552734,104.1999969482422,103.2699966430664,104.11000061035156,0.0
2023-12-08,1.1036358896155984e+16,2875.4762260420134,75.83999633789062,76.36000061035156,74.2300033569336,74.5,21497.0,104.01000213623048,104.26000213623048,103.44000244140624,103.63999938964844,0.0
2023-12-11,159684933742799.0,2306.834548814614,76.02999877929688,76.4800033569336,75.0,75.66000366210938,20413.0,104.0999984741211,104.26000213623048,103.93000030517578,103.9800033569336,0.0
2023-12-12,8801136286692596.0,1408.995796926143,73.23999786376953,76.63999938964844,72.86000061035156,76.25,29568.0,103.87000274658205,104.0999984741211,103.48999786376952,104.02999877929688,0.0
2023-12-13,1.1859113404753692e+16,1200.2678571533734,74.26000213623047,74.69999694824219,72.30000305175781,73.36000061035156,27711.0,102.87000274658205,104.02999877929688,102.77999877929688,103.81999969482422,0.0
2023-12-14,1.6627218231566058e+16,1837.7881421914003,76.61000061035156,77.3499984741211,74.45999908447266,74.70999908447266,28386.0,101.95999908447266,102.8000030517578,101.7699966430664,102.77999877929688,0.0
2023-12-15,1750911330111709.0,2460.5244233323147,76.55000305175781,77.22000122070312,75.33000183105469,76.5999984741211,19442.0,102.5500030517578,102.63999938964844,101.83999633789062,102.0999984741211,0.0
2023-12-18,1343550151132619.0,2048.126693036691,77.94999694824219,79.51000213623047,75.77999877929688,76.97000122070312,30258.0,102.51000213623048,102.62999725341795,102.37999725341795,102.58999633789062,0.0
2023-12-19,6396931222801421.0,1886.811515215313,79.2300033569336,79.66000366210938,77.43000030517578,78.05000305175781,25735.0,102.16999816894533,102.62999725341795,102.06999969482422,102.47000122070312,0.0
2023-12-20,1.3661231596415244e+16,1566.4991383592242,79.69999694824219,80.61000061035156,79.08000183105469,79.25,26913.0,102.41000366210938,102.54000091552734,102.16000366210938,102.19000244140624,0.0
2023-12-21,1.6974145335042342e+16,1951.1522461312352,79.38999938964844,80.12000274658203,77.8499984741211,79.13999938964844,22237.0,101.83999633789062,102.4499969482422,101.73999786376952,102.38999938964844,0.0
2023-12-22,1.1243291727410538e+16,2110.0823405162428,79.06999969482422,80.37000274658203,78.83000183105469,79.44000244140625,12334.0,101.6999969482422,101.9000015258789,101.43000030517578,101.76000213623048,0.0
2023-12-25,5114243342387819.0,2535.474326321777,79.06999969482422,80.37000274658203,78.83000183105469,79.44000244140625,12334.0,101.6999969482422,101.9000015258789,101.43000030517578,101.76000213623048,0.0
2023-12-26,5764801315109042.0,1975.388843647631,81.06999969482422,81.70999908447266,78.80999755859375,79.19000244140625,10247.0,101.47000122070312,101.7699966430664,101.4499969482422,101.6500015258789,0.0
2023-12-27,674141740249669.0,2815.8654373162694,79.6500015258789,81.31999969482422,79.48999786376953,80.73999786376953,8282.0,100.98999786376952,101.56999969482422,100.83000183105467,101.5500030517578,0.0
2023-12-28,1.2571629897940964e+16,2018.038435368694,78.38999938964844,79.95999908447266,78.33999633789062,79.83999633789062,24301.0,101.2300033569336,101.3000030517578,100.62000274658205,100.87000274658205,0.0
2023-12-29,1.4248756278360304e+16,1494.1675810502898,77.04000091552734,77.97000122070312,76.75,77.41999816894531,20115.0,101.33000183105467,101.41999816894533,101.06999969482422,101.1999969482422,0.0
2024-01-01,1.2477162887516106e+16,2461.0662093749825,77.04000091552734,77.97000122070312,76.75,77.41999816894531,20115.0,101.33000183105467,101.41999816894533,101.06999969482422,101.1999969482422,0.0
2024-01-02,6607620890673568.0,1525.7980288067342,75.88999938964844,79.04000091552734,75.5999984741211,77.20999908447266,28591.0,102.1999969482422,102.25,101.33999633789062,101.41999816894533,0.0
2024-01-03,5818173037167358.0,2159.4915332685155,78.25,78.66999816894531,74.79000091552734,75.98999786376953,32172.0,102.45999908447266,102.7300033569336,102.08000183105467,102.1500015258789,0.0
2024-01-04,1178517413227836.0,1778.767131132793,77.58999633789062,79.4000015258789,76.5,78.5,33154.0,102.41999816894533,102.52999877929688,102.1500015258789,102.45999908447266,0.0
2024-01-05,1.7462983416232736e+16,1700.3321641329742,78.76000213623047,79.25,77.5,77.5999984741211,30994.0,102.41000366210938,103.0999984741211,101.91000366210938,102.4000015258789,0.0
2024-01-08,9311386346003868.0,2258.6288524044435,76.12000274658203,78.94999694824219,75.26000213623047,78.5999984741211,32539.0,102.20999908447266,102.62000274658205,102.08000183105467,102.44000244140624,0.0
2024-01-09,9623381688641544.0,1684.6495560696576,77.58999633789062,78.18000030517578,75.95999908447266,76.36000061035156,27914.0,102.56999969482422,102.66000366210938,102.11000061035156,102.22000122070312,0.0
2024-01-10,1.7366128163609256e+16,1713.324702719546,76.80000305175781,78.7300033569336,76.37999725341797,77.45999908447266,34395.0,102.36000061035156,102.63999938964844,102.33999633789062,102.4800033569336,0.0
2024-01-11,8925431112655532.0,2413.1323195789196,77.41000366210938,79.08999633789062,76.6500015258789,76.73999786376953,35565.0,102.29000091552734,102.76000213623048,102.16000366210938,102.3000030517578,0.0
2024-01-12,1914721900714801.0,2560.5758301539836,78.29000091552734,80.73999786376953,77.93000030517578,78.45999908447266,31824.0,102.4000015258789,102.58999633789062,102.08999633789062,102.3000030517578,0.0
2024-01-15,1.1610783199099292e+16,2176.5813845631046,78.29000091552734,80.73999786376953,77.93000030517578,78.45999908447266,31824.0,102.4000015258789,102.58999633789062,102.08999633789062,102.3000030517578,0.0
2024-01-16,1.8397034177201356e+16,1696.449141994343,78.29000091552734,79.38999938964844,76.83000183105469,78.08000183105469,46742.0,103.36000061035156,103.43000030517578,102.73999786376952,102.73999786376952,0.0
2024-01-17,1.8692952159082304e+16,1440.7930720308168,77.87999725341797,78.18000030517578,76.5,77.86000061035156,35892.0,103.4499969482422,103.69000244140624,103.26000213623048,103.36000061035156,0.0
2024-01-18,7434588454842741.0,2376.6451832877133,79.0999984741211,79.30000305175781,77.33999633789062,78.05000305175781,28190.0,103.54000091552734,103.62999725341795,103.1500015258789,103.37000274658205,0.0
2024-01-19,9764497759715808.0,1042.225612191005,78.55999755859375,79.75,78.33000183105469,78.9800033569336,23734.0,103.29000091552734,103.5500030517578,103.23999786376952,103.37000274658205,0.0
2024-01-22,1.2024201160784428e+16,2122.835057190436,80.05999755859375,80.55000305175781,77.81999969482422,78.8499984741211,27825.0,103.33000183105467,103.37000274658205,103.11000061035156,103.23999786376952,0.0
2024-01-23,1.5898811499984358e+16,1326.8142989127637,79.55000305175781,80.44000244140625,78.69999694824219,79.91000366210938,27835.0,103.62000274658205,103.81999969482422,102.9800033569336,103.3499984741211,0.0
2024-01-24,7162295973970885.0,1366.1728671059902,80.04000091552734,80.73999786376953,79.05000305175781,79.73999786376953,22429.0,103.23999786376952,103.5500030517578,102.7699966430664,103.51000213623048,0.0
2024-01-25,1.5789923628628642e+16,1120.6176975639871,82.43000030517578,82.55999755859375,80.06999969482422,80.30999755859375,21420.0,103.56999969482422,103.68000030517578,103.12000274658205,103.3499984741211,0.0
2024-01-26,1.3916270139589378e+16,1433.0116143670118,83.55000305175781,83.83000183105469,81.31999969482422,82.38999938964844,19128.0,103.47000122070312,103.7300033569336,103.1500015258789,103.5199966430664,0.0
2024-01-29,85017706424051.0,2450.610605093994,82.4000015258789,84.79000091552734,82.04000091552734,84.12999725341797,12802.0,103.61000061035156,103.81999969482422,103.4000015258789,103.47000122070312,0.0
2024-01-30,6050968554845736.0,2556.477588796565,82.87000274658203,83.25,81.33999633789062,82.56999969482422,7284.0,103.4000015258789,103.61000061035156,103.30999755859376,103.44000244140624,0.0
2024-01-31,1.4555881197609036e+16,2405.318156977032,81.70999908447266,82.80000305175781,81.70999908447266,82.58999633789062,33486.0,103.2699966430664,103.73999786376952,102.94000244140624,103.41999816894533,0.0
2024-02-01,9354513783680020.0,2981.9173681683424,78.69999694824219,81.55000305175781,78.58000183105469,80.66999816894531,48919.0,103.0500030517578,103.80999755859376,103.0199966430664,103.51000213623048,0.0
2024-02-02,8575357652366897.0,1627.9292639007424,77.33000183105469,79.44000244140625,76.86000061035156,78.91999816894531,32405.0,103.91999816894533,104.04000091552734,102.9000015258789,102.98999786376952,0.0
2024-02-05,794433855872795.0,2659.2736730789948,77.98999786376953,78.33000183105469,76.62000274658203,77.66000366210938,24879.0,104.4499969482422,104.5999984741211,103.98999786376952,103.98999786376952,0.0
2024-02-06,9676144053621878.0,2821.4831659707625,78.58999633789062,79.06999969482422,77.6500015258789,77.94000244140625,24904.0,104.18000030517578,104.58999633789062,104.13999938964844,104.44000244140624,0.0
2024-02-07,1.1832271798349396e+16,2389.869556930124,79.20999908447266,79.47000122070312,78.48999786376953,78.69999694824219,26342.0,104.04000091552734,104.16999816894533,103.94000244140624,104.1500015258789,0.0
2024-02-08,1.0360281557287074e+16,1366.327216894938,81.62999725341797,81.88999938964844,79.0199966430664,79.37999725341797,32568.0,104.1500015258789,104.43000030517578,103.95999908447266,104.02999877929688,0.0
2024-02-09,6175471480033742.0,2116.9371143614703,82.19000244140625,82.45999908447266,81.20999908447266,81.7300033569336,26408.0,104.08000183105467,104.26000213623048,103.9499969482422,104.13999938964844,0.0
2024-02-12,6624224965122828.0,1397.287286754742,82.0,82.20999908447266,80.79000091552734,81.76000213623047,22915.0,104.16999816894533,104.27999877929688,103.9000015258789,104.08000183105467,0.0
2024-02-13,1.40839962024672e+16,1179.2880601388106,82.7699966430664,83.2300033569336,81.95999908447266,82.05000305175781,29306.0,104.95999908447266,104.95999908447266,103.97000122070312,104.18000030517578,0.0
2024-02-14,1076879794261482.0,2981.6915250869365,81.5999984741211,83.61000061035156,81.38999938964844,82.66000366210938,28305.0,104.72000122070312,104.9800033569336,104.66000366210938,104.83999633789062,0.0
2024-02-15,7259147562947051.0,2888.10414576145,82.86000061035156,83.25,80.72000122070312,81.5199966430664,31230.0,104.3000030517578,104.70999908447266,104.18000030517578,104.66000366210938,0.0
2024-02-16,1.6462564052783746e+16,2092.018629507424,83.47000122070312,83.66000366210938,81.9000015258789,82.83000183105469,34125.0,104.27999877929688,104.66999816894533,104.16999816894533,104.3000030517578,0.0
2024-02-19,6395401656876393.0,2873.7418428490932,83.47000122070312,83.66000366210938,81.9000015258789,82.83000183105469,34125.0,104.27999877929688,104.66999816894533,104.16999816894533,104.3000030517578,0.0
2024-02-20,1.4116861618219914e+16,2533.375857448075,82.33999633789062,83.62999725341797,82.05000305175781,83.30000305175781,34581.0,104.08000183105467,104.41000366210938,103.8000030517578,104.31999969482422,0.0
2024-02-21,9175881923862804.0,1058.7435627570983,83.02999877929688,83.16999816894531,81.66999816894531,82.55999755859375,23038.0,104.01000213623048,104.20999908447266,103.94000244140624,104.04000091552734,0.0
2024-02-22,1.7334816381515408e+16,1452.9535718249217,83.66999816894531,83.97000122070312,82.33999633789062,83.16000366210938,27885.0,103.95999908447266,104.12999725341795,103.43000030517578,103.91000366210938,0.0
2024-02-23,1972533916664961.0,1389.4344152853278,81.62000274658203,83.4800033569336,81.44000244140625,83.41999816894531,19427.0,103.94000244140624,104.0500030517578,103.7699966430664,103.9499969482422,0.0
2024-02-26,1.921390439758276e+16,2431.8001062290987,82.52999877929688,83.05999755859375,81.0199966430664,81.58999633789062,15694.0,103.83000183105467,104.0199966430664,103.70999908447266,103.95999908447266,0.0
2024-02-27,1.9624615054318564e+16,1413.3103140299097,83.6500015258789,83.73999786376953,82.0999984741211,82.55000305175781,10882.0,103.83000183105467,103.91999816894533,103.61000061035156,103.77999877929688,0.0
2024-02-28,1.4439722357252168e+16,2307.434236050898,83.68000030517578,84.30000305175781,82.62000274658203,83.4000015258789,6015.0,103.9800033569336,104.23999786376952,103.80999755859376,103.83999633789062,0.0
2024-02-29,1.5842662388131456e+16,2200.004814932319,83.62000274658203,83.73999786376953,83.04000091552734,83.6500015258789,27327.0,104.16000366210938,104.1999969482422,103.66000366210938,103.91999816894533,0.0
2024-03-01,1778991958359739.0,2720.8024256143935,83.55000305175781,84.3499984741211,81.80999755859375,81.97000122070312,30885.0,103.86000061035156,104.29000091552734,103.83999633789062,104.12999725341795,0.0
2024-03-04,1.8730702238358456e+16,2220.6425158168745,82.80000305175781,84.06999969482422,82.58000183105469,83.58999633789062,26396.0,103.83000183105467,103.95999908447266,103.7300033569336,103.88999938964844,0.0
2024-03-05,1864166506041686.0,2591.125497519637,82.04000091552734,83.13999938964844,81.7300033569336,82.97000122070312,37442.0,103.8000030517578,103.9499969482422,103.58000183105467,103.8499984741211,0.0
2024-03-06,1.4015921112706512e+16,1734.01739707576,82.95999908447266,84.05999755859375,81.88999938964844,82.08000183105469,35173.0,103.37000274658205,103.88999938964844,103.1999969482422,103.80999755859376,0.0
2024-03-07,7830176009504572.0,2367.421932951076,82.95999908447266,83.47000122070312,82.06999969482422,82.83999633789062,32447.0,102.81999969482422,103.3499984741211,102.8000030517578,103.30999755859376,0.0
2024-03-08,7740799994180674.0,2374.3515299849937,82.08000183105469,83.83999633789062,81.70999908447266,83.33999633789062,26605.0,102.73999786376952,102.9000015258789,102.36000061035156,102.7300033569336,0.0
2024-03-11,6185205418475194.0,1723.8956492683262,82.20999908447266,82.7300033569336,81.08000183105469,81.91000366210938,28619.0,102.87000274658205,102.93000030517578,102.63999938964844,102.73999786376952,0.0
2024-03-12,1886892730372712.0,1955.0394338091603,81.91999816894531,83.01000213623047,81.69000244140625,82.43000030517578,29951.0,102.95999908447266,103.18000030517578,102.72000122070312,102.81999969482422,0.0
2024-03-13,1.4709288938466324e+16,1890.9520257474371,84.02999877929688,84.22000122070312,81.97000122070312,82.38999938964844,34043.0,102.79000091552734,103.0199966430664,102.66999816894533,102.93000030517578,0.0
2024-03-14,1.6642335755754602e+16,2535.442830692915,85.41999816894531,85.68000030517578,83.94000244140625,83.9800033569336,34250.0,103.36000061035156,103.4000015258789,102.73999786376952,102.76000213623048,0.0
2024-03-15,1.509765242827386e+16,2568.2932630781606,85.33999633789062,85.55000305175781,84.62999725341797,85.12999725341797,23623.0,103.43000030517578,103.48999786376952,103.3000030517578,103.38999938964844,0.0
2024-03-18,9342646932353126.0,1823.7536653838235,86.88999938964844,87.18000030517578,85.26000213623047,85.37999725341797,33687.0,103.58000183105467,103.6500015258789,103.33999633789062,103.4499969482422,0.0
2024-03-19,1510677040324773.0,1891.5037641727752,87.37999725341797,87.70999908447266,86.48999786376953,86.8499984741211,30045.0,103.80999755859376,104.05999755859376,103.58000183105467,103.58999633789062,0.0
2024-03-20,1.1121068841001884e+16,2886.410841712708,85.94999694824219,87.3499984741211,85.58000183105469,87.22000122070312,35304.0,103.41000366210938,104.1500015258789,103.37999725341795,103.83999633789062,0.0
2024-03-21,1.8323859830685636e+16,2886.573270446797,85.77999877929688,86.63999938964844,85.05000305175781,86.16000366210938,23829.0,104.0,104.0500030517578,103.16999816894533,103.23999786376952,0.0
2024-03-22,1221412110894879.0,2449.354287082412,85.43000030517578,86.1500015258789,85.11000061035156,85.55000305175781,14778.0,104.43000030517578,104.5,103.91999816894533,103.98999786376952,0.0
2024-03-25,5036851017255323.0,1062.598679188185,86.75,87.18000030517578,85.4000015258789,85.5999984741211,21176.0,104.2300033569336,104.4800033569336,104.13999938964844,104.43000030517578,0.0
2024-03-26,5495335292322037.0,1101.2248091755357,86.25,87.05000305175781,85.80999755859375,86.7699966430664,12736.0,104.29000091552734,104.33999633789062,104.01000213623048,104.22000122070312,0.0
2024-03-27,1.948153119260067e+16,1206.6614654788282,86.08999633789062,86.36000061035156,85.18000030517578,85.97000122070312,8449.0,104.3499984741211,104.45999908447266,104.22000122070312,104.3000030517578,0.0
2024-03-28,9878049070201138.0,2888.4671547838193,87.4800033569336,87.4800033569336,86.31999969482422,86.52999877929688,30759.0,104.5500030517578,104.7300033569336,104.30999755859376,104.44000244140624,0.0
2024-03-29,1260108786569445.0,2044.515919608473,87.4800033569336,87.4800033569336,86.31999969482422,86.52999877929688,30759.0,104.5500030517578,104.7300033569336,104.30999755859376,104.44000244140624,0.0
2024-04-01,8647480373177123.0,2883.453688327421,87.41999816894531,87.98999786376953,86.4000015258789,86.93000030517578,29598.0,105.0199966430664,105.08000183105467,104.41999816894533,104.48999786376952,0.0
2024-04-02,1475368435893256.0,1605.3531221074509,88.91999816894531,89.27999877929688,87.6500015258789,87.80000305175781,40754.0,104.81999969482422,105.0999984741211,104.68000030517578,105.0,0.0
2024-04-03,1.4720462032856724e+16,2765.181855122787,89.3499984741211,89.9800033569336,88.68000030517578,89.20999908447266,35138.0,104.25,104.83999633789062,104.2300033569336,104.7699966430664,0.0
2024-04-04,1.3209592595598332e+16,1891.6861463342527,90.6500015258789,91.3000030517578,88.7300033569336,89.5,38764.0,104.12000274658205,104.26000213623048,103.91999816894533,104.2300033569336,0.0
2024-04-05,1710977630416772.0,1531.2135997999749,91.16999816894533,91.91000366210938,90.56999969482422,91.01000213623048,37391.0,104.3000030517578,104.69000244140624,104.13999938964844,104.20999908447266,0.0
2024-04-08,8725853596138707.0,1647.4987581950438,90.37999725341795,91.0999984741211,88.80000305175781,90.30999755859376,39142.0,104.13999938964844,104.44000244140624,104.0999984741211,104.29000091552734,0.0
2024-04-09,1.3063281870595276e+16,2372.591269429979,89.41999816894531,90.94000244140624,89.2699966430664,90.5500030517578,33993.0,104.1500015258789,104.1999969482422,103.87999725341795,104.12000274658205,0.0
2024-04-10,1439176206579852.0,1969.445529888124,90.4800033569336,90.66000366210938,88.83000183105469,89.51000213623047,51136.0,105.25,105.3000030517578,104.0199966430664,104.0999984741211,0.0
2024-04-11,1.1828368701222588e+16,2488.897440243271,89.73999786376953,90.91999816894533,89.37000274658203,90.54000091552734,47337.0,105.27999877929688,105.52999877929688,105.02999877929688,105.18000030517578,0.0
2024-04-12,19478723253833.0,2195.6549848102786,90.4499969482422,92.18000030517578,90.01000213623047,90.29000091552734,43560.0,106.04000091552734,106.11000061035156,105.23999786376952,105.27999877929688,0.0
2024-04-15,1.5598257678885544e+16,1877.2063059390591,90.0999984741211,91.1500015258789,88.7300033569336,90.37000274658205,35488.0,106.20999908447266,106.25,105.83999633789062,106.01000213623048,0.0
2024-04-16,9298498255279038.0,2606.352687709171,90.0199966430664,90.83000183105467,89.41000366210938,90.43000030517578,34348.0,106.26000213623048,106.5199966430664,106.06999969482422,106.16999816894533,0.0
2024-04-17,7127690814527555.0,1328.487021573024,87.29000091552734,90.1500015258789,87.13999938964844,90.05000305175781,45933.0,105.9499969482422,106.44000244140624,105.87000274658205,106.33000183105467,0.0
2024-04-18,1.2303640802343402e+16,1029.4850869064562,87.11000061035156,87.79000091552734,86.0999984741211,87.44000244140625,38630.0,106.1500015258789,106.18000030517578,105.73999786376952,105.93000030517578,0.0
2024-04-19,180018728394857.0,2921.628130992526,87.29000091552734,90.77999877929688,86.16000366210938,86.95999908447266,45203.0,106.1500015258789,106.3499984741211,105.8499984741211,106.19000244140624,0.0
2024-04-22,1.6348504744247386e+16,2842.780380785351,87.0,87.25,85.79000091552734,87.04000091552734,32395.0,106.08000183105467,106.4000015258789,105.9800033569336,106.12000274658205,0.0
2024-04-23,930905326406852.0,2548.703934466822,88.41999816894531,88.48999786376953,86.04000091552734,87.2300033569336,35381.0,105.69000244140624,106.23999786376952,105.61000061035156,106.12000274658205,0.0
2024-04-24,1252881640071127.0,2710.388344572968,88.0199966430664,88.80000305175781,87.6500015258789,88.45999908447266,26662.0,105.86000061035156,105.9499969482422,105.58999633789062,105.69000244140624,0.0
2024-04-25,1.1378555012843532e+16,1477.6069735304316,89.01000213623047,89.26000213623047,87.29000091552734,88.11000061035156,24588.0,105.5999984741211,106.0,105.51000213623048,105.81999969482422,0.0
2024-04-26,1560407878440382.0,1320.9935079728834,89.5,89.83000183105469,88.80000305175781,89.20999908447266,15475.0,105.94000244140624,106.19000244140624,105.41000366210938,105.58000183105467,0.0
2024-04-29,1.943825394807394e+16,1543.309575940218,88.4000015258789,89.30000305175781,88.0999984741211,89.25,15093.0,105.58000183105467,106.08000183105467,105.45999908447266,106.08000183105467,0.0
2024-04-30,1.7346387613286264e+16,1518.448652175297,87.86000061035156,88.70999908447266,87.47000122070312,88.31999969482422,39816.0,106.22000122070312,106.3499984741211,105.66999816894533,105.66999816894533,0.0
2024-05-01,1.921268998474307e+16,2121.36647898761,83.44000244140625,85.95999908447266,83.29000091552734,85.95999908447266,48165.0,105.76000213623048,106.48999786376952,105.44000244140624,106.31999969482422,0.0
2024-05-02,1.1479760686374048e+16,2353.216483548834,83.66999816894531,84.41999816894531,83.02999877929688,83.55999755859375,39951.0,105.3000030517578,105.9000015258789,105.3000030517578,105.7300033569336,0.0
2024-05-03,1.5733735664154076e+16,1136.290854629402,82.95999908447266,84.4000015258789,82.80000305175781,83.80000305175781,31511.0,105.02999877929688,105.37000274658205,104.5199966430664,105.30999755859376,0.0
2024-05-06,1.3185302749629184e+16,2108.6154894271963,83.33000183105469,83.81999969482422,82.76000213623047,82.9800033569336,23246.0,105.0500030517578,105.1999969482422,104.87000274658205,105.08000183105467,0.0
2024-05-07,5166466309527207.0,2777.8857738090455,83.16000366210938,83.87000274658203,82.4000015258789,83.58999633789062,33414.0,105.41000366210938,105.4499969482422,105.02999877929688,105.13999938964844,0.0
2024-05-08,1.989283940042152e+16,2196.6657757471844,83.58000183105469,83.81999969482422,81.72000122070312,83.04000091552734,35419.0,105.5500030517578,105.63999938964844,105.38999938964844,105.41999816894533,0.0
2024-05-09,1798802605146684.0,2744.635855368306,83.87999725341797,84.33000183105469,83.45999908447266,83.77999877929688,25231.0,105.2300033569336,105.73999786376952,105.20999908447266,105.5199966430664,0.0
2024-05-10,7601188381482718.0,2263.3856148013942,82.79000091552734,84.5199966430664,82.70999908447266,84.20999908447266,25062.0,105.30999755859376,105.4000015258789,105.13999938964844,105.20999908447266,0.0
2024-05-13,1.3035643341813644e+16,2055.868799655056,83.36000061035156,83.83000183105469,82.26000213623047,82.69999694824219,29242.0,105.22000122070312,105.37000274658205,105.05999755859376,105.30999755859376,0.0
2024-05-14,5946110028208865.0,1691.0414611713363,82.37999725341797,83.62000274658203,82.0999984741211,83.5,33169.0,105.01000213623048,105.45999908447266,104.95999908447266,105.1999969482422,0.0
2024-05-15,1.3500314949968816e+16,2970.6812262364633,82.75,83.06999969482422,81.05999755859375,82.7699966430664,41744.0,104.3499984741211,105.05999755859376,104.29000091552734,105.0500030517578,0.0
2024-05-16,1.6875323836613528e+16,1089.325804242167,83.2699966430664,83.77999877929688,82.30999755859375,82.93000030517578,27576.0,104.45999908447266,104.62999725341795,104.08000183105467,104.20999908447266,0.0
2024-05-17,1.6738636382661908e+16,2021.1612026923317,83.9800033569336,84.04000091552734,83.08999633789062,83.44000244140625,23516.0,104.4499969482422,104.8000030517578,104.38999938964844,104.5,0.0
2024-05-20,9977203966802546.0,2305.4952883908263,83.70999908447266,84.5,83.12000274658203,84.0,22320.0,104.56999969482422,104.6500015258789,104.38999938964844,104.5,0.0
2024-05-21,1.2136480589694188e+16,2304.4827139534423,82.87999725341797,83.73999786376953,82.05999755859375,83.69999694824219,29726.0,104.66000366210938,104.7699966430664,104.4800033569336,104.5999984741211,0.0
2024-05-22,1.4155900048632664e+16,1729.76232021559,81.9000015258789,82.63999938964844,81.58000183105469,82.4800033569336,32042.0,104.94000244140624,104.97000122070312,104.55999755859376,104.62000274658205,0.0
2024-05-23,1.4708864628564528e+16,1415.870241300117,81.36000061035156,82.97000122070312,80.93000030517578,81.69000244140625,27035.0,105.11000061035156,105.11000061035156,104.62999725341795,104.9000015258789,0.0
2024-05-24,1380359199887415.0,1916.248906386279,82.12000274658203,82.44999694824219,80.66000366210938,81.54000091552734,17991.0,104.72000122070312,105.12000274658205,104.63999938964844,105.04000091552734,0.0
2024-05-27,91210867891387.0,1884.40277559262,82.12000274658203,82.44999694824219,80.66000366210938,81.54000091552734,17991.0,104.72000122070312,105.12000274658205,104.63999938964844,105.04000091552734,0.0
2024-05-28,691113763981477.0,1292.3595563525832,84.22000122070312,84.62999725341797,82.06999969482422,82.1500015258789,23477.0,104.61000061035156,104.63999938964844,104.33999633789062,104.58000183105467,0.0
2024-05-29,1.3368066550375258e+16,2189.5038460249702,83.5999984741211,85.01000213623047,83.30000305175781,84.62000274658203,15987.0,105.0999984741211,105.13999938964844,104.58999633789062,104.63999938964844,0.0
2024-05-30,6866186803036125.0,1869.8112820766503,81.86000061035156,83.76000213623047,81.81999969482422,83.5,9220.0,104.72000122070312,105.18000030517578,104.62999725341795,105.12999725341795,0.0
2024-05-31,1.2077808606877122e+16,2957.066699418346,81.62000274658203,82.12000274658203,81.18000030517578,81.77999877929688,33414.0,104.66999816894533,104.9000015258789,104.36000061035156,104.76000213623048,0.0
2024-06-03,5315633444633423.0,1973.7419561026377,78.36000061035156,81.62999725341797,78.08999633789062,81.19000244140625,42771.0,104.13999938964844,104.7699966430664,104.05999755859376,104.62999725341795,0.0
2024-06-04,1.7723049258417644e+16,1326.8804468249775,77.5199966430664,78.20999908447266,76.75,78.16000366210938,41209.0,104.11000061035156,104.33000183105467,103.98999786376952,104.0500030517578,0.0
2024-06-05,6364502619993447.0,2163.264772962038,78.41000366210938,78.5999984741211,77.13999938964844,77.16999816894531,37039.0,104.2699966430664,104.45999908447266,104.12999725341795,104.16999816894533,0.0
2024-06-06,5527401385500783.0,1658.272964261264,79.87000274658203,80.06999969482422,78.37000274658203,78.58000183105469,36186.0,104.0999984741211,104.37000274658205,104.0500030517578,104.25,0.0
2024-06-07,601802953871681.0,1306.126245726678,79.62000274658203,80.37999725341797,79.33000183105469,80.0199966430664,26371.0,104.88999938964844,104.9499969482422,104.0,104.08999633789062,0.0
2024-06-10,1.4232872037094468e+16,1966.895849642419,81.62999725341797,82.16000366210938,79.3499984741211,79.41000366210938,36413.0,105.1500015258789,105.38999938964844,105.04000091552734,105.04000091552734,0.0
2024-06-11,1.5267160335060408e+16,2013.6453562450256,81.91999816894531,82.36000061035156,81.19999694824219,81.97000122070312,35178.0,105.2300033569336,105.45999908447266,105.0999984741211,105.1500015258789,0.0
2024-06-12,1746425272004078.0,1512.183683234939,82.5999984741211,83.33999633789062,81.97000122070312,82.12000274658203,40802.0,104.6500015258789,105.31999969482422,104.26000213623048,105.27999877929688,0.0
2024-06-13,982230653755965.0,2061.723991416761,82.75,83.04000091552734,81.80000305175781,82.54000091552734,39191.0,105.1999969482422,105.27999877929688,104.63999938964844,104.69000244140624,0.0
2024-06-14,86166100022339.0,1169.3440319176095,82.62000274658203,83.38999938964844,81.91999816894531,82.13999938964844,39346.0,105.5500030517578,105.80999755859376,105.18000030517578,105.2300033569336,0.0
2024-06-17,1585737008547581.0,2416.631414195667,84.25,84.55000305175781,82.11000061035156,82.62000274658203,32978.0,105.31999969482422,105.6500015258789,105.30999755859376,105.51000213623048,0.0
2024-06-18,6996844622380765.0,1428.06944401522,85.33000183105469,85.4800033569336,83.66000366210938,84.4000015258789,45690.0,105.26000213623048,105.55999755859376,105.12999725341795,105.3000030517578,0.0
2024-06-19,6826922950780346.0,2497.6344987356347,85.33000183105469,85.4800033569336,83.66000366210938,84.4000015258789,45690.0,105.26000213623048,105.55999755859376,105.12999725341795,105.3000030517578,0.0
2024-06-20,15153335369853.0,2607.106274806215,85.70999908447266,85.97000122070312,84.88999938964844,85.37999725341797,52543.0,105.58999633789062,105.66999816894533,105.1999969482422,105.1999969482422,0.0
2024-06-21,1.3169956896415216e+16,2720.131066448138,85.23999786376953,86.2300033569336,84.83999633789062,85.68000030517578,25055.0,105.8000030517578,105.91999816894533,105.54000091552734,105.63999938964844,0.0
2024-06-24,1.4544998915521592e+16,2390.993515878267,86.01000213623047,86.16999816894531,84.7300033569336,85.08999633789062,28043.0,105.47000122070312,105.9000015258789,105.37000274658205,105.83000183105467,0.0
2024-06-25,1404009980206944.0,2404.707252480061,85.01000213623047,86.31999969482422,84.76000213623047,86.1500015258789,26591.0,105.61000061035156,105.77999877929688,105.37000274658205,105.51000213623048,0.0
2024-06-26,1051942339469202.0,1290.485918382442,85.25,85.81999969482422,84.4800033569336,84.88999938964844,18107.0,106.0500030517578,106.12999725341795,105.61000061035156,105.66000366210938,0.0
2024-06-27,1.8355337849342584e+16,1021.0250143939704,86.38999938964844,86.51000213623047,84.88999938964844,85.25,11216.0,105.91000366210938,106.08000183105467,105.70999908447266,106.06999969482422,0.0
2024-06-28,1.3007331594397006e+16,2135.9932555787263,86.41000366210938,87.2300033569336,86.29000091552734,86.54000091552734,38920.0,105.87000274658205,106.12999725341795,105.75,105.91999816894533,0.0
2024-07-01,1.3838495289062414e+16,1007.771128899836,86.5999984741211,86.87999725341797,84.87999725341797,84.9000015258789,55468.0,105.9000015258789,105.9800033569336,105.43000030517578,105.8499984741211,0.0
2024-07-02,1.1215533767772936e+16,1063.8834506113428,86.23999786376953,87.44999694824219,86.16999816894531,86.69000244140625,52311.0,105.72000122070312,106.0500030517578,105.68000030517578,105.8499984741211,0.0
2024-07-03,5429007269545164.0,1331.4569831816882,87.33999633789062,87.37999725341797,85.88999938964844,86.5,39021.0,105.4000015258789,105.8000030517578,105.0500030517578,105.66999816894533,0.0
2024-07-04,5278396375802062.0,2528.4866254785584,87.33999633789062,87.37999725341797,85.88999938964844,86.5,39021.0,105.4000015258789,105.8000030517578,105.0500030517578,105.66999816894533,0.0
2024-07-05,8046968348841974.0,1183.046229580007,86.54000091552734,87.94999694824219,86.48999786376953,87.02999877929688,51456.0,104.87999725341795,105.16999816894533,104.83000183105467,105.16999816894533,0.0
2024-07-08,1.8822183088238476e+16,1003.4550433817352,85.75,86.91000366210938,85.55000305175781,86.75,36568.0,105.01000213623048,105.02999877929688,104.8000030517578,104.87999725341795,0.0
2024-07-09,1.3097624551971146e+16,2714.3173784533524,84.66000366210938,85.8499984741211,84.54000091552734,85.68000030517578,44667.0,105.12000274658205,105.20999908447266,104.95999908447266,104.98999786376952,0.0
2024-07-10,166611226284738.0,1910.323741555568,85.08000183105469,85.6500015258789,84.0,85.01000213623047,51274.0,105.0500030517578,105.16999816894533,104.9800033569336,105.12000274658205,0.0
2024-07-11,1.0420706364156932e+16,1478.612959797212,85.4000015258789,85.88999938964844,84.6500015258789,85.41999816894531,47743.0,104.44000244140624,105.0,104.08000183105467,104.98999786376952,0.0
2024-07-12,143134091050384.0,1066.816356294438,85.02999877929688,86.33999633789062,84.95999908447266,85.58999633789062,48430.0,104.08999633789062,104.5500030517578,104.04000091552734,104.5199966430664,0.0
2024-07-15,8974217612232687.0,2314.002134938719,84.8499984741211,85.36000061035156,84.41000366210938,85.02999877929688,36586.0,104.19000244140624,104.31999969482422,104.02999877929688,104.08000183105467,0.0
2024-07-16,1.2945610827430172e+16,1406.443176452355,83.7300033569336,84.87000274658203,83.30000305175781,84.86000061035156,45546.0,104.2699966430664,104.51000213623048,104.1999969482422,104.25,0.0
2024-07-17,8724723333990479.0,1191.315524949284,85.08000183105469,85.19999694824219,83.44000244140625,83.83999633789062,44273.0,103.75,104.29000091552734,103.6500015258789,104.22000122070312,0.0
2024-07-18,6592502453364854.0,1548.7875963601764,85.11000061035156,85.81999969482422,84.22000122070312,85.19999694824219,45867.0,104.16999816894533,104.2300033569336,103.6500015258789,103.6999969482422,0.0
2024-07-19,7103269886683842.0,1732.3686734421228,82.62999725341797,85.3499984741211,82.56999969482422,84.80000305175781,45739.0,104.4000015258789,104.41999816894533,104.12999725341795,104.16000366210938,0.0
2024-07-22,1946556886342683.0,2160.36935757111,82.4000015258789,83.20999908447266,81.58999633789062,82.83000183105469,36408.0,104.30999755859376,104.41999816894533,104.18000030517578,104.37000274658205,0.0
2024-07-23,1.0366462387801394e+16,1177.3966339303497,81.01000213623047,82.77999877929688,80.5199966430664,82.20999908447266,45436.0,104.4499969482422,104.54000091552734,104.1999969482422,104.30999755859376,0.0
2024-07-24,197543471132226.0,2428.191340042892,81.70999908447266,82.22000122070312,80.94000244140625,81.48999786376953,47261.0,104.38999938964844,104.55999755859376,104.12000274658205,104.4800033569336,0.0
2024-07-25,1724920363709148.0,1556.7944727506658,82.37000274658203,82.5199966430664,80.08999633789062,81.52999877929688,51868.0,104.36000061035156,104.45999908447266,104.08000183105467,104.37999725341795,0.0
2024-07-26,1.7657386143183594e+16,2725.272396661456,81.12999725341797,82.69000244140625,80.31999969482422,82.44999694824219,27491.0,104.31999969482422,104.4499969482422,104.20999908447266,104.36000061035156,0.0
2024-07-29,1.5670198700647948e+16,1165.015930834518,79.77999877929688,81.72000122070312,79.37999725341797,81.0199966430664,22531.0,104.55999755859376,104.75,104.13999938964844,104.33000183105467,0.0
2024-07-30,9306243732311352.0,2470.718809805026,78.62999725341797,79.94999694824219,78.41999816894531,79.83999633789062,15035.0,104.5500030517578,104.8000030517578,104.45999908447266,104.55999755859376,0.0
2024-07-31,1.9189881083024784e+16,2812.0895199204165,80.72000122070312,80.83999633789062,79.0,79.05999755859375,54838.0,104.0999984741211,104.52999877929688,103.93000030517578,104.43000030517578,0.0
2024-08-01,1.5484704668121838e+16,2028.080276950608,79.5199966430664,81.80000305175781,79.44000244140625,81.51000213623047,44000.0,104.41999816894533,104.4499969482422,103.86000061035156,104.06999969482422,0.0
2024-08-02,1.4309498941340236e+16,1889.2756285414723,76.80999755859375,80.44999694824219,76.41999816894531,80.04000091552734,58894.0,103.20999908447266,104.43000030517578,103.12999725341795,104.30999755859376,0.0
2024-08-05,1.528118932627678e+16,2306.555304290494,76.30000305175781,77.75,75.05000305175781,77.44000244140625,59442.0,102.69000244140624,103.27999877929688,102.16000366210938,103.22000122070312,0.0
2024-08-06,7941460062248235.0,2614.052189527382,76.4800033569336,77.80000305175781,75.58999633789062,77.2300033569336,45238.0,102.97000122070312,103.2300033569336,102.6999969482422,102.77999877929688,0.0
2024-08-07,1039392413724788.0,2763.249016925822,78.33000183105469,78.86000061035156,75.94999694824219,76.19999694824219,49730.0,103.1999969482422,103.37000274658205,102.91999816894533,102.9499969482422,0.0
2024-08-08,1.2581884712209994e+16,1594.3487092114754,79.16000366210938,79.37000274658203,77.62999725341797,78.4800033569336,40462.0,103.20999908447266,103.5500030517578,102.91999816894533,103.08999633789062,0.0
2024-08-09,1.9787470619503224e+16,2309.776379400413,79.66000366210938,79.81999969482422,78.7699966430664,79.01000213623047,32227.0,103.13999938964844,103.3000030517578,103.02999877929688,103.2699966430664,0.0
2024-08-12,1.968812094519245e+16,1385.8917946997003,82.30000305175781,82.4000015258789,79.4800033569336,79.66999816894531,45234.0,103.13999938964844,103.30999755859376,103.08999633789062,103.1500015258789,0.0
2024-08-13,1.5718239678602596e+16,1173.3793195656217,80.69000244140625,82.30000305175781,80.55000305175781,81.98999786376953,50485.0,102.55999755859376,103.2699966430664,102.5500030517578,103.08999633789062,0.0
2024-08-14,9469610586492224.0,2926.294322862703,79.76000213623047,81.44000244140625,79.61000061035156,80.9800033569336,50327.0,102.56999969482422,102.72000122070312,102.2699966430664,102.61000061035156,0.0
2024-08-15,1.4939429475441248e+16,2221.8887457238397,81.04000091552734,81.41000366210938,79.6500015258789,79.98999786376953,33165.0,102.9800033569336,103.2300033569336,102.54000091552734,102.62999725341795,0.0
2024-08-16,1.5642681531469834e+16,2080.457736833472,79.68000030517578,81.0,78.63999938964844,80.95999908447266,33753.0,102.45999908447266,103.0500030517578,102.38999938964844,103.04000091552734,0.0
2024-08-19,1.5933618704821576e+16,1005.326168942506,77.66000366210938,79.75,77.5,79.6500015258789,45853.0,101.88999938964844,102.4800033569336,101.8499984741211,102.4000015258789,0.0
2024-08-20,6369741658937119.0,2620.582711452013,77.19999694824219,78.33999633789062,76.54000091552734,77.73999786376953,39162.0,101.44000244140624,102.01000213623048,101.36000061035156,101.87999725341795,0.0
2024-08-21,1376866579159923.0,2859.921224543762,76.05000305175781,78.19999694824219,75.6500015258789,77.08000183105469,45081.0,101.04000091552734,101.62999725341795,100.91999816894533,101.3499984741211,0.0
2024-08-22,1.181292851227278e+16,1940.4954779156772,77.22000122070312,77.69999694824219,75.77999877929688,76.16000366210938,33822.0,101.51000213623048,101.62999725341795,101.08999633789062,101.12999725341795,0.0
2024-08-23,61430426626666.0,1037.3323389093184,79.0199966430664,79.26000213623047,77.05000305175781,77.12000274658203,19275.0,100.72000122070312,101.5500030517578,100.5999984741211,101.45999908447266,0.0
2024-08-26,9038081615024156.0,1249.8762628689014,81.43000030517578,81.58000183105469,79.23999786376953,79.31999969482422,25997.0,100.8499984741211,100.91999816894533,100.52999877929688,100.68000030517578,0.0
2024-08-27,1.8885300850386516e+16,1290.3078020131484,79.55000305175781,81.56999969482422,79.4800033569336,81.22000122070312,21261.0,100.5500030517578,100.93000030517578,100.51000213623048,100.81999969482422,0.0
2024-08-28,714931482682284.0,1071.7457013289657,78.6500015258789,80.01000213623047,77.93000030517578,79.83999633789062,16512.0,101.08999633789062,101.18000030517578,100.56999969482422,100.56999969482422,0.0
2024-08-29,7177220803276599.0,2148.3040890365814,79.94000244140625,80.79000091552734,78.11000061035156,78.36000061035156,9726.0,101.33999633789062,101.58000183105467,100.88999938964844,101.0,0.0
2024-08-30,1.4343072524990048e+16,2382.1662171835587,78.80000305175781,80.5,78.5999984741211,79.5199966430664,50268.0,101.6999969482422,101.77999877929688,101.25,101.37999725341795,0.0
2024-09-02,7630208263185374.0,2130.344742223551,78.80000305175781,80.5,78.5999984741211,79.5199966430664,50268.0,101.6999969482422,101.77999877929688,101.25,101.37999725341795,0.0
2024-09-03,9784708706322424.0,2120.703809214097,73.75,77.61000061035156,73.5199966430664,76.88999938964844,70646.0,101.83000183105467,101.91999816894533,101.55999755859376,101.66000366210938,0.0
2024-09-04,1290174297330355.0,1728.2656775141304,72.69999694824219,74.79000091552734,72.3499984741211,73.68000030517578,56979.0,101.36000061035156,101.77999877929688,101.23999786376952,101.69000244140624,0.0
2024-09-05,1.2470358784747432e+16,2905.22834617412,72.69000244140625,74.18000030517578,72.36000061035156,72.62000274658203,47879.0,101.11000061035156,101.37000274658205,100.95999908447266,101.27999877929688,0.0
2024-09-06,1.9533533445704416e+16,2251.972523664214,71.05999755859375,73.5199966430664,70.62000274658203,72.8499984741211,36035.0,101.18000030517578,101.4000015258789,100.58000183105467,101.05999755859376,0.0
2024-09-09,1.3301802409770976e+16,2533.505775793843,71.83999633789062,72.22000122070312,70.6500015258789,71.5199966430664,35995.0,101.5500030517578,101.6999969482422,101.13999938964844,101.19000244140624,0.0
2024-09-10,1.4288656958841924e+16,1990.4236115048643,69.19000244140625,72.26000213623047,68.69000244140625,71.9000015258789,47963.0,101.62999725341795,101.7699966430664,101.54000091552734,101.63999938964844,0.0
2024-09-11,1.7173496611025756e+16,1774.8737080311794,70.61000061035156,71.08000183105469,69.01000213623047,69.68000030517578,42995.0,101.68000030517578,101.81999969482422,101.2699966430664,101.66000366210938,0.0
2024-09-12,1.2656582017479708e+16,1737.5775478320556,71.97000122070312,72.86000061035156,70.58999633789062,70.72000122070312,42690.0,101.37000274658205,101.83999633789062,101.2300033569336,101.77999877929688,0.0
2024-09-13,1.4987897054991428e+16,1592.4442684127896,71.61000061035156,73.2300033569336,71.4800033569336,72.37000274658203,34281.0,101.11000061035156,101.1999969482422,100.87999725341795,101.1999969482422,0.0
2024-09-16,1.5206451745057676e+16,2353.8357615792984,72.75,73.37999725341797,71.5199966430664,72.0199966430664,36417.0,100.76000213623048,101.0999984741211,100.58999633789062,101.04000091552734,0.0
2024-09-17,7170543052684403.0,1769.0479185240974,73.69999694824219,74.2699966430664,72.16999816894531,73.01000213623047,38565.0,100.88999938964844,101.02999877929688,100.56999969482422,100.76000213623048,0.0
2024-09-18,1259451959405991.0,2969.3093471255825,73.6500015258789,74.08999633789062,72.30999755859375,73.68000030517578,35693.0,100.5999984741211,101.1500015258789,100.22000122070312,100.94000244140624,0.0
2024-09-19,9523493413912382.0,1051.6891300347847,74.87999725341797,75.19000244140625,72.87999725341797,72.9000015258789,36126.0,100.61000061035156,101.47000122070312,100.5199966430664,101.01000213623048,0.0
2024-09-20,1956613896802776.0,1008.9010452727464,74.48999786376953,75.01000213623047,74.0,74.87999725341797,27358.0,100.72000122070312,101.0199966430664,100.41000366210938,100.69000244140624,0.0
2024-09-23,6412292298150481.0,1772.5500861727744,73.9000015258789,75.16000366210938,73.11000061035156,74.76000213623047,29116.0,100.91999816894533,101.2300033569336,100.72000122070312,100.73999786376952,0.0
2024-09-24,9145584559108656.0,1628.5329220036158,75.16999816894531,75.87000274658203,73.97000122070312,74.27999877929688,31341.0,100.37000274658205,101.0500030517578,100.33999633789062,100.97000122070312,0.0
2024-09-25,1.6230488318091896e+16,2304.203960731278,73.45999908447266,75.31999969482422,73.04000091552734,75.12999725341797,31571.0,100.91999816894533,100.98999786376952,100.22000122070312,100.27999877929688,0.0
2024-09-26,6236872008241014.0,1953.0460164973867,71.5999984741211,73.7699966430664,70.7699966430664,73.47000122070312,18234.0,100.55999755859376,100.97000122070312,100.4800033569336,100.93000030517578,0.0
2024-09-27,1.901114518337881e+16,1468.450532222617,71.9800033569336,72.36000061035156,70.93000030517578,71.23999786376953,7872.0,100.41999816894533,100.87999725341795,100.16000366210938,100.58999633789062,0.0
2024-09-30,1.986374253661109e+16,2674.838395505242,71.7699966430664,73.0999984741211,71.38999938964844,71.83999633789062,41928.0,100.77999877929688,100.91999816894533,100.18000030517578,100.41999816894533,0.0
2024-10-01,1.9079354050880104e+16,1636.045316753164,73.55999755859375,75.44999694824219,69.91000366210938,72.0,90111.0,101.19000244140624,101.38999938964844,100.6999969482422,100.73999786376952,0.0
2024-10-02,1.7592398655460188e+16,2508.973916604221,73.9000015258789,76.12999725341797,73.58999633789062,74.4000015258789,53911.0,101.68000030517578,101.69000244140624,101.16000366210938,101.23999786376952,0.0
2024-10-03,1.4656186344524788e+16,2046.226759080572,77.62000274658203,77.97000122070312,74.30999755859375,74.7300033569336,68997.0,101.98999786376952,102.0999984741211,101.62999725341795,101.63999938964844,0.0
2024-10-04,6345853999185476.0,1296.6882018058889,78.05000305175781,79.30000305175781,77.38999938964844,77.98999786376953,57481.0,102.5199966430664,102.69000244140624,101.80999755859376,101.91000366210938,0.0
2024-10-07,1.8591035843299572e+16,2388.564066721277,80.93000030517578,81.16000366210938,77.26000213623047,78.01000213623047,55050.0,102.54000091552734,102.62000274658205,102.37000274658205,102.48999786376952,0.0
2024-10-08,1.3542981060049626e+16,1537.429725706806,77.18000030517578,82.08000183105469,76.37000274658203,81.16000366210938,66184.0,102.5500030517578,102.63999938964844,102.29000091552734,102.45999908447266,0.0
2024-10-09,1612214269096232.0,2655.7356019966287,76.58000183105469,78.0199966430664,75.1500015258789,77.5199966430664,46931.0,102.93000030517578,102.94000244140624,102.45999908447266,102.48999786376952,0.0
2024-10-10,1715584471656374.0,2238.8216057329837,79.4000015258789,79.72000122070312,76.73999786376953,76.75,43562.0,102.98999786376952,103.18000030517578,102.72000122070312,102.87999725341795,0.0
2024-10-11,1.986290517207133e+16,1048.3867937860975,79.04000091552734,79.48999786376953,78.05000305175781,79.2300033569336,44341.0,102.88999938964844,102.98999786376952,102.7699966430664,102.87999725341795,0.0
2024-10-14,1.8920526245303576e+16,1190.4481515899702,77.45999908447266,78.5999984741211,75.38999938964844,78.5999984741211,35593.0,103.3000030517578,103.36000061035156,102.93000030517578,102.93000030517578,0.0
2024-10-15,1.2085621766573634e+16,2012.0984311194736,74.25,75.62999725341797,73.33000183105469,75.20999908447266,47877.0,103.26000213623048,103.3499984741211,103.02999877929688,103.20999908447266,0.0
2024-10-16,1.1528073171281674e+16,2881.38134016675,74.22000122070312,74.91999816894531,73.41999816894531,74.72000122070312,40980.0,103.58999633789062,103.61000061035156,103.16999816894533,103.26000213623048,0.0
2024-10-17,1.7080777949152798e+16,2637.378056949302,74.44999694824219,74.91000366210938,73.25,74.5,36901.0,103.83000183105467,103.87000274658205,103.44000244140624,103.55999755859376,0.0
2024-10-18,1.3042748707544172e+16,2893.085391154916,73.05999755859375,74.94000244140625,72.48999786376953,74.5199966430664,34009.0,103.48999786376952,103.80999755859376,103.45999908447266,103.80999755859376,0.0
2024-10-21,1.7491736297388704e+16,2361.9425781608193,74.29000091552734,74.55999755859375,72.80000305175781,73.13999938964844,29891.0,104.01000213623048,104.0199966430664,103.41999816894533,103.45999908447266,0.0
2024-10-22,1.7117153998421396e+16,2955.0874810157216,76.04000091552734,76.31999969482422,73.56999969482422,74.13999938964844,36505.0,104.08000183105467,104.12999725341795,103.81999969482422,103.97000122070312,0.0
2024-10-23,1.9245462277304724e+16,1067.2285005075742,74.95999908447266,76.01000213623047,74.44000244140625,75.6500015258789,28090.0,104.43000030517578,104.56999969482422,104.08999633789062,104.08999633789062,0.0
2024-10-24,8577548950155027.0,1659.557069340903,74.37999725341797,76.52999877929688,74.0,75.20999908447266,23845.0,104.05999755859376,104.45999908447266,104.01000213623048,104.43000030517578,0.0
2024-10-25,1.3368373578349816e+16,2831.857690716193,76.05000305175781,76.13999938964844,74.16999816894531,74.55000305175781,20056.0,104.26000213623048,104.33999633789062,103.94000244140624,104.0500030517578,0.0
2024-10-28,582810771793038.0,1505.0813828362889,71.41999816894531,74.0,71.16999816894531,74.0,28003.0,104.31999969482422,104.56999969482422,104.12000274658205,104.31999969482422,0.0
2024-10-29,1.2127416197395256e+16,1458.7260454746563,71.12000274658203,72.56999969482422,70.7300033569336,72.11000061035156,16776.0,104.27999877929688,104.63999938964844,104.20999908447266,104.30999755859376,0.0
2024-10-30,9750486450460584.0,2756.804961215401,72.55000305175781,73.08000183105469,71.16000366210938,71.31999969482422,11034.0,103.98999786376952,104.44000244140624,103.9800033569336,104.25,0.0
2024-10-31,8554626432191743.0,2399.214123926646,73.16000366210938,73.36000061035156,72.37000274658203,72.76000213623047,36772.0,103.9800033569336,104.22000122070312,103.81999969482422,104.08999633789062,0.0
2024-11-01,9392908617415284.0,2356.652746670942,73.0999984741211,74.94999694824219,72.88999938964844,74.12999725341797,32059.0,104.27999877929688,104.3499984741211,103.68000030517578,103.86000061035156,0.0
2024-11-04,1.4984882951367144e+16,2391.8018528762245,75.08000183105469,75.38999938964844,73.7300033569336,73.7300033569336,31292.0,103.88999938964844,103.97000122070312,103.58000183105467,103.97000122070312,0.0
2024-11-05,1.5503593421332208e+16,1557.427273614423,75.52999877929688,76.2300033569336,74.91999816894531,75.19999694824219,40233.0,103.41999816894533,103.95999908447266,103.37000274658205,103.91000366210938,0.0
2024-11-06,1.3538912705295418e+16,2435.378195850888,74.91999816894531,76.01000213623047,73.3499984741211,75.48999786376953,57996.0,105.08999633789062,105.44000244140624,104.04000091552734,104.04000091552734,0.0
2024-11-07,1.2434772194578588e+16,2696.696439370125,75.62999725341797,76.06999969482422,74.05000305175781,75.11000061035156,41262.0,104.51000213623048,105.25,104.19000244140624,105.16000366210938,0.0
2024-11-08,1.6330071153786956e+16,1261.9149355854267,73.87000274658203,75.62000274658203,73.44000244140625,75.5199966430664,35855.0,105.0,105.20999908447266,104.33999633789062,104.4499969482422,0.0
2024-11-11,8173174674842314.0,2361.6470817833583,71.83000183105469,74.12999725341797,71.58999633789062,73.73999786376953,33838.0,105.54000091552734,105.70999908447266,104.93000030517578,104.9499969482422,0.0
2024-11-12,5887474527348869.0,1484.3196845066498,71.88999938964844,72.81999969482422,71.55999755859375,71.91999816894531,38295.0,106.0199966430664,106.18000030517578,105.48999786376952,105.48999786376952,0.0
2024-11-13,1.3330971950114222e+16,2323.75759035812,72.27999877929688,72.62000274658203,70.75,71.77999877929688,43666.0,106.4800033569336,106.54000091552734,105.72000122070312,106.0199966430664,0.0
2024-11-14,7390898509217922.0,1110.577799180356,72.55999755859375,73.22000122070312,71.80000305175781,71.98999786376953,32367.0,106.66999816894533,107.05999755859376,106.37999725341795,106.5,0.0
2024-11-15,97169199291106.0,1971.6388164675036,71.04000091552734,72.47000122070312,70.83999633789062,72.43000030517578,30126.0,106.69000244140624,106.95999908447266,106.33000183105467,106.9000015258789,0.0
2024-11-18,800977560583387.0,2226.0654749767004,73.30000305175781,73.45999908447266,70.69999694824219,70.87999725341797,30425.0,106.27999877929688,106.80999755859376,106.12999725341795,106.66999816894533,0.0
2024-11-19,1503187688492279.0,2809.2499565167204,73.30999755859375,73.87000274658203,72.61000061035156,73.18000030517578,32668.0,106.20999908447266,106.62999725341795,106.11000061035156,106.26000213623048,0.0
2024-11-20,1349304033210714.0,2488.043810696103,72.80999755859375,73.94000244140625,72.69999694824219,73.33999633789062,26041.0,106.68000030517578,106.91999816894533,106.11000061035156,106.12000274658205,0.0
2024-11-21,1.6972316759873512e+16,2983.9292999402014,74.2300033569336,74.37000274658203,72.91000366210938,73.12000274658203,35756.0,106.97000122070312,107.16000366210938,106.45999908447266,106.58999633789062,0.0
2024-11-22,1982893775596088.0,1742.7274248833414,75.16999816894531,75.41999816894531,73.51000213623047,74.29000091552734,29569.0,107.48999786376952,108.06999969482422,106.91999816894533,107.05999755859376,0.0
2024-11-25,1.2951027752560684e+16,2496.8023121592,73.01000213623047,75.30999755859375,72.8499984741211,75.20999908447266,29335.0,106.81999969482422,107.25,106.58000183105467,107.25,0.0
2024-11-26,8415854080771978.0,1019.063401849014,72.80999755859375,74.33000183105469,72.12000274658203,73.12000274658203,17616.0,107.01000213623048,107.5,106.48999786376952,107.48999786376952,0.0
2024-11-27,1.2339901089297556e+16,1038.937439859807,72.83000183105469,73.3499984741211,72.2699966430664,72.94000244140625,10246.0,106.08000183105467,106.91999816894533,105.86000061035156,106.81999969482422,0.0
2024-11-28,5436429238282958.0,1455.1524877322136,72.83000183105469,73.3499984741211,72.2699966430664,72.94000244140625,10246.0,106.08000183105467,106.91999816894533,105.86000061035156,106.81999969482422,0.0
2024-11-29,1.4185967319809108e+16,2862.0019392223544,72.94000244140625,73.5,72.12000274658203,72.91999816894531,45282.0,105.73999786376952,106.12999725341795,105.62000274658205,105.9499969482422,0.0
2024-12-02,1.1950688759351936e+16,2139.998273946814,71.83000183105469,72.87999725341797,71.5199966430664,71.73999786376953,31283.0,106.4499969482422,106.7300033569336,105.81999969482422,105.81999969482422,0.0
2024-12-03,9189444511415976.0,1309.550463560629,73.62000274658203,73.9000015258789,71.69000244140625,71.86000061035156,40365.0,106.37000274658205,106.5999984741211,106.08999633789062,106.4800033569336,0.0
2024-12-04,7258452401959919.0,2998.880185238492,72.30999755859375,74.26000213623047,72.25,73.80999755859375,36988.0,106.33999633789062,106.72000122070312,106.08999633789062,106.43000030517578,0.0
2024-12-05,6673090113611289.0,1843.3542088530864,72.08999633789062,72.9000015258789,71.80000305175781,72.44999694824219,32373.0,105.70999908447266,106.37000274658205,105.6999969482422,106.33999633789062,0.0
2024-12-06,1.9235131270290424e+16,1481.911690486461,71.12000274658203,72.2300033569336,70.83000183105469,72.16999816894531,27572.0,105.97000122070312,106.16000366210938,105.41999816894533,105.79000091552734,0.0
2024-12-09,1.9782419375734576e+16,2897.8988275082665,72.13999938964844,72.6500015258789,70.95999908447266,71.04000091552734,25921.0,106.1500015258789,106.20999908447266,105.8000030517578,105.97000122070312,0.0
2024-12-10,1.900799007665907e+16,1336.8799099878263,72.19000244140625,72.72000122070312,71.52999877929688,71.93000030517578,32220.0,106.4000015258789,106.63999938964844,106.04000091552734,106.18000030517578,0.0
2024-12-11,1.962423763522685e+16,2267.9454036935035,73.5199966430664,73.73999786376953,72.0199966430664,72.02999877929688,35954.0,106.70999908447266,106.80999755859376,106.2699966430664,106.37000274658205,0.0
2024-12-12,9996990313357388.0,1403.9587442923712,73.41000366210938,73.9800033569336,72.43000030517578,73.58999633789062,36231.0,106.95999908447266,107.04000091552734,106.3499984741211,106.56999969482422,0.0
2024-12-13,1621384653197019.0,1293.5970314988558,74.48999786376953,74.58999633789062,73.2699966430664,73.43000030517578,26225.0,107.0,107.19000244140624,106.72000122070312,106.97000122070312,0.0
2024-12-16,9266135475581548.0,1494.692635242318,73.91000366210938,74.54000091552734,73.69999694824219,74.51000213623047,25458.0,106.86000061035156,107.16999816894533,106.75,106.9499969482422,0.0
2024-12-17,1.9299166329151436e+16,1651.3647119549412,73.19000244140625,74.18000030517578,72.45999908447266,73.86000061035156,26356.0,106.95999908447266,107.08000183105467,106.6999969482422,106.81999969482422,0.0
2024-12-18,1.4464396593144152e+16,2404.7835325618207,73.38999938964844,74.19000244140625,72.80000305175781,73.33999633789062,25873.0,108.02999877929688,108.2699966430664,106.81999969482422,106.93000030517578,0.0
2024-12-19,8846665382726501.0,2527.3161079691304,72.87999725341797,73.87000274658203,72.52999877929688,72.93000030517578,27742.0,108.41000366210938,108.48999786376952,107.81999969482422,108.0999984741211,0.0
2024-12-20,1.7239982742863956e+16,2756.2120668218317,72.94000244140625,73.27999877929688,71.97000122070312,72.70999908447266,25362.0,107.62000274658205,108.54000091552734,107.58999633789062,108.4800033569336,0.0
2024-12-23,1.9772077414661336e+16,2019.0622941604456,72.62999725341797,73.37000274658203,71.9800033569336,72.83000183105469,20997.0,108.04000091552734,108.27999877929688,107.68000030517578,107.81999969482422,0.0
2024-12-24,1.0726101940838414e+16,2059.5808446935544,73.58000183105469,73.80999755859375,72.77999877929688,72.83999633789062,8922.0,108.26000213623048,108.3000030517578,107.91999816894533,108.16000366210938,0.0
2024-12-25,830455165062469.0,1847.7136546191443,73.58000183105469,73.80999755859375,72.77999877929688,72.83999633789062,8922.0,108.26000213623048,108.3000030517578,107.91999816894533,108.16000366210938,0.0
2024-12-26,1.6053601074301352e+16,2174.365334837409,73.26000213623047,74.18000030517578,72.9800033569336,73.77999877929688,5773.0,108.12999725341795,108.3000030517578,108.02999877929688,108.16999816894533,0.0
2024-12-27,1.9189200084165852e+16,2303.3846825234923,74.16999816894531,74.33999633789062,73.06999969482422,73.13999938964844,5515.0,108.0,108.1999969482422,107.87000274658205,108.08000183105467,0.0
2024-12-30,6278316424298886.0,1568.2911438033218,74.38999938964844,75.04000091552734,73.76000213623047,74.2300033569336,30436.0,108.12999725341795,108.37999725341795,107.73999786376952,108.01000213623048,0.0
2024-12-31,1.3486052520404558e+16,2796.1080635418293,74.63999938964844,74.87999725341797,73.83999633789062,74.0999984741211,20588.0,108.48999786376952,108.58000183105467,107.87000274658205,108.08999633789062,0.0
2025-01-01,8973937347461379.0,1671.1715763208406,74.63999938964844,74.87999725341797,73.83999633789062,74.0999984741211,20588.0,108.48999786376952,108.58000183105467,107.87000274658205,108.08999633789062,0.0
2025-01-02,9605299353393232.0,1665.6916549239806,75.93000030517578,76.54000091552734,74.7300033569336,74.87999725341797,41474.0,109.38999938964844,109.52999877929688,108.2699966430664,108.52999877929688,0.0
2025-01-03,1.6352031217212356e+16,2837.297324655773,76.51000213623047,76.73999786376953,75.52999877929688,75.9000015258789,38822.0,108.9499969482422,109.22000122070312,108.9000015258789,109.1999969482422,0.0
2025-01-06,1.2937701217147188e+16,1126.3453629308335,76.30000305175781,77.5,75.94000244140625,76.58999633789062,49229.0,108.26000213623048,109.06999969482422,107.75,108.91999816894533,0.0
2025-01-07,1531329086128744.0,2919.0349725197425,77.05000305175781,77.2699966430664,75.91999816894531,76.23999786376953,37188.0,108.54000091552734,108.6999969482422,107.8499984741211,108.33999633789062,0.0
2025-01-08,8107067334024714.0,1554.3019307084055,76.16000366210938,77.88999938964844,76.02999877929688,77.23999786376953,46650.0,109.08999633789062,109.37999725341795,108.5500030517578,108.62000274658205,0.0
2025-01-09,1.4591683815079096e+16,1860.8050197408097,76.91999816894531,77.2699966430664,75.69999694824219,76.16000366210938,31706.0,109.18000030517578,109.37999725341795,108.94000244140624,109.08999633789062,0.0
2025-01-10,1.0899381572759256e+16,2025.71829172932,79.76000213623047,80.76000213623047,77.04000091552734,77.20999908447266,92049.0,109.6500015258789,109.97000122070312,109.08000183105467,109.2300033569336,0.0
2025-01-13,9749656968567564.0,2386.679180169138,81.01000213623047,81.66999816894531,79.54000091552734,79.55000305175781,77109.0,109.95999908447266,110.18000030517578,109.41000366210938,109.63999938964844,0.0
2025-01-14,1.7519259036340702e+16,2555.8155630211986,79.91999816894531,81.13999938964844,79.86000061035156,80.91000366210938,67129.0,109.2699966430664,109.76000213623048,109.18000030517578,109.56999969482422,0.0
2025-01-15,1.3874382625427492e+16,1507.572439660799,82.02999877929688,82.62999725341797,79.62999725341797,80.31999969482422,69122.0,109.08999633789062,109.37999725341795,108.5999984741211,109.2300033569336,0.0
2025-01-16,1.7554037807197858e+16,2712.3734191916515,81.29000091552734,82.55000305175781,80.38999938964844,82.44000244140625,69075.0,108.95999908447266,109.37999725341795,108.83000183105467,109.06999969482422,0.0
2025-01-17,8918674936817749.0,1313.7029145645463,80.79000091552734,81.93000030517578,80.55999755859375,81.30999755859375,42284.0,109.3499984741211,109.41999816894533,108.83000183105467,108.93000030517578,0.0
2025-01-20,1.0027633528602856e+16,1574.1572628571323,80.79000091552734,81.93000030517578,80.55999755859375,81.30999755859375,42284.0,109.3499984741211,109.41999816894533,108.83000183105467,108.93000030517578,0.0
2025-01-21,1.6331678371911172e+16,2673.939959872898,79.29000091552734,81.23999786376953,78.47000122070312,80.94000244140625,83935.0,108.05999755859376,108.79000091552734,107.91999816894533,107.9800033569336,0.0
2025-01-22,512437066701196.0,2570.759070887092,79.0,79.9000015258789,78.80999755859375,79.30999755859375,40868.0,108.16999816894533,108.2699966430664,107.75,107.98999786376952,0.0
2025-01-23,1.2002127789204668e+16,2800.717498408019,78.29000091552734,79.58999633789062,77.80000305175781,78.91000366210938,46348.0,108.0500030517578,108.51000213623048,107.91999816894533,108.25,0.0
2025-01-24,182900614590055.0,1475.2597374571278,78.5,78.95999908447266,77.61000061035156,77.87999725341797,30464.0,107.44000244140624,108.19000244140624,107.22000122070312,108.08999633789062,0.0
2025-01-27,8661373876044429.0,1946.884002592777,77.08000183105469,78.98999786376953,76.31999969482422,78.55000305175781,40623.0,107.33999633789062,107.80999755859376,106.97000122070312,107.47000122070312,0.0
2025-01-28,1.2593453258773002e+16,2108.144008495723,77.48999786376953,78.13999938964844,76.83000183105469,77.06999969482422,29822.0,107.87000274658205,108.0500030517578,107.69000244140624,107.70999908447266,0.0
2025-01-29,1.2352258788811768e+16,2721.21871246022,76.58000183105469,77.69999694824219,76.30000305175781,77.62999725341797,19845.0,108.0,108.3000030517578,107.75,107.88999938964844,0.0
2025-01-30,1.1051512227934188e+16,1355.4208875218465,76.87000274658203,77.55000305175781,75.98999786376953,76.86000061035156,8389.0,107.8000030517578,108.23999786376952,107.5,107.86000061035156,0.0
2025-01-31,1.0153185912542878e+16,2433.681642560606,76.76000213623047,77.08000183105469,76.51000213623047,77.0,50618.0,108.37000274658205,108.56999969482422,107.79000091552734,108.16000366210938,0.0
2025-02-03,1.6205756874947774e+16,2875.356527767755,75.95999908447266,77.52999877929688,75.04000091552734,76.81999969482422,75087.0,108.98999786376952,109.87999725341795,108.33999633789062,108.5,0.0
2025-02-04,7999132804813601.0,2547.15644096675,76.19999694824219,76.66999816894531,74.12999725341797,75.5199966430664,62716.0,107.95999908447266,109.04000091552734,107.91999816894533,108.68000030517578,0.0
2025-02-05,1792708050176661.0,2452.5540474796894,74.61000061035156,76.3499984741211,74.55000305175781,76.08000183105469,30739.0,107.58000183105467,108.01000213623048,107.3000030517578,108.01000213623048,0.0
2025-02-06,1.0871693373348708e+16,2833.333157429103,74.29000091552734,75.38999938964844,74.08999633789062,74.5999984741211,41460.0,107.69000244140624,108.0999984741211,107.54000091552734,107.62000274658205,0.0
2025-02-07,1.3597288428088218e+16,1601.5552805320713,74.66000366210938,75.08999633789062,74.19000244140625,74.19999694824219,35634.0,108.04000091552734,108.31999969482422,107.5199966430664,107.6999969482422,0.0
2025-02-10,1.1035103077179492e+16,2107.3909303648575,75.87000274658203,76.06999969482422,74.54000091552734,74.54000091552734,27341.0,108.31999969482422,108.44000244140624,108.08999633789062,108.0999984741211,0.0
2025-02-11,7127317430563602.0,2436.0764885654435,77.0,77.2699966430664,75.88999938964844,76.05000305175781,37979.0,107.95999908447266,108.45999908447266,107.77999877929688,108.33999633789062,0.0
2025-02-12,1.1810269351640472e+16,2641.954553475367,75.18000030517578,76.88999938964844,74.94999694824219,76.81999969482422,47048.0,107.94000244140624,108.5199966430664,107.62999725341795,108.01000213623048,0.0
2025-02-13,5615362312657793.0,2755.271490646048,75.0199966430664,75.33000183105469,74.05000305175781,74.97000122070312,37759.0,107.30999755859376,108.0,107.02999877929688,107.91999816894533,0.0
2025-02-14,1.2153638302669062e+16,2867.941042527076,74.73999786376953,75.83000183105469,74.48999786376953,75.23999786376953,41397.0,106.56999969482422,107.18000030517578,106.56999969482422,107.12000274658205,0.0
2025-02-17,1230030988061885.0,1995.4420840609191,74.73999786376953,75.83000183105469,74.48999786376953,75.23999786376953,41397.0,106.56999969482422,107.18000030517578,106.56999969482422,107.12000274658205,0.0
2025-02-18,1.983823018392437e+16,2600.9523849080483,75.83999633789062,76.05000305175781,74.19000244140625,74.63999938964844,50542.0,107.0500030517578,107.12000274658205,106.80999755859376,106.81999969482422,0.0
2025-02-19,1.912448499966555e+16,2518.3865441105995,76.04000091552734,76.81999969482422,75.75,75.80000305175781,30426.0,107.16999816894533,107.37999725341795,106.87999725341795,107.02999877929688,0.0
2025-02-20,8828393864101571.0,1386.5007850494442,76.4800033569336,77.13999938964844,75.70999908447266,76.04000091552734,33347.0,106.33999633789062,107.1500015258789,106.33999633789062,107.12000274658205,0.0
2025-02-21,5832374340247221.0,1520.2084450123664,74.43000030517578,76.75,74.20999908447266,76.55999755859375,28100.0,106.61000061035156,106.75,106.37999725341795,106.45999908447266,0.0
2025-02-24,9196569288540916.0,2779.110745598397,74.77999877929688,74.91000366210938,73.91000366210938,73.91000366210938,17858.0,106.5999984741211,106.75,106.12999725341795,106.63999938964844,0.0
2025-02-25,1.942207357020787e+16,1466.0409095541163,73.0199966430664,75.25,72.69999694824219,74.88999938964844,19080.0,106.30999755859376,106.79000091552734,106.19000244140624,106.7699966430664,0.0
2025-02-26,6927279251994203.0,2320.2202015779753,72.52999877929688,73.33999633789062,72.38999938964844,73.13999938964844,11916.0,106.41999816894533,106.6500015258789,106.16000366210938,106.16999816894533,0.0
2025-02-27,9610796421610556.0,2695.77011671119,74.04000091552734,74.26000213623047,72.4800033569336,72.69000244140625,7925.0,107.23999786376952,107.30999755859376,106.5199966430664,106.52999877929688,0.0
2025-02-28,1.5769272532191696e+16,2573.2441641157225,73.18000030517578,73.73999786376953,72.97000122070312,73.7300033569336,36432.0,107.61000061035156,107.66000366210938,107.18000030517578,107.25,0.0
2025-03-03,1.2423212826461654e+16,1269.0173892291814,71.62000274658203,73.66000366210938,71.16999816894531,73.06999969482422,51816.0,106.75,107.55999755859376,106.47000122070312,107.55999755859376,0.0
2025-03-04,1.6633783333046116e+16,2201.3940373992195,71.04000091552734,71.45999908447266,69.75,71.44999694824219,58867.0,105.73999786376952,106.6500015258789,105.52999877929688,106.55999755859376,0.0
2025-03-05,1307683959770846.0,2827.410349334138,69.30000305175781,71.16000366210938,68.33999633789062,71.13999938964844,51721.0,105.73999786376952,105.7699966430664,104.26000213623048,105.62000274658205,0.0
2025-03-06,8892096559556903.0,2572.1948332538313,69.45999908447266,69.87999725341797,68.7300033569336,69.44999694824219,49024.0,104.05999755859376,104.38999938964844,103.76000213623048,104.31999969482422,0.0
2025-03-07,1.0515879217545304e+16,2826.2034100766755,70.36000061035156,71.37999725341797,69.27999877929688,69.37999725341797,46468.0,103.83999633789062,104.23999786376952,103.45999908447266,104.11000061035156,0.0
2025-03-10,871921677967908.0,2194.790391749882,69.27999877929688,70.86000061035156,69.05999755859375,70.44000244140625,33488.0,103.91000366210938,104.05999755859376,103.55999755859376,103.91000366210938,0.0
2025-03-11,5200480599227651.0,1117.5576701770626,69.55999755859375,70.43000030517578,68.62999725341797,69.41000366210938,26933.0,103.44000244140624,103.91999816894533,103.22000122070312,103.83999633789062,0.0
2025-03-12,9761289800243288.0,1583.6556913573145,70.94999694824219,71.08999633789062,69.47000122070312,69.8499984741211,30577.0,103.61000061035156,103.77999877929688,103.3499984741211,103.41999816894533,0.0
2025-03-13,1.6992405118278882e+16,1027.0662264948123,69.87999725341797,71.23999786376953,69.68000030517578,70.9800033569336,33450.0,103.83000183105467,104.08000183105467,103.51000213623048,103.61000061035156,0.0
2025-03-14,6408434899815632.0,2201.232758875852,70.58000183105469,70.75,69.94000244140625,70.08000183105469,24740.0,103.72000122070312,104.08999633789062,103.56999969482422,103.83999633789062,0.0
2025-03-17,8554297353525214.0,1007.8764136173356,71.06999969482422,71.79000091552734,70.68000030517578,70.68000030517578,29314.0,103.37000274658205,103.80999755859376,103.3000030517578,103.73999786376952,0.0
2025-03-18,1820512847151296.0,2096.966011157722,70.55999755859375,72.19000244140625,70.26000213623047,70.93000030517578,32008.0,103.23999786376952,103.68000030517578,103.1999969482422,103.44000244140624,0.0
2025-03-19,1.7493887957236556e+16,2477.242335537185,70.77999877929688,71.22000122070312,69.9000015258789,70.36000061035156,26898.0,103.43000030517578,103.91000366210938,103.25,103.2699966430664,0.0
2025-03-20,1.7485781598114002e+16,1420.3024786936633,72.0,72.29000091552734,70.52999877929688,70.86000061035156,33049.0,103.8499984741211,104.12999725341795,103.31999969482422,103.43000030517578,0.0
2025-03-21,1.0549845654339764e+16,2901.1387565905347,72.16000366210938,72.54000091552734,71.51000213623047,72.2300033569336,23983.0,104.08999633789062,104.22000122070312,103.76000213623048,103.77999877929688,0.0
2025-03-24,1.5858869005823358e+16,2241.233394297482,73.0,73.16000366210938,71.80000305175781,72.19999694824219,31456.0,104.26000213623048,104.44000244140624,103.83999633789062,104.1500015258789,0.0
2025-03-25,8302731588197101.0,1837.5784320306232,73.0199966430664,73.56999969482422,72.5,73.08999633789062,30415.0,104.18000030517578,104.47000122070312,103.94000244140624,104.33000183105467,0.0
2025-03-26,534401730086028.0,1503.7202536738837,73.79000091552734,74.16999816894531,73.08999633789062,73.18000030517578,27419.0,104.5500030517578,104.68000030517578,104.18000030517578,104.25,0.0
2025-03-27,1.7832141980114396e+16,1304.9934290491135,74.02999877929688,74.06999969482422,73.2300033569336,73.98999786376953,19183.0,104.06999969482422,104.6500015258789,104.06999969482422,104.6500015258789,0.0
2025-03-28,1.7218802423414256e+16,2521.9448482697035,73.62999725341797,74.20999908447266,73.12000274658203,74.05999755859375,12292.0,104.04000091552734,104.5,103.9000015258789,104.27999877929688,0.0
2025-03-31,1.5437362310528828e+16,2546.980928386005,74.73999786376953,74.79000091552734,73.37000274658203,73.41999816894531,53426.0,104.20999908447266,104.38999938964844,103.75,104.01000213623048,0.0
2025-04-01,1.5362515920531566e+16,1123.0798664334854,74.48999786376953,75.27999877929688,74.33999633789062,74.62999725341797,54055.0,104.26000213623048,104.37000274658205,104.0199966430664,104.18000030517578,0.0
2025-04-02,7584602793121295.0,2150.945484350667,74.94999694824219,75.45999908447266,73.70999908447266,74.4000015258789,61062.0,103.80999755859376,104.30999755859376,103.37000274658205,104.1999969482422,0.0
2025-04-03,1253719587048116.0,1194.8817828645736,70.13999938964844,73.62000274658203,69.47000122070312,73.58999633789062,100212.0,102.06999969482422,103.37999725341795,101.2699966430664,103.1500015258789,0.0
2025-04-04,5127309586724948.0,2734.772102445222,65.58000183105469,70.05000305175781,64.01000213623047,69.80999755859375,121211.0,103.0199966430664,103.18000030517578,101.54000091552734,101.98999786376952,0.0
2025-04-07,9781803236469568.0,1367.8408284772988,64.20999908447266,67.41000366210938,62.5099983215332,64.79000091552734,114411.0,103.26000213623048,103.54000091552734,102.18000030517578,103.06999969482422,0.0
2025-04-08,1.476078636274426e+16,2663.7700438466177,62.81999969482422,65.19000244140625,61.279998779296875,64.44000244140625,89690.0,102.95999908447266,103.44000244140624,102.75,103.43000030517578,0.0
2025-04-09,5225958757404618.0,1246.182162251164,65.4800033569336,66.0199966430664,58.38999938964844,61.54999923706055,127044.0,102.9000015258789,103.33000183105467,101.83999633789062,102.75,0.0
2025-04-10,5.096989544915733e+16,2380.5139425764232,63.33000183105469,66.2300033569336,62.0099983215332,65.80999755859375,78111.0,100.87000274658205,103.02999877929688,100.6999969482422,102.98999786376952,0.0
2025-04-11,8919359510014257.0,2291.912027047721,64.76000213623047,65.05000305175781,62.7599983215332,63.45000076293945,58543.0,99.77999877929688,100.77999877929688,99.01000213623048,100.77999877929688,0.0
2025-04-14,6054225128083001.0,2927.2909521044617,64.87999725341797,65.9000015258789,64.04000091552734,64.88999938964844,43786.0,99.63999938964844,100.16000366210938,99.20999908447266,100.0199966430664,0.0
2025-04-15,9842544419159742.0,1377.6886504785057,64.66999816894531,65.38999938964844,64.2300033569336,64.93000030517578,40096.0,100.22000122070312,100.27999877929688,99.4800033569336,99.80999755859376,0.0
2025-04-16,1.5703225853553568e+16,2432.3021927142054,65.8499984741211,66.30999755859375,63.79999923706055,64.86000061035156,50308.0,99.37999725341795,100.0999984741211,99.16999816894533,100.05999755859376,0.0
2025-04-17,1.4869421258858058e+16,1113.1945596732949,67.95999908447266,68.12999725341797,65.94999694824219,66.01000213623047,39781.0,99.37999725341795,99.75,99.22000122070312,99.2300033569336,0.0
2025-04-18,500525172449659.0,2769.4185682657917,67.95999908447266,68.12999725341797,65.94999694824219,66.01000213623047,39781.0,99.37999725341795,99.75,99.22000122070312,99.2300033569336,0.0
2025-04-21,518587040666683.0,2319.2091710652567,66.26000213623047,67.77999877929688,65.68000030517578,67.77999877929688,38512.0,98.27999877929688,99.20999908447266,97.91999816894533,99.08000183105467,0.0
2025-04-22,1.6262655496550336e+16,2226.9199067919185,67.44000244140625,68.04000091552734,66.55000305175781,66.5999984741211,46152.0,98.91999816894533,99.3499984741211,98.01000213623048,98.3000030517578,0.0
2025-04-23,1.1561662167280622e+16,1091.37942116395,66.12000274658203,68.63999938964844,65.29000091552734,67.76000213623047,58914.0,99.83999633789062,99.94000244140624,98.86000061035156,99.4800033569336,0.0
2025-04-24,1.7380462669439768e+16,2884.354873351324,66.55000305175781,67.02999877929688,65.80999755859375,66.22000122070312,36169.0,99.29000091552734,99.83999633789062,99.22000122070312,99.75,0.0
2025-04-25,582814484037027.0,2529.6911307756563,66.87000274658203,67.18000030517578,65.55999755859375,66.56999969482422,30729.0,99.47000122070312,99.88999938964844,99.4000015258789,99.41000366210938,0.0
2025-04-28,6686769440682133.0,2481.029472283708,65.86000061035156,67.52999877929688,65.25,67.20999908447266,21525.0,99.01000213623048,99.83999633789062,98.9000015258789,99.61000061035156,0.0
2025-04-29,1.0475623744303848e+16,1354.8895008522825,64.25,65.80999755859375,63.88999938964844,65.75,17528.0,99.23999786376952,99.37000274658205,98.9499969482422,99.04000091552734,0.0
2025-04-30,1465743818040924.0,1475.616368463261,63.119998931884766,63.75,63.0,63.54999923706055,79025.0,99.47000122070312,99.70999908447266,99.13999938964844,99.16999816894533,0.0
2025-05-01,1.4189711002768796e+16,2250.271436304998,62.130001068115234,62.36000061035156,59.310001373291016,61.13999938964844,66984.0,100.25,100.37999725341795,99.61000061035156,99.6500015258789,0.0
2025-05-02,6741857527068934.0,2171.0981637851896,61.290000915527344,62.720001220703125,60.70000076293945,61.880001068115234,58444.0,100.0,100.33000183105467,99.4000015258789,100.18000030517578,0.0
2025-05-05,7514567545394248.0,1125.194850818238,60.22999954223633,60.77000045776367,58.40999984741211,59.5099983215332,49504.0,99.83000183105467,100.0500030517578,99.45999908447266,100.0,0.0
2025-05-06,6422311165320156.0,1431.5581961550745,62.150001525878906,62.79999923706055,60.189998626708984,60.279998779296875,63444.0,99.23999786376952,100.0999984741211,99.16999816894533,99.83000183105467,0.0
2025-05-07,8853740512915474.0,1914.0907908244496,61.119998931884766,63.209999084472656,60.849998474121094,62.06999969482422,60579.0,99.61000061035156,99.97000122070312,99.29000091552734,99.5,0.0
2025-05-08,1.5190669384215248e+16,1001.9465133458036,62.84000015258789,63.209999084472656,60.779998779296875,60.93000030517578,56931.0,100.63999938964844,100.76000213623048,99.61000061035156,99.8499984741211,0.0
2025-05-09,1.2831114106861278e+16,1680.6822079527683,63.90999984741211,64.2699966430664,62.849998474121094,63.25,51994.0,100.33999633789062,100.86000061035156,100.08999633789062,100.63999938964844,0.0
2025-05-12,1.3505267781762796e+16,1203.8367181995438,64.95999908447266,66.37999725341797,63.88999938964844,64.2300033569336,62946.0,101.79000091552734,101.9800033569336,100.51000213623048,100.69000244140624,0.0
2025-05-13,1.8488555692347696e+16,2581.238634827074,66.62999725341797,66.80000305175781,64.6500015258789,64.91999816894531,55567.0,101.0,101.76000213623048,100.91000366210938,101.7300033569336,0.0
2025-05-14,5907601130761755.0,1389.3419274310615,66.08999633789062,66.58999633789062,65.68000030517578,66.5199966430664,49980.0,101.04000091552734,101.13999938964844,100.2699966430664,100.9499969482422,0.0
2025-05-15,1.4230075771287632e+16,2356.3129114352732,64.52999877929688,65.83999633789062,63.439998626708984,65.76000213623047,70642.0,100.87999725341795,101.05999755859376,100.58999633789062,100.97000122070312,0.0
2025-05-16,1865761522807027.0,1875.3866267790015,65.41000366210938,65.54000091552734,64.16999816894531,64.62999725341797,38629.0,101.08999633789062,101.26000213623048,100.5199966430664,100.7699966430664,0.0
2025-05-19,5856114777875422.0,2720.1141488551266,65.54000091552734,66.01000213623047,64.43000030517578,65.30999755859375,43539.0,100.43000030517578,100.91000366210938,100.05999755859376,100.91000366210938,0.0
2025-05-20,6473453553252708.0,2872.440194869063,65.37999725341797,66.0,64.8499984741211,65.56999969482422,42663.0,100.12000274658205,100.58000183105467,100.01000213623048,100.43000030517578,0.0
2025-05-21,1.8727712353463132e+16,1057.8042964370368,64.91000366210938,67.48999786376953,64.61000061035156,65.61000061035156,58658.0,99.55999755859376,99.98999786376952,99.33999633789062,99.98999786376952,0.0
2025-05-22,1774042437116914.0,2980.118601905815,64.44000244140625,65.0199966430664,63.529998779296875,64.63999938964844,45811.0,99.95999908447266,100.12000274658205,99.44000244140624,99.63999938964844,0.0
2025-05-23,1.0014818754293052e+16,1142.4092203237296,64.77999877929688,65.04000091552734,63.310001373291016,64.0199966430664,29810.0,99.11000061035156,99.94000244140624,99.0500030517578,99.87999725341795,0.0
2025-05-26,5448653939980276.0,2630.5044947597207,64.77999877929688,65.04000091552734,63.310001373291016,64.0199966430664,29810.0,98.93000030517578,99.16000366210938,98.69000244140624,99.08999633789062,0.0
2025-05-27,1.4024038780547672e+16,1990.6812446773567,64.08999633789062,65.41000366210938,63.470001220703125,65.0199966430664,34117.0,99.5199966430664,99.62000274658205,98.77999877929688,98.95999908447266,0.0
2025-05-28,9087926858586520.0,2902.3206074338423,64.9000015258789,65.61000061035156,64.02999877929688,64.31999969482422,17817.0,99.87999725341795,99.95999908447266,99.44000244140624,99.52999877929688,0.0
2025-05-29,1.3569895653513158e+16,1111.3352426404538,64.1500015258789,66.12999725341797,63.779998779296875,65.30000305175781,10456.0,99.27999877929688,100.54000091552734,99.22000122070312,100.54000091552734,0.0
2025-05-30,1.5236163927168936e+16,1350.279350803379,63.900001525878906,64.5199966430664,63.70000076293945,63.81999969482422,63546.0,99.33000183105467,99.66999816894533,99.12999725341795,99.25,0.0
2025-06-02,1.3390438716660694e+16,1954.7187828824915,64.62999725341797,65.70999908447266,62.970001220703125,63.040000915527344,57349.0,98.6999969482422,99.41999816894533,98.61000061035156,99.41000366210938,0.0
2025-06-03,1.0908559438314208e+16,2133.5989626926457,65.62999725341797,65.94000244140625,64.5199966430664,65.02999877929688,43536.0,99.25,99.33000183105467,98.58000183105467,98.58999633789062,0.0
2025-06-04,6632415144465213.0,2313.456011315527,64.86000061035156,65.95999908447266,64.27999877929688,65.61000061035156,56182.0,98.79000091552734,99.38999938964844,98.66999816894533,99.18000030517578,0.0
2025-06-05,7768372296004325.0,1344.7955455215078,65.33999633789062,65.86000061035156,64.62999725341797,64.91000366210938,38658.0,98.73999786376952,98.94000244140624,98.3499984741211,98.8000030517578,0.0
2025-06-06,9937191780143334.0,2849.385762182332,66.47000122070312,66.66999816894531,64.81999969482422,65.19999694824219,39490.0,99.19000244140624,99.36000061035156,98.66000366210938,98.6999969482422,0.0
2025-06-09,9124945431027542.0,2881.179066997216,67.04000091552734,67.12999725341797,66.08000183105469,66.5999984741211,35213.0,98.94000244140624,99.2300033569336,98.81999969482422,99.1999969482422,0.0
2025-06-10,159097671241244.0,2356.961537081782,66.87000274658203,68.0,66.4800033569336,67.11000061035156,40266.0,99.0500030517578,99.38999938964844,98.86000061035156,98.9800033569336,0.0
2025-06-11,9293392771487704.0,1038.1100214896935,69.7699966430664,69.95999908447266,66.47000122070312,66.56999969482422,58118.0,98.62999725341795,99.22000122070312,98.52999877929688,98.95999908447266,0.0
2025-06-12,1663489921360755.0,2777.097124909774,69.36000061035156,70.61000061035156,68.37000274658203,70.36000061035156,60336.0,97.91999816894533,98.5199966430664,97.5999984741211,98.45999908447266,0.0
2025-06-13,1.9294206541662544e+16,2643.7337061119965,74.2300033569336,78.52999877929688,69.91999816894531,70.2699966430664,175031.0,98.18000030517578,98.58999633789062,97.62000274658205,97.80999755859376,0.0
2025-06-16,1071219182391309.0,2111.240488793771,73.2300033569336,78.4800033569336,70.63999938964844,76.80999755859375,100509.0,98.0,98.37000274658205,97.69000244140624,98.26000213623048,0.0
2025-06-17,1.6111050462993504e+16,2313.260952257257,76.44999694824219,77.08000183105469,72.52999877929688,72.80999755859375,88748.0,98.81999969482422,98.87000274658205,98.0199966430664,98.19000244140624,0.0
2025-06-18,5731550507362042.0,2831.264043671883,76.69999694824219,77.43000030517578,74.44000244140625,77.19000244140625,0.0,98.91000366210938,99.01000213623048,98.4800033569336,98.87000274658205,0.0
2025-06-19,1.172015685688954e+16,2768.2959835314277,76.69999694824219,77.43000030517578,74.44000244140625,77.19000244140625,0.0,98.91000366210938,99.01000213623048,98.4800033569336,98.87000274658205,0.0
2025-06-20,9387053678230332.0,2447.1370210491004,77.01000213623047,79.0199966430664,75.52999877929688,76.12000274658203,98821.0,98.70999908447266,98.88999938964844,98.54000091552734,98.66999816894533,0.0
2025-06-23,1.7957288831769968e+16,2263.894429840885,71.4800033569336,81.4000015258789,69.54000091552734,80.01000213623047,100475.0,98.41999816894533,99.41999816894533,98.3499984741211,99.08999633789062,0.0
2025-06-24,1.81569699485504e+16,1018.0360620653854,67.13999938964844,70.7300033569336,66.80999755859375,70.5999984741211,62358.0,97.86000061035156,98.27999877929688,97.70999908447266,98.16000366210938,0.0
2025-06-25,5933845631107928.0,1915.4343877792528,67.68000030517578,68.76000213623047,67.31999969482422,67.91999816894531,23618.0,97.68000030517578,98.1999969482422,97.6500015258789,97.94000244140624,0.0
2025-06-26,1.2063759579359912e+16,2652.6914422465625,67.7300033569336,69.04000091552734,67.38999938964844,67.75,13057.0,97.1500015258789,97.61000061035156,97.0,97.5500030517578,0.0
2025-06-27,1.7293266500042884e+16,1332.368589453248,67.7699966430664,68.41000366210938,67.20999908447266,67.95999908447266,8218.0,97.4000015258789,97.5,97.0,97.33000183105467,0.0
2025-06-30,1.5285966253130388e+16,1652.221139803152,67.61000061035156,68.12000274658203,67.11000061035156,67.16999816894531,32957.0,96.87999725341795,97.31999969482422,96.7699966430664,97.19000244140624,0.0
2025-07-01,1.2527773013449676e+16,1628.154313496237,67.11000061035156,67.4800033569336,66.33999633789062,66.58999633789062,29256.0,96.81999969482422,96.9499969482422,96.37999725341795,96.77999877929688,0.0
2025-07-02,1.5476359895541296e+16,1025.1942353506988,69.11000061035156,69.19999694824219,66.94000244140625,67.20999908447266,50268.0,96.77999877929688,97.1500015258789,96.62000274658205,96.63999938964844,0.0
2025-07-03,84928106251876.0,1986.9255839273033,68.80000305175781,69.12999725341797,68.30999755859375,69.0199966430664,0.0,97.18000030517578,97.41999816894533,96.69000244140624,96.75,0.0
2025-07-04,816930879307626.0,1252.8626433568973,68.29000091552734,68.91000366210938,67.75,68.80999755859375,0.0,97.18000030517578,97.41999816894533,96.69000244140624,96.75,0.0
2025-07-07,88469815885746.0,1997.7718664857,69.58000183105469,69.93000030517578,67.36000061035156,67.61000061035156,59456.0,97.4800033569336,97.66999816894533,96.88999938964844,96.95999908447266,0.0
2025-07-08,1.9373816003327376e+16,2431.246072702556,70.1500015258789,70.66000366210938,69.05000305175781,69.54000091552734,34109.0,97.51000213623048,97.83999633789062,97.18000030517578,97.36000061035156,0.0
2025-07-09,1.9033535882252656e+16,1447.2803776074338,70.19000244140625,70.69999694824219,69.61000061035156,69.9000015258789,42186.0,97.47000122070312,97.75,97.45999908447266,97.5500030517578,0.0
2025-07-10,8657901825791872.0,1774.4116762285378,68.63999938964844,70.48999786376953,68.52999877929688,70.19000244140625,52295.0,97.6500015258789,97.91999816894533,97.2699966430664,97.44000244140624,0.0
2025-07-11,1.0039374335000464e+16,2255.726249416171,70.36000061035156,70.69000244140625,68.55999755859375,68.98999786376953,40262.0,97.8499984741211,97.95999908447266,97.55999755859376,97.56999969482422,0.0
2025-07-14,8347649432663982.0,1991.4293675975264,69.20999908447266,71.51000213623047,69.0199966430664,70.52999877929688,62179.0,98.08000183105467,98.13999938964844,97.7699966430664,97.95999908447266,0.0
2025-07-15,1.8658357399384904e+16,1954.225249936689,68.70999908447266,69.4000015258789,68.55999755859375,69.0999984741211,51233.0,98.62000274658205,98.6999969482422,97.93000030517578,98.13999938964844,0.0
2025-07-16,1028859574368229.0,2070.581448837348,68.5199966430664,69.06999969482422,67.70999908447266,68.9000015258789,55511.0,98.38999938964844,98.91000366210938,97.70999908447266,98.58000183105467,0.0
2025-07-17,1.2566477621036272e+16,1244.529864627164,69.5199966430664,69.62000274658203,68.29000091552734,68.69000244140625,50817.0,98.7300033569336,98.9499969482422,98.33999633789062,98.3499984741211,0.0
2025-07-18,1.3693688980892746e+16,2204.8210841523614,69.27999877929688,70.77999877929688,69.13999938964844,69.55999755859375,52366.0,98.4800033569336,98.58000183105467,98.0999984741211,98.48999786376952,0.0
2025-07-21,602240672415725.0,2750.1190392333247,69.20999908447266,69.62000274658203,68.41999816894531,69.22000122070312,41204.0,97.8499984741211,98.51000213623048,97.6999969482422,98.36000061035156,0.0
2025-07-22,9251542688034604.0,1185.4687328448056,68.58999633789062,69.0999984741211,68.11000061035156,69.02999877929688,50140.0,97.38999938964844,97.98999786376952,97.30999755859376,97.87000274658205,0.0
2025-07-23,7490767290398207.0,1916.092327564175,68.51000213623047,69.08000183105469,68.0,68.72000122070312,37734.0,97.20999908447266,97.61000061035156,97.19000244140624,97.47000122070312,0.0
2025-07-24,1.4496540196026222e+16,2080.3147547213503,69.18000030517578,69.52999877929688,68.5,68.72000122070312,39597.0,97.37999725341795,97.5500030517578,97.11000061035156,97.18000030517578,0.0
2025-07-25,1.6572870507956628e+16,2819.210184950625,68.44000244140625,69.88999938964844,68.30000305175781,69.26000213623047,27384.0,97.6500015258789,97.91000366210938,97.43000030517578,97.4499969482422,0.0
2025-07-28,1.1630765826985862e+16,2770.2165601764623,70.04000091552734,70.44999694824219,68.38999938964844,68.47000122070312,31485.0,98.66000366210938,98.69000244140624,97.48999786376952,97.58000183105467,0.0
2025-07-29,1.1691528379638464e+16,1664.2566257506824,72.51000213623047,73.06999969482422,69.88999938964844,70.38999938964844,24345.0,98.91000366210938,99.13999938964844,98.58000183105467,98.63999938964844,0.0
2025-07-30,1.0036803179995762e+16,1855.5442230151152,73.23999786376953,73.62999725341797,71.75,72.68000030517578,15242.0,99.94000244140624,99.9800033569336,98.6999969482422,98.91999816894533,0.0
2025-07-31,1.6718978450710026e+16,1959.6467295041712,72.52999877929688,73.48999786376953,72.41999816894531,73.4000015258789,56020.0,100.02999877929688,100.0999984741211,99.5199966430664,99.8000030517578,0.0
2025-08-01,1.3442535188042114e+16,2044.5681727262704,69.66999816894531,71.98999786376953,69.41000366210938,71.7699966430664,68855.0,98.69000244140624,100.26000213623048,98.61000061035156,100.01000213623048,0.0
2025-08-04,1.3037023778908312e+16,2623.2349168348373,68.76000213623047,69.9800033569336,67.98999786376953,69.0,41788.0,98.77999877929688,98.9800033569336,98.58999633789062,98.6500015258789,0.0
2025-08-05,1287077899889492.0,1671.371181572611,67.63999938964844,68.8499984741211,67.52999877929688,68.75,47388.0,98.77999877929688,99.06999969482422,98.58999633789062,98.62000274658205,0.0
2025-08-06,9961842558280696.0,2630.6516202553585,66.88999938964844,69.19000244140625,66.22000122070312,67.76000213623047,62159.0,98.18000030517578,98.83999633789062,98.12999725341795,98.75,0.0
2025-08-07,1043040108534064.0,1330.2084070248222,66.43000030517578,67.63999938964844,66.2699966430664,66.87999725341797,44063.0,98.4000015258789,98.47000122070312,97.9499969482422,98.19000244140624,0.0
2025-08-08,1.4740171561312234e+16,1227.914398233077,66.58999633789062,67.19000244140625,65.5,66.37999725341797,52157.0,98.18000030517578,98.3499984741211,97.95999908447266,97.9800033569336,0.0
2025-08-11,1.2759841637142552e+16,1004.8770284226388,66.62999725341797,67.11000061035156,65.83000183105469,66.2300033569336,31132.0,98.5199966430664,99.31999969482422,98.02999877929688,98.23999786376952,0.0
2025-08-12,1.3585295084432844e+16,2052.32127946473,66.12000274658203,67.04000091552734,65.97000122070312,66.72000122070312,33110.0,98.0999984741211,98.62000274658205,97.9000015258789,98.51000213623048,0.0
2025-08-13,1.4091286567874618e+16,2377.4695890929224,65.62999725341797,66.33000183105469,65.0,66.05000305175781,40497.0,97.83999633789062,98.12999725341795,97.62999725341795,98.04000091552734,0.0
2025-08-14,1.1942741189488076e+16,1490.1145581333008,66.83999633789062,66.9800033569336,65.56999969482422,65.7699966430664,34810.0,98.25,98.31999969482422,97.62999725341795,97.75,0.0
2025-08-15,1.5708673969145576e+16,2918.015361069118,65.8499984741211,67.08000183105469,65.7300033569336,66.80000305175781,35864.0,97.8499984741211,98.20999908447266,97.7300033569336,98.18000030517578,0.0
2025-08-18,1.7591979137379352e+16,2254.8769013268634,66.5999984741211,66.80999755859375,65.30999755859375,65.94999694824219,35004.0,98.16999816894533,98.19000244140624,97.77999877929688,97.79000091552734,0.0
2025-08-19,1.9004920213789972e+16,1253.5397639523003,65.79000091552734,66.58000183105469,65.5999984741211,66.55999755859375,32562.0,98.2699966430664,98.31999969482422,97.94000244140624,98.1500015258789,0.0
2025-08-20,1.3250657061057144e+16,2671.181993673152,66.83999633789062,67.05000305175781,65.81999969482422,65.93000030517578,39505.0,98.22000122070312,98.44000244140624,98.08000183105467,98.29000091552734,0.0
2025-08-21,1868439256001872.0,2332.8341562221995,67.66999816894531,67.77999877929688,66.73999786376953,66.94999694824219,29950.0,98.62000274658205,98.68000030517578,98.18000030517578,98.25,0.0
2025-08-22,6283463503624516.0,2405.362537043762,67.7300033569336,68.0199966430664,67.41999816894531,67.62000274658203,27481.0,97.72000122070312,98.83000183105467,97.55999755859376,98.5999984741211,0.0
2025-08-25,7072420763513146.0,2791.7635634595717,68.80000305175781,69.05999755859375,67.58000183105469,67.83999633789062,19094.0,98.43000030517578,98.54000091552734,97.70999908447266,97.7300033569336,0.0
2025-08-26,1.1175577913983966e+16,2868.9319029853077,67.22000122070312,68.7300033569336,67.11000061035156,68.7300033569336,21046.0,98.2300033569336,98.55999755859376,98.08999633789062,98.47000122070312,0.0
2025-08-27,1.7258661948381878e+16,1440.7663129278724,68.05000305175781,68.0999984741211,66.91999816894531,67.23999786376953,16597.0,98.2300033569336,98.7300033569336,98.16000366210938,98.25,0.0
2025-08-28,7704417623880057.0,2540.039293215384,68.62000274658203,68.66000366210938,67.4000015258789,67.70999908447266,8829.0,97.80999755859376,98.2300033569336,97.73999786376952,98.12000274658205,0.0
2025-08-29,7158656180549477.0,1398.750902050691,68.12000274658203,68.36000061035156,68.02999877929688,68.26000213623047,0.0,97.7699966430664,98.12999725341795,97.69000244140624,97.87000274658205,0.0
2025-09-01,8717270426293122.0,1405.363176584763,68.12000274658203,68.36000061035156,68.02999877929688,68.26000213623047,0.0,97.7699966430664,98.12999725341795,97.69000244140624,97.87000274658205,0.0
2025-09-02,7333606232049037.0,1893.6277933067693,69.13999938964844,69.51000213623047,67.08999633789062,67.43000030517578,55307.0,98.4000015258789,98.5999984741211,97.62000274658205,97.6500015258789,0.0
2025-09-03,1625314260379765.0,2538.966533616014,67.5999984741211,69.2300033569336,67.37999725341797,69.05999755859375,45108.0,98.13999938964844,98.63999938964844,98.01000213623048,98.4000015258789,0.0
2025-09-04,1595871356052452.0,2735.0777497282124,66.98999786376953,67.48999786376953,66.31999969482422,67.44000244140625,42152.0,98.3499984741211,98.44000244140624,98.08000183105467,98.1500015258789,0.0
2025-09-05,1.3191976399937724e+16,2791.9540565854704,65.5,67.05000305175781,65.08000183105469,66.83999633789062,38287.0,97.7699966430664,98.26000213623048,97.43000030517578,98.23999786376952,0.0
2025-09-08,1.1464494595106942e+16,2601.504683838372,66.0199966430664,67.02999877929688,65.5199966430664,65.80999755859375,29078.0,97.4499969482422,97.94000244140624,97.41999816894533,97.79000091552734,0.0
2025-09-09,1.8996146176867724e+16,2538.5632752631054,66.38999938964844,67.38999938964844,66.13999938964844,66.16999816894531,38860.0,97.79000091552734,97.81999969482422,97.25,97.37999725341795,0.0
2025-09-10,5544843461568333.0,2853.228091046487,67.48999786376953,67.7699966430664,66.44000244140625,66.44000244140625,38789.0,97.77999877929688,97.93000030517578,97.5999984741211,97.83000183105467,0.0
2025-09-11,5906452204090903.0,1708.3089557826852,66.37000274658203,67.61000061035156,66.16000366210938,67.58000183105469,34565.0,97.54000091552734,98.08999633789062,97.47000122070312,97.79000091552734,0.0
2025-09-12,1991392320659639.0,1652.1103700257122,66.98999786376953,68.1500015258789,65.72000122070312,66.30999755859375,50762.0,97.5500030517578,97.86000061035156,97.48999786376952,97.5199966430664,0.0
2025-09-15,1.7262374264103388e+16,1531.5483567731285,67.44000244140625,67.83999633789062,66.79000091552734,67.22000122070312,26320.0,97.3000030517578,97.6999969482422,97.2699966430664,97.62999725341795,0.0
2025-09-16,5547497344413206.0,1225.1143187382972,68.47000122070312,68.69000244140625,67.0,67.48999786376953,34128.0,96.62999725341795,97.38999938964844,96.55999755859376,97.33999633789062,0.0
2025-09-17,6806329239374816.0,2537.1472175709187,67.94999694824219,68.58999633789062,67.62000274658203,68.41000366210938,30515.0,96.87000274658205,97.06999969482422,96.22000122070312,96.62000274658205,0.0
2025-09-18,7461400160273654.0,1860.531053236647,67.44000244140625,68.41000366210938,67.19000244140625,67.88999938964844,29610.0,97.3499984741211,97.5999984741211,96.83999633789062,96.93000030517578,0.0
2025-09-19,1.2808488188991588e+16,1593.0411822118626,66.68000030517578,67.55999755859375,66.43000030517578,67.45999908447266,24400.0,97.63999938964844,97.80999755859376,97.2699966430664,97.33999633789062,0.0
2025-09-22,1.8997497730898776e+16,2763.880180837577,66.56999969482422,67.30000305175781,65.94000244140625,66.66999816894531,23634.0,97.33000183105467,97.81999969482422,97.30999755859376,97.6500015258789,0.0
2025-09-23,7638916132519264.0,2698.5825484606044,67.62999725341797,68.08000183105469,66.12000274658203,66.58999633789062,27893.0,97.26000213623048,97.45999908447266,97.1999969482422,97.31999969482422,0.0
2025-09-24,9963234215758804.0,2530.672397870168,69.30999755859375,69.36000061035156,67.5199966430664,67.86000061035156,28459.0,97.87000274658205,97.91999816894533,97.22000122070312,97.23999786376952,0.0
2025-09-25,7754967963554092.0,2528.040209222037,69.41999816894531,69.66999816894531,68.44000244140625,69.08999633789062,21388.0,98.5500030517578,98.61000061035156,97.73999786376952,97.81999969482422,0.0
2025-09-26,1.5519680881527296e+16,2920.3038478025564,70.12999725341797,70.7699966430664,69.11000061035156,69.69999694824219,11917.0,98.1500015258789,98.52999877929688,98.12999725341795,98.5,0.0
2025-09-29,1.9379497589510476e+16,1012.704535129235,67.97000122070312,69.93000030517578,67.55000305175781,69.47000122070312,8229.0,97.91000366210938,98.18000030517578,97.7699966430664,98.16999816894533,0.0
2025-09-30,7882366168048003.0,1440.387502515489,67.0199966430664,67.58999633789062,66.91000366210938,67.58999633789062,46335.0,97.7699966430664,98.0500030517578,97.62999725341795,97.91000366210938,0.0
2025-10-01,1.3547910923103692e+16,2295.888923470335,65.3499984741211,66.56999969482422,65.04000091552734,66.08999633789062,44601.0,97.70999908447266,97.87999725341795,97.45999908447266,97.81999969482422,0.0
2025-10-02,1262183717333518.0,1564.0547906043955,64.11000061035156,66.12000274658203,64.0,65.4000015258789,52074.0,97.8499984741211,98.12999725341795,97.5199966430664,97.6999969482422,0.0
2025-10-03,1289185491997416.0,2047.6816899768264,64.52999877929688,65.0,64.20999908447266,64.30000305175781,38970.0,97.72000122070312,97.9499969482422,97.5999984741211,97.8499984741211,0.0
2025-10-06,9487176731040834.0,1984.490396805956,65.47000122070312,65.7699966430664,64.76000213623047,64.81999969482422,38055.0,98.11000061035156,98.5,97.95999908447266,97.95999908447266,0.0
2025-10-07,7594342087544688.0,1054.5149379728814,65.44999694824219,65.83000183105469,64.5199966430664,65.54000091552734,36191.0,98.58000183105467,98.66000366210938,98.08999633789062,98.08999633789062,0.0
2025-10-08,6359067198582053.0,2317.117720435636,66.25,66.52999877929688,65.77999877929688,65.80999755859375,38630.0,98.8499984741211,99.05999755859376,98.58999633789062,98.61000061035156,0.0
2025-10-09,6245308865688886.0,1496.6124752696228,65.22000122070312,66.55999755859375,64.95999908447266,66.08999633789062,40845.0,99.54000091552734,99.55999755859376,98.6999969482422,98.83999633789062,0.0
2025-10-10,1.6851356001919968e+16,1759.5450415723178,62.72999954223633,65.3499984741211,62.130001068115234,65.16999816894531,54929.0,98.9800033569336,99.43000030517578,98.80999755859376,99.38999938964844,0.0
2025-10-13,1.2352026385726424e+16,2658.2582471682636,63.31999969482422,63.95000076293945,62.66999816894531,62.66999816894531,35368.0,99.2699966430664,99.3499984741211,98.83000183105467,98.94000244140624,0.0
2025-10-14,1.3047253550388788e+16,1200.5806880383338,62.38999938964844,63.619998931884766,61.5,63.439998626708984,44016.0,99.0500030517578,99.4800033569336,98.98999786376952,99.3000030517578,0.0
2025-10-15,9230294034424304.0,1581.551518134822,61.90999984741211,63.02000045776367,61.790000915527344,62.279998779296875,40209.0,98.79000091552734,99.08000183105467,98.66000366210938,99.0500030517578,0.0
2025-10-16,1.9648611901070536e+16,1825.0635679550471,61.060001373291016,62.75,60.84000015258789,62.439998626708984,46229.0,98.38999938964844,98.6999969482422,98.3000030517578,98.66999816894533,0.0
2025-10-17,1.0082688160881104e+16,2345.3330885878568,61.290000915527344,61.45000076293945,60.150001525878906,61.11000061035156,50372.0,98.43000030517578,98.5500030517578,98.02999877929688,98.26000213623048,0.0
2025-10-20,1044570976017566.0,1504.629636789825,61.0099983215332,61.54999923706055,60.06999969482422,61.43000030517578,33883.0,98.58999633789062,98.66999816894533,98.38999938964844,98.66999816894533,0.0
2025-10-21,1.5821864373304796e+16,2793.103640241525,61.31999969482422,62.09000015258789,60.34000015258789,60.90999984741211,45150.0,98.93000030517578,98.9800033569336,98.51000213623048,98.61000061035156,0.0
2025-10-22,1.9622434258873716e+16,2426.18206511229,62.59000015258789,63.91999816894531,61.400001525878906,61.619998931884766,46114.0,98.9000015258789,99.13999938964844,98.79000091552734,98.97000122070312,0.0
2025-10-23,1.0030710209944444e+16,2662.1680452140126,65.98999786376953,66.33999633789062,63.849998474121094,64.25,87705.0,98.94000244140624,99.13999938964844,98.91000366210938,98.91999816894533,0.0
2025-10-24,1.2698733305348626e+16,1912.815995559756,65.94000244140625,66.7699966430664,65.44000244140625,65.87000274658203,38354.0,98.9499969482422,99.0999984741211,98.7300033569336,98.94000244140624,0.0
2025-10-27,8298191549098595.0,2409.4604575038384,65.62000274658203,66.5999984741211,65.08000183105469,66.26000213623047,32237.0,98.77999877929688,99.0,98.7300033569336,98.83999633789062,0.0
2025-10-28,1.3015633267165836e+16,2475.0259570898065,64.4000015258789,65.79000091552734,64.0,65.79000091552734,33807.0,98.69000244140624,98.9499969482422,98.56999969482422,98.75,0.0
2025-10-29,1.7467342362589764e+16,2991.3543290982125,64.91999816894531,65.37999725341797,63.93000030517578,64.48999786376953,16478.0,99.22000122070312,99.36000061035156,98.62000274658205,98.73999786376952,0.0
2025-10-30,1.9444228199068816e+16,1230.703092775242,65.0,65.16000366210938,64.05999755859375,64.8499984741211,10024.0,99.52999877929688,99.72000122070312,98.91999816894533,99.13999938964844,0.0
2025-10-31,9250510857251284.0,2530.9235550280023,65.06999969482422,65.5,64.5199966430664,64.75,44972.0,99.8000030517578,99.83999633789062,99.41999816894533,99.48999786376952,0.0
2025-11-03,6006376512548771.0,2751.2758320808953,64.88999938964844,65.30999755859375,64.33000183105469,65.06999969482422,0.0,99.87000274658205,99.98999786376952,99.70999908447266,99.75,0.0
2025-11-04,1.4873268666000092e+16,2575.370403965439,64.44000244140625,64.83999633789062,63.83000183105469,64.81999969482422,36655.0,100.22000122070312,100.26000213623048,99.73999786376952,99.9800033569336,0.0
2025-11-05,5143734083289361.0,1611.9152152666786,63.52000045776367,64.94000244140625,63.43000030517578,64.26000213623047,42320.0,100.1999969482422,100.36000061035156,100.05999755859376,100.18000030517578,0.0
2025-11-06,1.5272144617806452e+16,2022.4589671535196,63.380001068115234,64.33000183105469,62.83000183105469,63.58000183105469,43138.0,99.7300033569336,100.11000061035156,99.66999816894533,100.11000061035156,0.0
2025-11-07,1.3387819451700752e+16,1305.3956555580144,63.630001068115234,64.37999725341797,63.2400016784668,63.63999938964844,36620.0,99.5999984741211,99.87000274658205,99.4000015258789,99.76000213623048,0.0
2025-11-10,8010581697746433.0,1274.1672782273906,64.05999755859375,64.30999755859375,63.33000183105469,63.689998626708984,30891.0,99.62000274658205,99.73999786376952,99.45999908447266,99.62999725341795,0.0
2025-11-11,6622153823222914.0,2200.321488072807,65.16000366210938,65.29000091552734,63.61000061035156,63.970001220703125,41959.0,99.45999908447266,99.73999786376952,99.29000091552734,99.66000366210938,0.0
2025-11-12,1.0538647621303114e+16,2087.2686225053094,62.709999084472656,65.20999908447266,62.560001373291016,65.20999908447266,42279.0,99.4800033569336,99.70999908447266,99.41999816894533,99.45999908447266,0.0
2025-11-13,1.7114244356710346e+16,2661.034855481703,63.0099983215332,63.439998626708984,62.34000015258789,62.66999816894531,36603.0,99.18000030517578,99.58999633789062,98.98999786376952,99.5199966430664,0.0
2025-11-14,1.5784254696410732e+16,1043.1989079647524,64.38999938964844,64.8499984741211,63.04999923706055,63.04999923706055,58912.0,99.2699966430664,99.4000015258789,98.98999786376952,99.26000213623048,0.0
2025-11-17,7662775723585792.0,1787.22418332776,64.19999694824219,64.72000122070312,63.65999984741211,64.0199966430664,33667.0,99.58999633789062,99.5999984741211,99.25,99.2699966430664,0.0
2025-11-18,1.5860817624849224e+16,2062.407788224774,64.88999938964844,65.08000183105469,63.61000061035156,64.0,36791.0,99.5500030517578,99.66000366210938,99.4000015258789,99.55999755859376,0.0
2025-11-19,1.5174205410374702e+16,2073.5973890798255,63.5099983215332,64.86000061035156,62.869998931884766,64.7300033569336,38776.0,100.2300033569336,100.23999786376952,99.48999786376952,99.58000183105467,0.0
2025-11-20,785710260609731.0,2128.2402666511,63.380001068115234,64.38999938964844,62.95000076293945,63.59000015258789,42345.0,100.16000366210938,100.36000061035156,100.02999877929688,100.16999816894533,0.0
2025-11-21,1.7702019369413476e+16,1795.320657824516,62.560001373291016,63.13999938964844,61.869998931884766,63.130001068115234,43029.0,100.18000030517578,100.4000015258789,99.98999786376952,100.16000366210938,0.0
2025-11-24,1.6790056218082564e+16,1655.5385236466905,63.369998931884766,63.529998779296875,61.93000030517578,62.560001373291016,30888.0,100.13999938964844,100.3000030517578,100.01000213623048,100.1999969482422,0.0
2025-11-25,1.0982268037224856e+16,2756.4718452103207,62.47999954223633,63.40999984741211,61.61000061035156,63.40999984741211,26580.0,99.66000366210938,100.26000213623048,99.6500015258789,100.20999908447266,0.0
2025-11-26,1.6103158043563668e+16,2045.446387744851,63.130001068115234,63.20000076293945,62.119998931884766,62.599998474121094,21288.0,99.5999984741211,99.95999908447266,99.55999755859376,99.83999633789062,0.0
2025-11-27,1.859570554706606e+16,2909.508937840635,63.130001068115234,63.20000076293945,62.119998931884766,62.599998474121094,21288.0,99.5999984741211,99.95999908447266,99.55999755859376,99.83999633789062,0.0
2025-11-28,1.6576111912478318e+16,1240.3596898057515,63.20000076293945,63.459999084472656,62.810001373291016,63.0099983215332,31795.0,99.45999908447266,99.81999969482422,99.37999725341795,99.56999969482422,0.0
2025-12-01,1.8657273738367412e+16,1217.6706551546702,63.16999816894531,63.810001373291016,62.689998626708984,62.689998626708984,31203.0,99.41000366210938,99.51000213623048,99.01000213623048,99.4800033569336,0.0
2025-12-02,1.9486312166517684e+16,2998.7521771152656,62.45000076293945,63.43000030517578,62.16999816894531,63.29999923706055,39539.0,99.36000061035156,99.56999969482422,99.31999969482422,99.4499969482422,0.0
2025-12-03,9988451285670808.0,1220.7072012895358,62.66999816894531,63.349998474121094,62.16999816894531,62.43000030517578,40622.0,98.8499984741211,99.29000091552734,98.81999969482422,99.27999877929688,0.0
2025-12-04,1.7283681023200982e+16,1089.9593029476314,63.2599983215332,63.61000061035156,62.529998779296875,62.7599983215332,32164.0,98.98999786376952,99.08000183105467,98.7699966430664,98.91999816894533,0.0
2025-12-05,1772241333782378.0,2068.605944228545,63.75,64.08000183105469,63.06999969482422,63.29999923706055,26349.0,98.98999786376952,99.12999725341795,98.80999755859376,99.04000091552734,0.0
2025-12-08,1530022737789874.0,2867.9606147118507,62.4900016784668,63.959999084472656,62.349998474121094,63.900001525878906,38815.0,99.08999633789062,99.2300033569336,98.79000091552734,98.97000122070312,0.0
2025-12-09,7024564387949696.0,1616.0186283331486,61.939998626708984,62.779998779296875,61.83000183105469,62.5,32575.0,99.22000122070312,99.30999755859376,98.9499969482422,99.0500030517578,0.0
2025-12-10,1.7674398664576192e+16,1100.3732559160603,62.209999084472656,62.72999954223633,61.349998474121094,62.13999938964844,45191.0,98.79000091552734,99.26000213623048,98.58999633789062,99.22000122070312,0.0
2025-12-11,1.912876188669695e+16,1540.7587060683811,61.279998779296875,62.619998931884766,60.75,62.619998931884766,48635.0,98.3499984741211,98.76000213623048,98.12999725341795,98.55999755859376,0.0
2025-12-12,1.5075035086261052e+16,2477.94811562522,61.119998931884766,61.849998474121094,60.810001373291016,61.599998474121094,42931.0,98.4000015258789,98.52999877929688,98.3000030517578,98.31999969482422,0.0
2025-12-15,1502567013383846.0,1972.994850266424,60.560001373291016,61.5,60.130001068115234,61.15999984741211,42976.0,98.1500015258789,98.4800033569336,98.13999938964844,98.4000015258789,0.0
2025-12-16,5.029527666104847e+16,1016.147674172244,58.91999816894531,60.40999984741211,58.720001220703125,60.33000183105469,48212.0,98.1500015258789,98.31999969482422,97.87000274658205,98.2699966430664,0.0
2025-12-17,1.1845369483913072e+16,2711.9373083718597,59.68000030517578,60.65999984741211,58.90999984741211,58.939998626708984,50078.0,98.37000274658205,98.63999938964844,98.18000030517578,98.20999908447266,0.0
2025-12-18,1.2911274640496954e+16,2710.964191255333,59.81999969482422,60.720001220703125,59.54999923706055,60.63999938964844,31064.0,98.43000030517578,98.55999755859376,98.16999816894533,98.37999725341795,0.0
2025-12-19,1.6364568279328304e+16,2900.026267336572,60.470001220703125,60.63999938964844,59.40999984741211,59.77000045776367,36104.0,98.5999984741211,98.75,98.41999816894533,98.45999908447266,0.0
2025-12-22,6664267780471625.0,2911.028627679591,62.06999969482422,62.15999984741211,60.560001373291016,60.56999969482422,35138.0,98.29000091552734,98.7300033569336,98.1999969482422,98.66999816894533,0.0
2025-12-23,1.2177644014633458e+16,1602.540509379554,62.380001068115234,62.54999923706055,61.72999954223633,61.9900016784668,26231.0,97.94000244140624,98.1999969482422,97.8499984741211,98.1999969482422,0.0
2025-12-24,1103739002783299.0,1996.7820626369116,62.2400016784668,62.720001220703125,62.02000045776367,62.43000030517578,14966.0,97.9800033569336,98.01000213623048,97.75,97.88999938964844,0.0
2025-12-25,5415977952811239.0,2516.4305541753292,62.2400016784668,62.720001220703125,62.02000045776367,62.43000030517578,14966.0,97.9800033569336,98.01000213623048,97.75,97.88999938964844,0.0
2025-12-26,1.0059165940010924e+16,2620.4636122803577,60.63999938964844,62.689998626708984,60.59000015258789,62.349998474121094,9687.0,98.0199966430664,98.12999725341795,97.86000061035156,97.91999816894533,0.0
2025-12-29,1.9150628298988644e+16,2841.4671133917427,61.939998626708984,62.150001525878906,60.95000076293945,61.040000915527344,9170.0,98.04000091552734,98.18000030517578,97.91999816894533,98.0500030517578,0.0
2025-12-30,1.3376391479851844e+16,1290.1629850114998,61.91999816894531,62.33000183105469,61.5099983215332,61.70000076293945,30567.0,98.23999786376952,98.2699966430664,97.94000244140624,98.01000213623048,0.0
2025-12-31,1516267823763121.0,2943.2751763886245,60.849998474121094,61.90999984741211,60.619998931884766,61.27000045776367,30919.0,98.27999877929688,98.5,98.18000030517578,98.25,0.0
2026-01-01,1.2932238255260218e+16,2100.0,60.849998474121094,61.90999984741211,60.619998931884766,61.27000045776367,30919.0,98.27999877929688,98.5,98.18000030517578,98.25,0.0
2026-01-02,1.954025751739852e+16,2085.88,60.75,61.36000061035156,60.0,60.91999816894531,33381.0,98.41999816894533,98.48999786376952,98.1500015258789,98.23999786376952,0.0
2026-01-05,1.5047533086047688e+16,2079.42,61.7599983215332,61.880001068115234,59.7599983215332,60.88999938964844,45681.0,98.2699966430664,98.86000061035156,98.25,98.4800033569336,0.0
2026-01-06,1.7370401078885092e+16,2110.34,60.70000076293945,62.31999969482422,60.400001525878906,61.790000915527344,48263.0,98.58000183105467,98.62999725341795,98.16000366210938,98.41000366210938,0.0
2026-01-07,1.3816002821065842e+16,2125.92,59.959999084472656,60.90999984741211,59.45000076293945,60.61000061035156,71788.0,98.68000030517578,98.75,98.5,98.58000183105467,0.0
2026-01-08,1.6594604148235936e+16,2103.86,61.9900016784668,63.0099983215332,59.95000076293945,60.349998474121094,64136.0,98.93000030517578,98.9800033569336,98.68000030517578,98.73999786376952,0.0
2026-01-09,1.5119053350159156e+16,2120.4,63.34000015258789,63.90999984741211,61.84000015258789,62.66999816894531,56568.0,99.12999725341795,99.26000213623048,98.9000015258789,98.91000366210938,0.0
2026-01-12,1789488850656754.0,2137.96,63.869998931884766,64.27999877929688,62.7599983215332,63.40999984741211,56900.0,98.86000061035156,99.25,98.66999816894533,99.16999816894533,0.0
2026-01-13,5859244046874619.0,2117.11,65.47000122070312,65.91000366210938,63.849998474121094,64.16999816894531,80180.0,99.12999725341795,99.2300033569336,98.8499984741211,98.9000015258789,0.0
2026-01-14,7848379332766004.0,2144.67,66.5199966430664,66.80999755859375,63.470001220703125,65.44000244140625,96568.0,99.12999725341795,99.25,98.93000030517578,99.19000244140624,0.0
2026-01-15,7663470772006789.0,2171.21,63.7599983215332,65.69000244140625,63.279998779296875,65.69000244140625,54944.0,99.31999969482422,99.48999786376952,99.08999633789062,99.12999725341795,0.0
2026-01-16,1658957104676952.0,2209.54,64.12999725341797,64.7699966430664,63.45000076293945,63.79999923706055,35235.0,99.38999938964844,99.4800033569336,99.16000366210938,99.37000274658205,0.0
2026-01-19,6778275099597729.0,2181.4,64.12999725341797,64.7699966430664,63.45000076293945,63.79999923706055,35235.0,99.38999938964844,99.4800033569336,99.16000366210938,99.37000274658205,0.0
2026-01-20,1.0157281778049324e+16,2177.81,64.91999816894531,65.12000274658203,63.2599983215332,63.560001373291016,78657.0,98.63999938964844,99.13999938964844,98.25,99.13999938964844,0.0
2026-01-21,1.4793354922672856e+16,2153.89,65.23999786376953,65.41000366210938,63.630001068115234,64.01000213623047,52906.0,98.76000213623048,98.87000274658205,98.37999725341795,98.61000061035156,0.0
2026-01-22,1.5116736446050052e+16,2169.97,64.05999755859375,65.37000274658203,63.560001373291016,65.13999938964844,49453.0,98.36000061035156,98.83000183105467,98.27999877929688,98.79000091552734,0.0
2026-01-23,1.1395937713854836e+16,2200.94,65.87999725341797,66.20999908447266,64.23999786376953,64.27999877929688,34015.0,97.5999984741211,98.4800033569336,97.43000030517578,98.33000183105467,0.0
2026-01-26,1542169492764027.0,2219.32,65.58999633789062,66.51000213623047,65.27999877929688,66.06999969482422,25795.0,97.04000091552734,97.33000183105467,96.80999755859376,97.02999877929688,0.0
2026-01-27,6683011616466515.0,2216.24,67.56999969482422,67.77999877929688,65.0,65.7300033569336,34327.0,96.22000122070312,97.29000091552734,95.5500030517578,97.0500030517578,0.0
2026-01-28,5631763010326733.0,2208.07,68.4000015258789,68.69999694824219,67.12999725341797,67.7699966430664,23555.0,96.4499969482422,96.79000091552734,95.86000061035156,95.97000122070312,0.0
2026-01-29,1303303462706569.0,2186.97,70.70999908447266,71.87999725341797,68.61000061035156,68.66999816894531,26980.0,96.27999877929688,96.66000366210938,96.0199966430664,96.16000366210938,0.0
2026-01-30,7289242968621703.0,2200.74,70.69000244140625,70.91999816894531,69.11000061035156,70.16000366210938,85305.0,96.98999786376952,97.1500015258789,96.31999969482422,96.31999969482422,0.0
2026-02-02,1.8993584807008924e+16,2171.63,66.30000305175781,68.80999755859375,65.45999908447266,68.72000122070312,80104.0,97.61000061035156,97.7300033569336,97.01000213623048,97.19000244140624,0.0
2026-02-03,1.0376548696147302e+16,2187.91,67.33000183105469,68.2699966430664,65.19000244140625,66.30000305175781,83736.0,97.44000244140624,97.69000244140624,97.3000030517578,97.5199966430664,0.0
2026-02-04,801056783648308.0,2155.53,69.45999908447266,69.75,66.98999786376953,67.94000244140625,98236.0,97.62000274658205,97.7300033569336,97.30999755859376,97.43000030517578,0.0
2026-02-05,1.629846485868202e+16,2130.05,67.55000305175781,68.94000244140625,66.91999816894531,68.83000183105469,65248.0,97.81999969482422,97.98999786376952,97.61000061035156,97.66999816894533,0.0
2026-02-06,1.1289351417415792e+16,2149.26,68.05000305175781,68.81999969482422,66.58000183105469,67.41000366210938,79538.0,97.62999725341795,97.9499969482422,97.55999755859376,97.9499969482422,0.0
2026-02-09,7108729525587738.0,2110.29,69.04000091552734,69.44000244140625,67.02999877929688,67.51000213623047,51346.0,96.81999969482422,97.76000213623048,96.79000091552734,97.6999969482422,0.0
2026-02-10,1880540051084598.0,2107.24,68.80000305175781,69.5,68.48999786376953,69.1500015258789,45779.0,96.8000030517578,97.01000213623048,96.61000061035156,97.0,0.0
2026-02-11,8338752139160413.0,2107.82,69.4000015258789,70.72000122070312,69.01000213623047,69.11000061035156,49482.0,96.83000183105467,97.2699966430664,96.48999786376952,96.91000366210938,0.0
2026-02-12,1.1572569718966412e+16,2069.64,67.5199966430664,69.83999633789062,67.08999633789062,69.63999938964844,48058.0,96.93000030517578,97.06999969482422,96.73999786376952,96.95999908447266,0.0
2026-02-13,1.4436216099787524e+16,2065.42,67.75,68.05000305175781,66.88999938964844,67.58999633789062,42167.0,96.87999725341795,97.16000366210938,96.8000030517578,96.94000244140624,0.0
2026-02-16,1078517313332519.0,2093.69,67.75,68.05000305175781,66.88999938964844,67.58999633789062,42167.0,96.87999725341795,97.16000366210938,96.8000030517578,96.94000244140624,0.0
2026-02-17,1.4740184217777828e+16,2099.25,67.41999816894531,69.02999877929688,66.83000183105469,68.05999755859375,74745.0,97.16000366210938,97.5500030517578,97.06999969482422,97.12000274658205,0.0
2026-02-18,964617396321697.0,2067.12,70.3499984741211,70.68000030517578,67.33999633789062,67.51000213623047,56115.0,97.6999969482422,97.73999786376952,97.12000274658205,97.13999938964844,0.0
2026-02-19,9766446448773744.0,2040.54,71.66000366210938,72.12999725341797,70.05000305175781,70.05000305175781,73081.0,97.93000030517578,98.06999969482422,97.56999969482422,97.7300033569336,0.0
2026-02-20,1.3084327062326154e+16,2009.81,71.76000213623047,72.31999969482422,71.08000183105469,71.73999786376953,40579.0,97.8000030517578,98.08000183105467,97.58999633789062,97.9000015258789,0.0
2026-02-23,1.1696607486112268e+16,1971.03,71.48999786376953,72.4800033569336,70.73999786376953,71.23999786376953,28933.0,97.6999969482422,97.8499984741211,97.36000061035156,97.6999969482422,0.0
2026-02-24,5820153903301992.0,1993.53,70.7699966430664,72.23999786376953,70.70999908447266,71.47000122070312,37988.0,97.87999725341795,97.98999786376952,97.6999969482422,97.6999969482422,0.0
2026-02-25,1701658161654588.0,2007.62,70.8499984741211,71.76000213623047,70.44999694824219,71.22000122070312,18491.0,97.6999969482422,98.0,97.62000274658205,97.8499984741211,0.0
2026-02-26,1.1223120757277012e+16,2005.42,70.75,72.58999633789062,69.31999969482422,71.11000061035156,17725.0,97.79000091552734,97.9800033569336,97.48999786376952,97.58999633789062,0.0
2026-02-27,1.831899564413576e+16,1991.09,72.4800033569336,72.98999786376953,70.44000244140625,70.5,79435.0,97.61000061035156,97.8499984741211,97.55999755859376,97.75,0.0
2026-03-02,1.9267940967958696e+16,1975.79,77.73999786376953,82.11000061035156,75.79000091552734,77.0,143671.0,98.37999725341795,98.75,97.7699966430664,97.87000274658205,0.0
2026-03-03,1.2925770078200878e+16,1980.74,81.4000015258789,85.05000305175781,77.37000274658203,78.05000305175781,229556.0,99.0500030517578,99.68000030517578,98.44000244140624,98.55999755859376,0.0
2026-03-04,1871516827274863.0,1949.19,81.4000015258789,84.44999694824219,80.30000305175781,81.9000015258789,152390.0,98.7699966430664,99.33000183105467,98.6999969482422,99.11000061035156,0.0
2026-03-05,8331632820512926.0,1959.26,85.41000366210938,86.27999877929688,81.5199966430664,82.43000030517578,146018.0,99.31999969482422,99.41000366210938,98.66999816894533,98.7699966430664,0.0
2026-03-06,6850660871625967.0,1982.46,92.69000244140624,94.5500030517578,83.16999816894531,84.83999633789062,197523.0,98.98999786376952,99.44000244140624,98.83999633789062,99.01000213623048,0.0
2026-03-09,1.7365983770323044e+16,2011.15,98.95999908447266,119.4000015258789,83.87999725341797,98.36000061035156,235965.0,99.18000030517578,99.6999969482422,98.72000122070312,98.86000061035156,0.0
2026-03-10,5632300361660989.0,2029.56,87.80000305175781,95.08000183105467,81.16000366210938,92.4499969482422,144614.0,98.83000183105467,98.9499969482422,98.48999786376952,98.8000030517578,0.0
2026-03-11,1.1372967904770068e+16,2004.94,91.9800033569336,93.25,86.31999969482422,91.3000030517578,101940.0,99.2300033569336,99.3000030517578,98.6999969482422,98.94000244140624,0.0
2026-03-12,8264301143155511.0,2026.49,100.45999908447266,101.8000030517578,93.6999969482422,93.73999786376952,92219.0,99.73999786376952,99.76000213623048,99.25,99.4499969482422,0.0
2026-03-13,1.7106700531356336e+16,2040.43,103.13999938964844,103.9000015258789,97.5500030517578,101.66000366210938,71698.0,100.36000061035156,100.54000091552734,99.58999633789062,99.69000244140624,0.0
2026-03-16,6453082139251488.0,2069.66,100.20999908447266,106.51000213623048,99.55999755859376,105.51000213623048,77839.0,99.70999908447266,100.4800033569336,99.66000366210938,100.43000030517578,0.0
2026-03-17,1.3098110403252622e+16,2078.88,103.41999816894533,104.9800033569336,100.76000213623048,101.37000274658205,65199.0,99.58000183105467,100.12000274658205,99.5,99.86000061035156,0.0
2026-03-18,1287191361352013.0,2098.21,107.37999725341795,111.86000061035156,100.33999633789062,103.4499969482422,73104.0,100.08999633789062,100.30999755859376,99.47000122070312,99.5500030517578,0.0
2026-03-19,8433305332681962.0,2136.77,108.6500015258789,119.12000274658205,103.75,109.66000366210938,87485.0,99.2300033569336,100.30999755859376,98.9800033569336,100.2300033569336,0.0
2026-03-20,542510812175629.0,2171.89,112.19000244140624,113.11000061035156,105.0999984741211,107.66999816894533,57217.0,99.6500015258789,99.79000091552734,99.25,99.29000091552734,0.0
2026-03-23,1334783795940812.0,2155.85,99.94000244140624,115.0999984741211,96.25,114.9000015258789,113332.0,98.9499969482422,100.1500015258789,98.87999725341795,99.68000030517578,0.0
2026-03-24,7365414503075338.0,2133.41,104.48999786376952,105.04000091552734,98.08999633789062,100.5,68614.0,99.43000030517578,99.62000274658205,99.05999755859376,99.13999938964844,0.0
2026-03-25,1763230038989006.0,2125.2,102.22000122070312,103.4000015258789,97.1500015258789,99.98999786376952,53714.0,99.5999984741211,99.66999816894533,99.06999969482422,99.1999969482422,0.0
2026-03-26,1.2624915030890602e+16,2106.53,108.01000213623048,109.05999755859376,102.77999877929688,103.08000183105467,28970.0,99.9000015258789,100.01000213623048,99.55999755859376,99.62999725341795,0.0
2026-03-27,6810208548572913.0,2126.22,112.56999969482422,114.80999755859376,105.25,106.22000122070312,18402.0,100.1500015258789,100.20999908447266,99.8000030517578,99.87000274658205,0.0
2026-03-30,5540991663235076.0,2115.77,112.77999877929688,116.87000274658205,111.5,116.13999938964844,15053.0,100.51000213623048,100.61000061035156,100.0500030517578,100.22000122070312,0.0
2026-03-31,1.8573419402795092e+16,2112.05,118.3499984741211,119.2699966430664,111.0,114.7300033569336,69949.0,99.95999908447266,100.63999938964844,99.80999755859376,100.58999633789062,0.0
2026-04-01,1.1962710654233952e+16,2095.16,101.16000366210938,105.9000015258789,98.45999908447266,103.9000015258789,61629.0,99.6500015258789,99.87999725341795,99.3000030517578,99.79000091552734,0.0
2026-04-02,1.8920501457816468e+16,2097.91,109.02999877929688,109.70999908447266,99.0199966430664,100.3000030517578,0.0,100.02999877929688,100.26000213623048,99.4499969482422,99.54000091552734,0.0
2026-04-03,1487153784781356.0,2067.53,109.02999877929688,109.70999908447266,99.0199966430664,100.3000030517578,0.0,100.02999877929688,100.26000213623048,99.4499969482422,99.54000091552734,0.0
2026-04-06,1.0299341252388004e+16,2058.64,109.7699966430664,111.87000274658205,106.8499984741211,109.1999969482422,27863.0,99.9800033569336,100.29000091552734,99.76000213623048,100.18000030517578,0.0
2026-04-07,1.6028222436846608e+16,2042.48,109.2699966430664,111.8000030517578,104.56999969482422,109.58999633789062,65194.0,99.63999938964844,100.16000366210938,99.5999984741211,100.01000213623048,0.0
2026-04-08,8345657597440444.0,2072.13,94.75,104.0,90.01000213623047,103.4000015258789,82140.0,99.12999725341795,99.18000030517578,98.52999877929688,98.9499969482422,0.0
2026-04-09,1.3306181460893784e+16,2068.35,95.91999816894533,99.5199966430664,94.33999633789062,96.52999877929688,54501.0,98.81999969482422,99.16000366210938,98.62999725341795,99.05999755859376,0.0
2026-04-10,5965693071211929.0,2062.35,95.1999969482422,98.25,94.23999786376952,96.37999725341795,35012.0,98.6500015258789,99.01000213623048,98.54000091552734,98.87000274658205,0.0
2026-04-13,6158462207442155.0,2048.43,99.36000061035156,103.86000061035156,97.63999938964844,99.70999908447266,50559.0,98.37000274658205,99.18000030517578,98.36000061035156,99.0500030517578,0.0
2026-04-14,712812815715375.0,2048.52,94.79000091552734,99.41000366210938,94.43000030517578,98.41999816894533,40991.0,98.12000274658205,98.41000366210938,97.97000122070312,98.37000274658205,0.0
2026-04-15,9806854560204592.0,2084.45,94.93000030517578,96.88999938964844,91.0,95.5199966430664,41928.0,98.05999755859376,98.29000091552734,98.01000213623048,98.06999969482422,0.0
2026-04-16,8993927516964276.0,2066.55,99.38999938964844,99.83999633789062,94.41999816894533,94.91000366210938,36540.0,98.22000122070312,98.29000091552734,97.83000183105467,98.01000213623048,0.0
2026-04-17,1.960767232695761e+16,2039.61,90.37999725341795,98.97000122070312,86.08000183105469,98.25,85233.0,98.0999984741211,98.29000091552734,97.62999725341795,98.19000244140624,0.0
2026-04-20,8926728103599496.0,2017.54,95.4800033569336,97.80999755859376,92.7699966430664,96.20999908447266,46389.0,98.0500030517578,98.4000015258789,98.01000213623048,98.27999877929688,0.0
2026-04-21,1.8738492744170024e+16,1992.88,98.4800033569336,101.1500015258789,93.87000274658205,93.98999786376952,50039.0,98.41000366210938,98.56999969482422,98.05999755859376,98.05999755859376,0.0
2026-04-22,9821530396793672.0,1959.09,101.91000366210938,102.30999755859376,96.54000091552734,98.9000015258789,39837.0,98.58999633789062,98.63999938964844,98.20999908447266,98.4000015258789,0.0
2026-04-23,1.3899828048412936e+16,1981.08,105.06999969482422,107.36000061035156,101.27999877929688,101.58000183105467,54489.0,98.8000030517578,98.94000244140624,98.52999877929688,98.62000274658205,0.0
2026-04-24,1.6372439706077698e+16,1991.18,105.33000183105467,107.45999908447266,103.4000015258789,106.27999877929688,52646.0,98.51000213623048,98.91999816894533,98.48999786376952,98.81999969482422,0.0
2026-04-27,6396887349789514.0,1988.15,108.2300033569336,109.79000091552734,105.8499984741211,106.5,29439.0,98.4800033569336,99.33999633789062,98.20999908447266,99.33000183105467,0.0
2026-04-28,5784118450412599.0,1972.66,111.26000213623048,112.69000244140624,107.91999816894533,108.3000030517578,23451.0,98.62000274658205,98.87000274658205,98.43000030517578,98.47000122070312,0.0
2026-04-29,7796986496344406.0,1934.33,118.02999877929688,120.3000030517578,110.20999908447266,111.01000213623048,18031.0,98.91999816894533,99.0500030517578,98.56999969482422,98.61000061035156,0.0
2026-04-30,1207944272748126.0,1896.06,114.01000213623048,126.0999984741211,113.0,119.9800033569336,58572.0,98.08000183105467,99.08999633789062,98.01000213623048,98.8499984741211,0.0
2026-05-01,1.6841609211266468e+16,1874.18,108.16999816894533,112.43000030517578,106.2699966430664,111.01000213623048,40576.0,98.20999908447266,98.23999786376952,97.72000122070312,98.12999725341795,0.0
2026-05-04,1.933437911362485e+16,1873.58,114.44000244140624,115.25,105.66000366210938,107.12999725341795,67567.0,98.47000122070312,98.54000091552734,97.97000122070312,98.0500030517578,0.0
2026-05-05,7287690840885986.0,1908.84,109.87000274658205,114.4499969482422,109.5999984741211,113.81999969482422,39713.0,98.4800033569336,98.58000183105467,98.30999755859376,98.47000122070312,0.0
2026-05-06,8002642943675544.0,1911.63,101.2699966430664,110.4499969482422,96.7300033569336,110.4499969482422,61814.0,98.0199966430664,98.33999633789062,97.62999725341795,98.30999755859376,0.0
2026-05-07,1572555684914561.0,1895.1,100.05999755859376,103.41000366210938,96.06999969482422,101.52999877929688,62847.0,98.25,98.27999877929688,97.81999969482422,98.02999877929688,0.0
2026-05-08,1.977260456175595e+16,1916.44,101.29000091552734,103.95999908447266,99.54000091552734,103.55999755859376,34316.0,97.83999633789062,98.27999877929688,97.83000183105467,98.25,0.0
2026-05-11,5552025191721801.0,1916.06,104.20999908447266,106.0,102.81999969482422,104.0,35359.0,97.94000244140624,98.1500015258789,97.8499984741211,98.04000091552734,0.0
2026-05-12,1.6173659857885772e+16,1910.42,107.7699966430664,108.41999816894533,104.11000061035156,104.5,30738.0,98.29000091552734,98.45999908447266,97.9499969482422,97.95999908447266,0.0
2026-05-13,1.1563228649530242e+16,1918.64,105.62999725341795,108.30999755859376,105.30999755859376,107.73999786376952,27718.0,98.4800033569336,98.5999984741211,98.26000213623048,98.30999755859376,0.0
2026-05-14,1686845016871871.0,1931.88,105.72000122070312,107.08000183105467,103.86000061035156,105.63999938964844,27529.0,98.87999725341795,98.91000366210938,98.41999816894533,98.45999908447266,0.0
2026-05-15,1.6109678599910736e+16,1940.41,109.26000213623048,109.7300033569336,106.0500030517578,106.56999969482422,26518.0,99.2699966430664,99.31999969482422,98.91999816894533,98.93000030517578,0.0
2026-05-18,1.4125053186693258e+16,1962.73,112.0999984741211,112.69000244140624,106.87000274658205,109.61000061035156,46404.0,98.97000122070312,99.41000366210938,98.9499969482422,99.27999877929688,0.0
2026-05-19,1.948470225040693e+16,1972.03,111.27999877929688,111.79000091552734,108.9000015258789,109.5500030517578,29390.0,99.3000030517578,99.43000030517578,98.97000122070312,98.97000122070312,0.0
2026-05-20,1.7814772909383412e+16,1966.17,105.0199966430664,111.5,103.27999877929688,111.20999908447266,53332.0,99.11000061035156,99.47000122070312,98.97000122070312,99.2699966430664,0.0
2026-05-21,8128031051507924.0,1984.51,102.58000183105467,109.30999755859376,102.16000366210938,105.20999908447266,51232.0,99.19000244140624,99.5199966430664,99.05999755859376,99.12000274658205,0.0
2026-05-22,8859445226037258.0,2015.85,103.54000091552734,106.3499984741211,101.37999725341795,104.5199966430664,35039.0,99.31999969482422,99.41000366210938,99.16999816894533,99.1999969482422,0.0
2026-05-25,986086826804292.0,2004.17,103.54000091552734,106.3499984741211,101.37999725341795,104.5199966430664,35039.0,99.31999969482422,99.41000366210938,99.16999816894533,99.1999969482422,0.0
2026-05-26,1019411934530319.0,1988.19,99.58000183105467,100.75,95.93000030517578,100.5500030517578,37926.0,99.16999816894533,99.25,98.98999786376952,98.98999786376952,0.0
2026-05-27,1.4910550372452576e+16,1962.92,94.29000091552734,99.86000061035156,94.1500015258789,99.4000015258789,20553.0,99.20999908447266,99.26000213623048,98.97000122070312,99.08000183105467,0.0
2026-05-28,1216263451356871.0,1989.58,93.70999908447266,98.16000366210938,92.55999755859376,94.97000122070312,9881.0,99.0199966430664,99.54000091552734,98.9499969482422,99.2699966430664,0.0
2026-05-29,1.344433937780722e+16,1970.98,92.0500030517578,94.01000213623048,91.45999908447266,93.37000274658205,39308.0,98.91000366210938,99.19000244140624,98.75,99.0,0.0
2026-06-01,1.2088324348386356e+16,1971.79,94.9800033569336,97.8000030517578,92.37000274658205,92.41000366210938,57796.0,99.1999969482422,99.38999938964844,98.91999816894533,98.95999908447266,0.0
2026-06-02,6361152498050495.0,1968.15,96.0,96.26000213623048,92.81999969482422,95.4000015258789,40210.0,99.22000122070312,99.33000183105467,99.0500030517578,99.16999816894533,0.0
2026-06-03,1.5555414805894216e+16,1954.37,97.80999755859376,99.0,96.04000091552734,96.06999969482422,40867.0,99.52999877929688,99.5500030517578,99.19000244140624,99.29000091552734,0.0
2026-06-04,1105802742597311.0,1951.19,95.02999877929688,97.56999969482422,93.91999816894533,97.43000030517578,34844.0,99.41000366210938,99.52999877929688,99.18000030517578,99.45999908447266,0.0
2026-06-05,1.9247049820513652e+16,1981.77,93.08999633789062,95.9000015258789,92.68000030517578,95.06999969482422,36817.0,100.06999969482422,100.11000061035156,99.16000366210938,99.43000030517578,0.0
2026-06-08,1.3024268007255266e+16,1969.73,94.25,98.0500030517578,93.66999816894533,95.5,36849.0,100.0500030517578,100.20999908447266,99.81999969482422,100.1500015258789,0.0
2026-06-09,1.4446764962408764e+16,1938.68,91.4499969482422,94.5199966430664,89.58999633789062,94.33999633789062,42857.0,99.91000366210938,100.08000183105467,99.68000030517578,100.02999877929688,0.0
2026-06-10,1.6391781403292414e+16,1952.54,93.0999984741211,94.7300033569336,90.79000091552734,92.26000213623048,39760.0,99.9499969482422,100.0500030517578,99.72000122070312,100.01000213623048,0.0
2026-06-11,9444198512103882.0,1968.78,90.37999725341795,96.36000061035156,88.4000015258789,94.87999725341795,46406.0,99.86000061035156,100.30999755859376,99.58999633789062,100.12000274658205,0.0
2026-06-12,1270569975455925.0,2008.09,87.33000183105469,89.87000274658203,85.80000305175781,89.2300033569336,34732.0,99.75,99.91000366210938,99.63999938964844,99.66999816894533,0.0
2026-06-15,1.2867289062457024e+16,2026.7,83.16999816894531,85.29000091552734,82.4000015258789,85.0199966430664,28907.0,99.62999725341795,99.70999908447266,99.37999725341795,99.54000091552734,0.0
2026-06-16,1.0594649139039198e+16,1990.26,78.95999908447266,83.80000305175781,78.44999694824219,83.55000305175781,30801.0,99.54000091552734,99.79000091552734,99.45999908447266,99.63999938964844,0.0
2026-06-17,7877231696768914.0,1954.99,79.55000305175781,82.9800033569336,77.7699966430664,79.19999694824219,25919.0,100.08999633789062,100.56999969482422,99.48999786376952,99.5199966430664,0.0
2026-06-18,1.108128198123506e+16,1942.05,79.8499984741211,80.04000091552734,76.58000183105469,78.3499984741211,31186.0,100.8499984741211,100.91999816894533,100.20999908447266,100.33999633789062,0.0
2026-06-19,1.825913807921443e+16,1939.14,79.8499984741211,80.04000091552734,76.58000183105469,78.3499984741211,31186.0,100.8499984741211,100.91999816894533,100.20999908447266,100.33999633789062,0.0
2026-06-22,8404403362856765.0,1910.27,77.9000015258789,82.37999725341797,77.2699966430664,82.20999908447266,46574.0,101.0199966430664,101.08000183105467,100.76000213623048,100.83999633789062,0.0
2026-06-23,1.5818937132296778e+16,1895.06,77.08000183105469,78.33999633789062,76.44000244140625,78.05999755859375,22797.0,101.41000366210938,101.43000030517578,100.9499969482422,101.01000213623048,0.0
2026-06-24,1.7064641679835302e+16,1906.78,73.73999786376953,77.0,73.08000183105469,77.0,32834.0,101.61000061035156,101.8000030517578,101.36000061035156,101.37000274658205,0.0
2026-06-25,1011597656841392.0,1879.15,75.26000213623047,75.83999633789062,72.08000183105469,73.0999984741211,27477.0,101.43000030517578,101.75,101.30999755859376,101.5999984741211,0.0
2026-06-26,1.9891109100525696e+16,1904.13,71.98999786376953,75.12000274658203,71.4000015258789,74.94000244140625,19425.0,101.36000061035156,101.56999969482422,101.0500030517578,101.5,0.0
2026-06-29,1877548994472284.0,1892.6,73.1500015258789,73.4800033569336,71.87000274658203,73.16999816894531,8613.0,101.11000061035156,101.38999938964844,101.06999969482422,101.37000274658205,0.0
2026-06-30,823359649269608.0,1856.01,72.91999816894531,73.52999877929688,72.12000274658203,72.69999694824219,39706.0,101.19000244140624,101.43000030517578,101.0500030517578,101.12000274658205,0.0
2026-07-01,1.6288063503758722e+16,1860.75,71.56999969482422,73.5199966430664,71.04000091552734,73.37999725341797,37629.0,101.38999938964844,101.5999984741211,101.19000244140624,101.22000122070312,0.0
2026-07-02,1.6213876638608062e+16,1872.12,71.80000305175781,71.91000366210938,70.13999938964844,71.08999633789062,0.0,100.86000061035156,101.43000030517578,100.55999755859376,101.4000015258789,0.0
2026-07-03,1.9028880821321176e+16,1865.25,71.80000305175781,71.91000366210938,70.13999938964844,71.08999633789062,0.0,100.86000061035156,101.43000030517578,100.55999755859376,101.4000015258789,0.0
2026-07-06,1.9602778538352144e+16,1839.41,71.98999786376953,72.58999633789062,71.02999877929688,71.87000274658203,46238.0,100.8499984741211,101.1500015258789,100.83000183105467,100.86000061035156,0.0
2026-07-07,1.5159300577759618e+16,1822.29,74.16000366210938,76.3499984741211,72.05999755859375,72.11000061035156,58154.0,101.13999938964844,101.1500015258789,100.8000030517578,100.83999633789062,0.0
2026-07-08,9302897774954932.0,1825.78,78.0199966430664,80.56999969482422,75.44999694824219,75.98999786376953,96042.0,101.0500030517578,101.27999877929688,100.9499969482422,101.16000366210938,0.0
2026-07-09,6533959707073179.0,1840.77,76.30000305175781,79.37999725341797,75.5999984741211,79.37999725341797,47817.0,100.94000244140624,101.04000091552734,100.79000091552734,101.04000091552734,0.0
2026-07-10,1.853411202750052e+16,1826.27,76.01000213623047,77.55999755859375,75.30999755859375,75.97000122070312,39537.0,100.97000122070312,101.0,100.5999984741211,100.91000366210938,0.0
2026-07-13,7609017333430428.0,1803.52,83.30000305175781,83.86000061035156,77.27999877929688,78.05000305175781,61577.0,101.27999877929688,101.33000183105467,100.79000091552734,101.04000091552734,0.0
2026-07-14,1.5065937961447896e+16,1774.63,84.7300033569336,87.54000091552734,83.04000091552734,83.29000091552734,115669.0,100.94000244140624,101.31999969482422,100.61000061035156,101.27999877929688,0.0
2026-07-15,1250389582802961.0,1773.15,84.94999694824219,86.52999877929688,83.33999633789062,85.20999908447266,52882.0,100.5,101.02999877929688,100.3499984741211,100.91999816894533,0.0
2026-07-16,1.7620558161578236e+16,1770.3,84.2300033569336,86.26000213623047,83.83000183105469,85.22000122070312,39917.0,100.7300033569336,100.83000183105467,100.44000244140624,100.47000122070312,0.0
2026-07-17,1.6999320059043564e+16,1767.96,88.0999984741211,88.31999969482422,83.70999908447266,84.88999938964844,30997.0,100.75,100.87000274658205,100.6500015258789,100.70999908447266,0.0
2026-07-20,1.0136356637009176e+16,1785.54,89.22000122070312,91.43000030517578,86.13999938964844,89.01000213623047,50407.0,100.98999786376952,101.02999877929688,100.6500015258789,100.80999755859376,0.0
2026-07-21,1.7548801421760236e+16,1757.24,91.01000213623048,91.97000122070312,87.87999725341797,88.88999938964844,43104.0,101.18000030517578,101.20999908447266,100.86000061035156,100.9800033569336,0.0
2026-07-22,1.156525139408286e+16,1780.27,94.06999969482422,95.45999908447266,91.31999969482422,91.51000213623048,55526.0,101.13999938964844,101.1999969482422,101.0199966430664,101.19000244140624,0.0
2026-07-23,1.4909924367167148e+16,1777.37,100.69000244140624,102.01000213623048,94.87999725341795,95.23999786376952,48567.0,101.43000030517578,101.54000091552734,100.94000244140624,101.12000274658205,0.0
2026-07-24,9496589304840624.0,1755.54,96.77999877929688,101.16000366210938,95.13999938964844,100.91000366210938,33923.0,101.47000122070312,101.52999877929688,101.25,101.44000244140624,0.0
2026-07-27,6698603633475028.0,1772.32,88.36000061035156,93.88999938964844,87.44999694824219,93.88999938964844,34887.0,101.51000213623048,101.54000091552734,101.12000274658205,101.31999969482422,0.0
2026-07-28,1089784480794098.0,1756.96,84.08999633789062,88.02999877929688,82.51000213623047,87.98999786376953,32213.0,101.37999725341795,101.63999938964844,101.26000213623048,101.5199966430664,0.0
2026-07-29,1.8248082432344772e+16,1722.5,90.73999786376952,91.0500030517578,84.94999694824219,84.94999694824219,22489.0,100.8000030517578,101.5,100.76000213623048,101.41999816894533,0.0
2026-07-30,1.2321202820987282e+16,1725.54,89.02999877929688,93.13999938964844,88.8499984741211,90.48999786376952,6854.0,100.01000213623048,101.06999969482422,99.86000061035156,100.81999969482422,0.0
2026-07-31,1163246774591117.0,1729.82,90.12000274658205,90.58000183105467,87.0,89.37999725341797,46811.0,99.8000030517578,100.45999908447266,99.69000244140624,100.0199966430664,0.0
2026-08-03,1.8620840568615724e+16,1746.46,83.7699966430664,84.6500015258789,81.8499984741211,83.36000061035156,38780.0,99.95999908447266,100.0199966430664,99.41999816894533,99.69000244140624,0.0
2026-08-04,1.067201230650374e+16,1731.9,79.36000061035156,86.33000183105469,78.69000244140625,83.58000183105469,64851.0,99.88999938964844,100.05999755859376,99.83000183105467,99.97000122070312,0.0
2026-08-05,1531504476573936.0,1770.36,79.44999694824219,80.93000030517578,78.12999725341797,78.93000030517578,43282.0,99.69000244140624,99.9000015258789,99.62999725341795,99.87000274658205,0.0
2026-08-06,7573687545733313.0,1792.83,82.48999786376953,83.7699966430664,78.9800033569336,79.43000030517578,40651.0,99.97000122070312,100.0199966430664,99.63999938964844,99.66000366210938,0.0
2026-08-07,7525305838671374.0,1796.43,83.55000305175781,84.38999938964844,81.5,83.33000183105469,37626.0,99.5999984741211,100.0,99.4000015258789,99.94000244140624,0.0
2026-08-10,1.1089223374076146e+16,1789.34,87.72000122070312,87.91999816894531,83.33999633789062,83.55999755859375,30023.0,99.80999755859376,99.83000183105467,99.58000183105467,99.58999633789062,0.0
2026-08-11,5757761267100187.0,1815.65,88.91000366210938,90.02999877929688,86.7300033569336,87.97000122070312,35498.0,99.81999969482422,99.9000015258789,99.7300033569336,99.8000030517578,0.0
2026-08-12,1870438301592997.0,1788.93,88.9800033569336,90.06999969482422,88.12000274658203,89.2699966430664,35263.0,100.01000213623048,100.0199966430664,99.61000061035156,99.80999755859376,0.0
2026-08-13,1.8983942405942604e+16,1800.46,87.06999969482422,89.0199966430664,85.87000274658203,88.47000122070312,28399.0,99.95999908447266,100.08000183105467,99.8000030517578,99.95999908447266,0.0
2026-08-14,1.6833450384701028e+16,1783.15,88.5199966430664,88.79000091552734,86.44000244140625,86.87999725341797,29003.0,99.66999816894533,99.94000244140624,99.4800033569336,99.93000030517578,0.0
2026-08-17,9473684507744218.0,1800.18,90.87000274658205,91.19000244140624,88.02999877929688,88.72000122070312,33602.0,99.63999938964844,99.66999816894533,99.29000091552734,99.66000366210938,0.0
2026-08-18,1053304839176557.0,1773.79,91.0199966430664,92.01000213623048,90.62000274658205,91.31999969482422,22270.0,99.6500015258789,99.69000244140624,99.5199966430664,99.54000091552734,0.0
2026-08-19,1830858216673414.0,1776.03,91.62000274658205,92.8000030517578,90.41999816894533,91.30999755859376,28039.0,98.83000183105467,99.69000244140624,98.7699966430664,99.66999816894533,0.0
2026-08-20,1.7121044409223424e+16,1763.69,93.77999877929688,94.72000122070312,91.3499984741211,91.51000213623048,27355.0,98.9000015258789,98.93000030517578,98.55999755859376,98.83999633789062,0.0
2026-08-21,1401347322446059.0,1787.01,94.38999938964844,94.80999755859376,92.7699966430664,93.33000183105467,16522.0,98.8000030517578,98.91000366210938,98.55999755859376,98.8000030517578,0.0
2026-08-24,1.982465844001698e+16,1798.82,92.16999816894533,93.8000030517578,91.77999877929688,93.68000030517578,18474.0,99.0,99.05999755859376,98.76000213623048,98.86000061035156,0.0
2026-08-25,1954001087372706.0,1833.31,88.58000183105469,92.83999633789062,86.08999633789062,92.18000030517578,19467.0,98.91999816894533,99.12000274658205,98.86000061035156,98.98999786376952,0.0
2026-08-26,1.4358015395890028e+16,1794.98,87.83999633789062,89.4800033569336,85.4800033569336,86.94999694824219,15243.0,99.16999816894533,99.2300033569336,98.9000015258789,98.91999816894533,0.0
2026-08-27,1728106571755882.0,1763.49,89.69999694824219,90.33999633789062,86.29000091552734,87.55999755859375,9814.0,99.16000366210938,99.26000213623048,99.06999969482422,99.12000274658205,0.0
2026-08-28,1213210930859623.0,1771.59,89.30999755859375,90.16000366210938,88.9000015258789,89.51000213623047,26729.0,99.6999969482422,99.7300033569336,99.0999984741211,99.11000061035156,0.0
2026-08-31,1.0657769533205362e+16,1777.35,90.48999786376952,91.5,89.02999877929688,89.30999755859375,23556.0,99.43000030517578,99.70999908447266,99.38999938964844,99.6999969482422,0.0
2026-09-01,1905295570515311.0,1793.31,94.6500015258789,95.4499969482422,90.7300033569336,90.8499984741211,38404.0,99.66999816894533,99.72000122070312,99.3499984741211,99.41999816894533,0.0
2026-09-02,7373125515114189.0,1807.25,95.62999725341795,97.01000213623048,93.5199966430664,95.2300033569336,41717.0,99.55999755859376,99.86000061035156,99.44000244140624,99.66999816894533,0.0
2026-09-03,7373125515114189.0,1812.83,95.5199966430664,97.61000061035156,94.04000091552734,95.33000183105467,48231.0,99.0,99.61000061035156,98.83000183105467,99.5999984741211,0.0
2026-09-04,7373125515114189.0,1829.97,96.27999877929688,96.55999755859376,93.16999816894533,95.87999725341795,35106.0,99.16000366210938,99.38999938964844,98.91999816894533,99.02999877929688,0.0
2026-09-07,7373125515114189.0,1814.22,96.27999877929688,96.55999755859376,93.16999816894533,95.87999725341795,35106.0,99.16000366210938,99.38999938964844,98.91999816894533,99.02999877929688,0.0
2026-09-08,7373125515114189.0,1840.8,97.91999816894533,99.4499969482422,95.97000122070312,96.9000015258789,71135.0,98.83999633789062,99.0199966430664,98.72000122070312,98.8499984741211,0.0
2026-09-09,7373125515114189.0,1866.6,101.20999908447266,101.70999908447266,98.83000183105467,99.52999877929688,51567.0,98.7699966430664,98.9000015258789,98.5999984741211,98.80999755859376,0.0
2026-09-10,7373125515114189.0,1894.63,107.62999725341795,109.0500030517578,100.19000244140624,101.8000030517578,72538.0,99.08999633789062,99.1999969482422,98.70999908447266,98.76000213623048,0.0
2026-09-11,7373125515114189.0,1908.04,104.61000061035156,110.19000244140624,103.4800033569336,109.16000366210938,61285.0,99.12000274658205,99.37000274658205,98.97000122070312,99.0999984741211,0.0
2026-09-14,7373125515114189.0,1869.31,105.68000030517578,109.77999877929688,104.81999969482422,106.88999938964844,69743.0,99.45999908447266,99.73999786376952,99.06999969482422,99.0999984741211,0.0
2026-09-15,7373125515114189.0,1842.37,108.75,109.4499969482422,105.11000061035156,106.30999755859376,51174.0,99.6500015258789,99.69000244140624,99.4800033569336,99.4800033569336,0.0
2026-09-16,7373125515114189.0,1863.91,105.83000183105467,108.58999633789062,104.05999755859376,108.5500030517578,52162.0,100.30999755859376,100.3499984741211,99.54000091552734,99.6999969482422,0.0
2026-09-17,7373125515114189.0,1873.92,104.81999969482422,106.0,101.5500030517578,105.30999755859376,50042.0,100.22000122070312,100.37000274658205,100.0199966430664,100.2699966430664,0.0
2026-09-18,7373125515114189.0,1872.55,103.87000274658205,105.0199966430664,101.94000244140624,104.08999633789062,37226.0,100.22000122070312,100.55999755859376,100.16999816894533,100.23999786376952,0.0
2026-09-21,7373125515114189.0,1867.15,100.33999633789062,104.98999786376952,99.0,104.75,36907.0,100.43000030517578,100.4499969482422,100.18000030517578,100.25,0.0
2026-09-22,7373125515114189.0,1903.97,99.25,102.29000091552734,97.36000061035156,99.87999725341795,47365.0,100.5999984741211,100.6999969482422,100.30999755859376,100.41999816894533,0.0
2026-09-23,7373125515114189.0,1880.3,103.08000183105467,103.86000061035156,97.93000030517578,99.0500030517578,51561.0,101.0999984741211,101.2300033569336,100.54000091552734,100.55999755859376,0.0
2026-09-24,7373125515114189.0,1845.24,106.5999984741211,108.2300033569336,101.83999633789062,103.38999938964844,57116.0,101.29000091552734,101.4000015258789,101.0,101.11000061035156,0.0
2026-09-25,7373125515114189.0,1866.88,104.31999969482422,106.75,103.11000061035156,106.5199966430664,28791.0,100.97000122070312,101.30999755859376,100.87000274658205,101.2699966430664,0.0
2026-09-28,7373125515114189.0,1859.78,99.43000030517578,99.61000061035156,98.43000030517578,98.7300033569336,3276.0,101.2509994506836,101.26300048828124,101.177001953125,101.19400024414062,0.0
2026-09-29,7373125515114189.0,1895.57,99.43000030517578,99.61000061035156,98.43000030517578,98.7300033569336,3276.0,101.2509994506836,101.26300048828124,101.177001953125,101.19400024414062,0.0
